gold_id,article_id,date,media_name,media_group,event_type,title,content_preview,label,confidence,note
1,3e3387dd8683,2026-02-20,서울경제,경제지,GDP_성장률,美 4분기 GDP 속보치 1.4%…시장 예상치 큰 폭 하회,지난해 4분기 미국 경제성장률이 1.4%로 시장 예상치를 크게 밑돈 것으로 나타났다. 20일(현지시간) 미 상무부에 따르면 지난해 4분기 국내총생산(GDP) 성장률은 1.4%(전기 대비 연율 기준)를 기록했다. 시장 컨센서스(평균 전망치)인 2.8% 대비 절반 수준이다. 미국 GDP 성장세가 둔화된 것은 고금리 장기화와 소비 위축 등이 복잡 작용한 것으로 보인다. 미국 연방정부는 지난해 10월 1일부터 역대 최장인 43일 동안 셧다운(일시적 업무정지) 사태를 겪었다.,,,
2,c7c750ff1369,2016-08-25,한겨레,진보,가계부채,정부 발표 일문일답,"[한겨레] 1. 이번 가계부채 관리방안의 특징은? =가계부채 대책으로는 최초로 주택공급 관리 방안이 포함됐다. 그 동안 가계부채 대책은 부채관리를 중심으로 상환능력 제고를 위한 소득증대 및 서민?취약 계층 지원에 초점에 맞춰져 있었지만, 이번 대책은 최근 집단대출 증가의 요인이자 향후 가계부채에 부담이 될 수 있는 주택 공급과잉을 최소화하기 위해 택지공급 축소 등 주택정책 측면의 근본적 대응을 추가했다. 2. 정부는 최근 가계부채 증가의 원인을 무엇으로 보는가? =최근 가계부채 증가속도가 빠른 원인은 은행의 주택담보대출 중 집단대출의 증가세가 가파른 것, 비은행권 대출 전반의 빠른 증가에 기인한다고 본다. 개별 주담대 증가세는 가이드라인 시행 뒤 둔화된 반면, 집단대출은 분양시장 호조로 빠르게 증가했다. 올",,,
3,bdd99783c2a4,2018-08-31,연합뉴스,통신사/방송,환율_달러,'남미 빅2' 브라질·아르헨티나 금융시장 '휘청'…환율 사상최고,"아르헨, 내년 부채 상환능력에 시장 불신…브라질, 대선 불확실성이 주요인 (멕시코시티=연합뉴스) 국기헌 특파원 = 남미의 '빅 2' 경제 대국인 브라질과 아르헨티나가 금융위기로 몸살을 앓고 있다. 지구촌을 강타한 미국과 중국 간의 무역전쟁 여파 속에 양국 경제와 정치에 대한 불확실성이 고조되면서 외국인 자본 이탈이 이어지고 있다. 30일(현지시간) 아르헨티나 페소화 가치는 세계 최고 수준의 금리 인상이라는 극약 처방에도 사상 최저치로 곤두박질쳤다. 아르헨티나 중앙은행은 이날 자국의 페소화 가치가 급락세를 멈추지 않자 기준금리를 종전의 45%에서 60%로 올렸다. 이는 세계에서 가장 높은 금리다. 이날 페소화 환율은 전날보다 13.12% 오른 달러당 39.25페소로 마감해 그 가치가 다시 사상 최저치로 추락했",,,
4,15e1557f93a6,2024-08-23,SBS,통신사/방송,경기침체,"한은 ""미국 경기 침체 가능성 크지 않아""","이달 초 '블랙먼데이' 등 증시 급락을 불러온 배경이 된 미국발 경기 침체 위험에 대해 한국은행이 가능성이 크지 않다고 진단했습니다. 한은은 오늘(23일) '최근 미국 경기 흐름 평가와 대(對)미 수출 영향 점검' 보고서에서 ""미국 노동시장은 높은 긴장도(tightness)가 완화하면서 수급이 균형을 찾는 정상화 과정에 있다""며 ""따라서 경기가 단기간에 급락할 가능성은 작다""고 평가했습니다. 아울러 ""아직 해고율이 역사적으로 낮은 수준이라 노동수요가 크게 위축됐다고 보기 어렵고, 과거 침체기 진입 직전에는 성장률이 큰 폭으로 둔화했지만 최근 미국 경제는 양호한 성장 모멘텀(동인·동력)을 유지하고 있다""며 ""작년 하반기 이후 연착륙 과정에 있는 것으로 추정된다""고 덧붙였습니다. 향후 미국 경제 성장세는 고금리",,,
5,0b2e0e69bef6,2020-08-24,매일경제,경제지,물가_인상,6년 만에 재 점화된 담배소비세 물가 연동제 도입 공론화,"한국지방세학회, `담배소비세 물가 연동제 도입 검토` 세미나 개최 ""불규칙한 담배 세금 인상은 흡연율 억제 효과 못 내…지속적으로 높여야"" ""매년 제세 인상 논의하는 것 비효율적…물가 연동해 자동화 해야"" 담배 업계는 찬성과 염려 입장 엇갈려 궐련형 담배(일반 연초 담배)에 대한 '담배소비세 물가연동제' 도입 논의가 다시 수면 위로 떠오르고 있다. 담배소비세 물가연동제란 물가 상승률에 맞춰 자동적으로 담배소비세가 인상되는 제도다. 한국지방세학회는 지난 21일 명동 은행회관에서 '2020년 하계학술대회'를 개최하고, 지방세와 소비생활을 주제로 한 세미나를 진행했다. 이날 세미나 중 '담배소비세 물가 연동제 도입 검토' 세션에서 관련 발표와 논의가 진행됐다. 지난 2014년 국회 본회의에서 담배소비세 물가연동제",,,
6,2a053511f22a,2025-03-03,한국경제,경제지,반도체_수출,반도체마저 꺾였다…16개월 만에 수출 '마이너스 전환',"2월 96억弗 수출…전년比 3%↓ 中 저가공세 여파…韓수출 비상 한국 경제의 버팀목인 반도체 수출이 16개월 만에 뒷걸음질 쳤다. 전체 수출액도 올 들어 둔화하는 추세다. 도널드 트럼프 미국 대통령발(發) ‘관세 전쟁’이 확산하면 수출 동력이 빠르게 꺼질 수 있다는 우려가 나온다. 2일 산업통상자원부의 ‘2월 수출입 동향’(잠정치)에 따르면 지난달 반도체 수출액은 96억달러로 1년 전보다 3% 줄었다. 반도체 수출이 감소한 것은 2023년 10월(-3.1%) 후 16개월 만이다. 지난해 5월부터 올해 1월까지 이어진 ‘100억달러 이상 반도체 수출 기록’도 멈춰 섰다. 산업부는 “고대역폭메모리(HBM), 더블데이터레이트(DDR)5 등 고부가가치 메모리 반도체의 양호한 실적에도 범용 메모리 반도체(DDR4·낸",,,
7,c455ef4199d6,2018-03-05,서울경제,경제지,소비자물가,"中, 올해 경제성장률 '6.5%' 제시···""안정과 성장 잡겠다""","리커창, 전인대 업무보고서 밝혀···국방예산 작년대비 8.1% ↑ 철강 감산 3,000만t 목표···석탄 생산력도 1억5,000만t 감축 3일 중국 베이징 소재 인민대회당의 전국인민정치협상회의(정협, CPPCC) 개막식장에 시진핑(가운데) 국가주석이 도착하고 있다./베이징 로이터=연합뉴스 [서울경제] 중국이 5일 전국인민대표대회(전인대) 정부업무보고를 통해 올해 경제성장률 목표를 6.5% 정도로 제시했다. 이는 본격적인 중속 성장을 추구하겠다는 의미로 볼 수 있다. 시진핑(習近平) 중국 국가주석이 집권한 제18차 전국대표대회(당대회) 이후 중국 경제성장률은 2013년 7.8％, 2014년 7.3％, 2015년 6.9％, 2016년 6.7％를 기록했다. 중국은 올해 재정적자는 국내총생산(GDP)의 2.6％로 ",,,
8,8cb2673b1577,2020-08-19,SBS Biz,경제지,기준금리,오늘부터 주담대 금리 인하…코로나 대출상환 재연장될 듯,"오늘(19일)부터 주택담보대출 금리가 더 낮아질 전망입니다. 주담대 변동금리의 산정 기준이 되는 코픽스가 두 달 연속 사상 최저치를 기록했기 때문입니다. 이런 가운데 정부는 코로나19 대출 만기를 한 차례 더 연장해 줄 것을 논의하고 있는데요. 돈 빌리기 힘들어서 그렇지, 자격만 되면 저금리로 오래 쓸 수 있다는 거여서 부실 우려도 함께 커지고 있습니다. 오정인 기자, 주택담보대출 금리가 얼마나 더 내려간 겁니까? 기존보다 최대 0.1%p 정도 떨어질 것으로 보입니다. 말씀하신 대로 변동형 주택담보대출 금리는 은행들의 조달금리인 코픽스와 연동이 되는데요. 은행연합회에 따르면 지난달 신규 취급액 기준 코픽스는 연 0.81%를 기록했습니다. 올해 금리 추이를 보시면, 잔액 기준으로는 이미 열두 달째 하락세를 이",,,
9,d849e237510f,2022-06-23,SBS,통신사/방송,가계부채,가계부채 폭등 막는다…다음 달부터 3단계 DSR 규제,"[경제 365] 다음 달부터 가계 부채의 폭증을 막기 위해 총부채원리금상환비율, DSR 규제가 한층 강화됩니다. 금융위원회는 가계 부채 관리와 대출 정상화 방안 발표에 따른 후속 조치로, 이런 내용의 은행업 등에 대한 감독 규정 변경을 예고했습니다. 금융위원회는 신용 대출과 가계 부채, 가계 대출 방안의 후속 조치로 필요한 사항과 주택담보대출 규제를 합리적으로 운영하기 위해 필요한 개정 사항 등을 감독 규정에 반영했다고 밝혔습니다. 이에 따라 다음 달부터는 3단계 DSR규제가 시행되며, DSR 적용 대상은 총대출액 1억 원 초과 차주로 확대됩니다. DSR이란 소득 대비 갚아야 할 원리금 비율을 뜻하는 지표로 금융기관은 이를 통해 대출자의 상환능력을 가늠하게 됩니다. --- 주택 관련 대출자들이 소득 감소와 ",,,
10,497dda10cf70,2020-02-28,서울경제,경제지,부동산_대출,"금융위기, 패턴 알면 극복할 수 있다","■ 금융위기 템플릿(레이 달리오 지음, 한빛비즈 펴냄) 금융 위기는 왜 반복되나 예측하고 대책 마련하려면 투자자 겸 이코노미스트의 금융위기 원리분석과 대책 [서울경제] 초대형 부동산담보대출 업체의 줄도산으로 미국은 물론 국제금융 시장에 신용경색을 불러온 2008년 글로벌 금융위기. 리먼 브라더스를 위시해서 가장 신뢰받던 은행이 파산을 했던 당시 사건는 1929년 미국의 경제 대공황에 버금가는 글로벌 경제혼란을 불러왔다. 서브 프라임 모기지’ 사태로 촉발된 미국발 금융위기가 터진 지 10년이 지났다. 세계 최고의 투자가로 손꼽히는 레이 달리오가 금융위기 10주년을 맞아 금융위기를 진단하고 발생하는 원리와 위기에 대처하는 법을 담은 책을 냈다. 제목에서 알 수 있듯이 책은 반복적으로 일어날 수 있는 글로벌 금융",,,
11,260733350722,2016-09-01,SBS Biz,경제지,환율_달러,글로벌 시장 혼조세…오늘 원·달러 예상 환율 범위는?,"■ 경제 와이드 이슈& '외환시장동향' -소병화 유진투자선물 연구원 9월의 첫 날, 외환시장 동향 살펴보자. ◇ 외환시장 현재 움직임은? 이번주 고용지표 발표를 앞두고 글로벌 달러가 혼조세를 보이고 있다. 엔화는 약세 지속되는 모습이다. 엔화, 소매판매가 부진하게 나오면서 양적완화 기대감이 커지며 103 초중반대까지 상승했다. 하지만 유로화와 파운드는 고용지표 발표를 앞두고 포지션 청산 유입이 되면서 달러 강세로 마감하는 모습 보였다. ◇ 오늘장 흐름은? 이번주에 있을 고용지표가 가장 큰 관건이다. 그러한 경계감이 강화되면서 보합권 움직임이 지속되고 있는데 2월 네고 물량에 대한 부담만 줄어든다면 오후 들어 달러 강세 매수세가 강하게 유입될 것으로 보인다. 단 장중 아시아 지표 발표 여부가 있으니 이를 지켜",,,
12,814ba33e356c,2025-02-11,매일경제,경제지,GDP_성장률,"또 내려간 韓 경제성장률 … KDI ""올해 1.6%""","3개월만에 0.4%P 하향 ""내수·수출 낮은 증가세 성장 불확실성 더 커져"" 한국개발연구원(KDI)이 올해 경제성장률을 3개월 만에 1.6%로 대폭 하향 조정했다. 12·3 비상계엄 여파로 소비 회복 동력이 약화된 것은 물론 미국 도널드 트럼프 2기 정부의 리스크가 현실화되며 내수와 수출 모두 2%대 성장도 버겁다는 평가다. KDI는 성장률 추가 악화 가능성을 우려하며 기준금리 인하로 차입비용을 낮추는 부양 정책이 우선돼야 한다고 제언했다. 11일 KDI는 '경제전망 수정'을 통해 올해 국내총생산(GDP) 성장률을 1.6%로 전망했다. 지난해 11월 전망치인 2.0%보다 0.4%포인트 하향된 수치다. 정부도 지난달 1.8%를 예상했고 한국은행은 1.6~1.7%로 하향 조정했다. 글로벌 신용평가사 피치는 1.",,,
13,43ad411466b7,2020-02-10,연합뉴스,통신사/방송,경기침체,"파주시, 신종코로나로 침체한 경기 부양책 마련","(파주=연합뉴스) 노승혁 기자 = 경기 파주시는 신종 코로나바이러스(신종코로나) 감염증 확산으로 국내·외 경기침체 등이 예상됨에 따라 '파주시 경제 전담팀(TF)'을 구성하고 지역 경제 피해 줄이기에 나섰다고 10일 밝혔다. 파주시는 이날 최종환 시장 주재로 신종코로나 사태 대응 관련 지역경제 활성화 방안 대책 회의를 열고 분야별 방안을 논의하고, 경제적 피해를 막기 위해 다양한 정책을 추진하기로 했다. 우선 시는 신종코로나 상황이 끝날 때까지 기획경제국장을 단장으로 일자리경제과, 기업지원과가 포함된 '파주시 경제 TF'를 구성해 운영하기로 했다. 이와 함께 ▲ 소상공인(기업) 재정지원 및 신속 집행 대책 ▲ 일자리·창업 지원 대책 ▲ 소상공인 지원 대책 ▲ 중소기업 지원 대책 등을 추진하기로 했다. 소상공",,,
14,3d5662cf6c6e,2024-08-06,연합뉴스,통신사/방송,경기침체,침체 우려에 美 증시도 급락…다우·S&P 500 2년만에 최대 폭락(종합),"다우 2.6%↓·S&P 3.0%↓·나스닥 3.4%↓…亞·유럽 주가 급락 이어 충격 지속 월가 공포지수, 팬데믹 이후 최대…""기대 못미치는 경제지표가 조정장 촉발"" (뉴욕=연합뉴스) 이지헌 특파원 = 미국의 경기침체 우려가 커지면서 5일(현지시간) 아시아·유럽의 주요 증시가 폭락한 데 이어 뉴욕증시 주요 지수가 2년 만에 최대 폭으로 하락했다. 이날 뉴욕증시에서 다우존스30 산업평균지수는 전 거래일보다 1,033.99포인트(-2.60%) 내린 38,703.27에 마감했다. 스탠더드앤드푸어스(S&P 500) 지수는 전 거래일보다 160.23포인트(-3.00%) 내린 5,186.33에, 기술주 중심의 나스닥 지수는 전 거래일보다 576.08포인트(-3.43%) 내린 16,200.08에 각각 거래를 마쳤다. 이날 ",,,
15,cbb4e7c20138,2020-02-20,중앙일보,보수,부동산_대출,연체율 9.3%에 원금손실까지…‘불안불안’ P2P,"누적대출 230배 급성장의 그늘 1위 테라펀딩, PF서 첫 원금손실 8퍼센트, 뮤지컬 상품 -28% 기록 “몸집 키우려 무리한 투자 화 불러” 8월 P2P법, 옥석 가리는 계기될 듯 개인 간 거래(P2P, Peer to Peer) 금융업계가 오는 8월 제도권 진입을 앞두고 골머리를 앓고 있다. 대출자와 투자자를 온라인에서 직접 연결해주는 신종 금융 서비스다. 높은 연체율과 더불어 일부 상품에선 원금손실이 잇따라 발생하면서 투자자들의 불안감이 커지고 있다. 19일 P2P 업계에 따르면, 테라펀딩은 부동산 프로젝트파이낸싱(PF)상품에서 첫 원금손실을 기록했다. 경기도 고양·파주시, 충남 태안군 등의 다세대 주택, 연립주택 신축사업에 투자하는 부동산 PF 대출상품 세 건에서 평균 20%대의 원금 손실이 발생했다.",,,
16,9ec6781d577c,2022-09-04,매일경제,경제지,물가_인상,안 오르는게 없다고 하지만…가구 가격 인상에 리모델링 고민 커진다,"최근 셋째 출산을 앞둔 서모(40)씨는 부엌 리모델링 건을 두고 고민 중이다. 올 초 대비 크게 오른 비용 때문이다. 서씨는 ""지난 2월 견적을 받아봤을 때보다 20% 이상은 오른 것 같다""며 ""이사는 무리라 부엌부터 리모델링 해보려고 했던 것인데 '오늘 견적이 가장 싸다'는 말을 실감한다""고 말했다. 고물가 속 가구 및 인테리어 업체들이 잇따라 가격을 올려 소비자들 부담이 커지고 있다. 4일 관련업계에 따르면 리모델링에서 비중이 높은 창호값이 최근 1년새 30~50% 가량 뛰었다. 원자재 수입물가 상승과 물류값 및 인건비 부담까지 함께 커진 탓이다. 이에 따라 2~3년 전만해도 '평당 100만원'이었던 인테리어 단가는 확장이나 디자인 공사 추가시 평당 200만원은 훌쩍 뛰어넘게 됐다. 자재값이 뛰자 가구 ",,,
17,2c94cdad24d3,2025-08-05,동아일보,보수,가계부채,KDI “기대수명 탓에 늘어난 가계부채…고령화로 5년안팎 하락세 전환”,"올해 1분기(1~3월) 90.3%에 이르는 국내총생산(GDP) 대비 가계부채 비율이 고령화 심화로 향후 5년 안팎에서 정점을 찍은 뒤 하락세로 전환할 것이라는 국책연구기관의 분석이 나왔다. 한국개발연구원(KDI)은 5일 이 같은 내용의 ‘인구구조 변화가 가계부채에 미치는 영향’ 보고서를 발표했다. 김미루 KDI 연구위원은 “지난 20년간 가계부채 비율이 상승한 이유는 기대수명 증가에 따른 자산 축적 동기가 강해졌기 때문으로 보인다”고 설명했다. 기대수명이 늘면 고령층이 노후를 대비하려 저축 등 금융자산을 축적하고, 청장년층은 이렇게 시장에 공급된 자금을 빌려 집을 사려는 경향이 나타난다는 것이다. 김 연구위원의 분석에 따르면 기대수명이 1세 증가할 때마다 가계부채 비율은 약 4.6%포인트 증가한다. 반면 청",,,
18,89c9139100cf,2023-08-14,한국경제,경제지,경기침체,"美 CEO 연착륙 두고 엇갈린 반응…게임·부동산·광고 ""이미 침체""","요식업·소비재·은행 등 경기 전망 낙관적 내년 상반기 완만한 침체 있을 수 있어 부동산·광고 등 ""이미 침체 빠졌다"" 재고 쌓이고 신규 계약 부진 이 기사는 국내 최대 해외 투자정보 플랫폼 한경 글로벌마켓 에 게재된 기사입니다. 미국 경제가 침체 없이 인플레이션을 낮출 수 있을 것이란 '소프트랜딩(soft landing‧연착륙)' 기대감이 높아진 가운데 대기업 최고경영자(CEO)들은 엇갈린 목소리를 내고 있다는 분석이 나왔다. 13일(현지시간) 월스트리트저널(WSJ)은 미국 경제의 경착륙 전망에 대해 각 산업별로 의견이 엇갈리고 있다고 2분기 실적 발표와 컨퍼런스콜을 종합해 보도했다. 요식업과 소비재, 은행 등 관련 기업은 경기에 대해 낙관적이고 침체가 발생하더라도 경미할 것이라고 보는 반면 콘텐츠 제작사나",,,
19,5507b17c13fd,2018-09-02,서울경제,경제지,물가_인상,"‘경제 위기’ 터키, 전기·가스 가격 대폭 인상··“물가 비상”","에르도안 정부, 최대 14% 기습인상 두 자릿수 물가상승률 이어질 듯 [서울경제] 올해 들어 40%가 넘는 통화가치 하락을 겪으며 경제에 비상등이 켜진 터키가 에너지 가격을 대폭 인상했다. 터키 정부는 1일(현지시간) 산업용 전기 가격을 14% 인상한다고 관보를 통해 기습 공고했다. 가정용 전기 요금은 9% 인상됐다. 터키 국영 가스 공급기업 보타시도 이날 산업용과 가정용 천연가스 가격을 각각 14%와 9% 올렸다. 큰 폭의 에너지 가격 인상은 리라 약세의 결과다. 올해 들어 현재까지 리라화 가치는 미 달러 대비 42% 하락했다. 원자력발전소가 없고 재생에너지 비중이 낮은 터키는 에너지를 거의 전량 수입에 의존한다. 에너지 가격 인상은 물가상승을 더욱 부채질해 앞으로 생필품 가격이 줄줄이 인상될 것으로 터키",,,
20,0b182ee06376,2019-11-22,서울경제,경제지,가계부채,"이인영 ""소득분배 개선 반가운 소식, 가계부채·주택가격 관리할 것""","[서울경제] 이인영 더불어민주당 원내대표는 22일 “형편이 가장 어려운 1분위에 속한 분들의 가계소득 상승 폭이 지난 3분기 4.3%로 크게 늘었다는 것은 반가운 소식”이라며 “소득분배 개선”이라고 평가했다. 한미 방위비 분담금 협상과 관련한 의회외교 차원에서 자유한국당 나경원·바른미래당 오신환 원내대표와 함께 미국 워싱턴DC를 방문 중인 이 원내대표는 페이스북 글을 통해 “분배 개선이 일회적 사건에 그치지 않도록 정책 노력에 만전을 다하겠다”며 이렇게 밝혔다. 이 원내대표는 통계청의 올 3분기 가계동향·가계신용 통계를 언급하며 “모든 계층의 소득이 상승했고, 최상위 20%와 하위 20% 소득의 배율을 표시하는 ‘균등화 가처분소득 5분위 배율’도 계속 악화하다가 이번에 개선되기 시작했다”고 말했다. 다만 “",,,
21,2943a6cf0ffa,2019-08-29,부산일보,기타,기준금리,지난달 신규 주택담보대출 금리 2.64%...역대 최저,기준금리 인하 영향으로 지난 달 신규 주택담보대출 금리가 역대 최저로 떨어졌다. 한국은행이 29일 발표한 ‘2019년 7월 중 금융기관 가중평균금리’에 따르면 지난달 은행의 주택담보대출금리(이하 신규취급액 기준)는 한달 전보다 0.1%포인트 하락한 2.64%를 기록했다. 이는 한은이 관련 통계를 집계하기 시작한 2001년 9월 이후 가장 낮은 수치다. 지난달 은행의 가계대출 금리도 0.13%포인트 내린 3.12%로 2016년 10월 3.08% 이후 최저였다. 가계대출 가운데 집단대출 금리(2.76%)와 보증대출(3.11%) 금리는 각각 0.09%포인트씩 내렸다. 예·적금 담보대출도 0.09%포인트 떨어져 2.76%를 나타냈다. 일반 신용대출(3.96%)은 0.27%포인트나 내리며 3%대를 나타냈다. 500만,,,
22,6304deb61b72,2023-08-24,연합뉴스,통신사/방송,가계부채,"이창용 ""가계부채 증가 금융안정 저해…일단 미시정책으로 조정""","""시장 반응 부족하면 거시정책 생각해볼 수 있어"" (서울=연합뉴스) 신호경 박대한 민선희 기자 = 이창용 한국은행 총재는 24일 국내총생산(GDP) 대비 가계부채 총량이 늘어나지 않도록 하겠다고 말했다. 이 총재는 이날 금융통화위원회의 통화정책방향 회의 직후 열린 기자간담회에서 ""통화정책이 부동산 가격 자체를 타깃(목표)으로 하지는 않는다""면서도 ""가계부채 증가는 금융시장 안정을 저해하고 성장 잠재력을 약화시킬 수 있어 중앙은행의 관심(사항)""이라고 밝혔다. 이 총재는 ""최근 두 달 동안 가계부채가 예상보다 더 증가했다""면서 ""부동산 시장 연착륙을 목표로 여러 미시적 규제완화 정책을 하면서 기대하지 않은 효과 때문""이라고 진단했다. 그러면서 ""앞으로 몇 달 더 (가계부채가) 증가할 수 있지만 GDP 대비 비",,,
23,e35ca1d914e7,2024-02-22,한국경제TV,경제지,기준금리,미국 기준금리 인하 6월 시작되나,"스탠더드앤드푸어스(S&P) 글로벌 레이팅은 미 연방준비제도(Fed·연준)가 오는 6월 기준금리 인하를 개시할 것으로 예상했다. S&P는 21일(현지시간) 낸 미국 경제전망 보고서에서 미국의 통화정책 전망에 대해 연준이 오는 6월 기준금리를 현 5.25∼5.50%에서 0.25%포인트 인하한 뒤 연내 총 0.75%포인트를 인하할 것으로 봤다. S&P는 첫 기준금리 인하 후 3분기 중 0.25%포인트, 4분기 중 0.25%포인트를 추가로 인하해 총 세 차례 인하에 나설 것으로 전망했다. 이는 연내 총 세 차례 금리 인하를 예상한 연준 자체 전망 중간값과 일치한다. 반면 금리선물시장은 6월 첫 금리인하 개시 후 연내 총 1%포인트 인하를 반영하고 있다. 물가상승률에 대해선 ""디스인플레이션 과정이 현재까지 고르지 않",,,
24,a303ef0c6280,2018-10-12,서울경제,경제지,고용동향,"靑 ""고용동향 다소 나아졌으나 여전히 엄중···일자리늘리기 최선""","'靑 단기일자리 창출 압박' 보도엔 ""모든 정책수단 동원하는게 정부 의무"" ""임시직·일용직 고용동향 부진···절박한 국민 위해 예산·노력 집중"" [서울경제] 청와대는 통계청이 발표한 9월 고용 동향과 관련해 “걱정했던 것보다는 다소 나은 결과가 나오기는 했으나 여전히 엄중한 상황”이라고 평가했다. 김의겸 청와대 대변인은 12일 오전 정례브리핑에서 이같이 밝히면서 “일자리 늘리기를 위해 정부는 최선을 다하겠다”고 강조했다. 통계청 발표에 따르면 지난달 취업자 수는 2,705만5,000명으로 1년 전보다 4만5,000명 늘었다. 취업자 수가 감소하는 것을 면하기는 했지만, 4만5,000명 증가는 올해 들어 세 번째로 낮은 증가 폭이다. 김 대변인은 이날 일부 언론이 ‘청와대가 기획재정부를 통해 부처와 공공기관에",,,
25,988941a23e85,2022-08-30,SBS Biz,경제지,GDP_성장률,GDP 대비 적자 5.1 → 2.6% 낮춘다,"[SBS Biz 자료사진] 정부가 건전재정 기조로 내년 예산안을 편성하면서 나라살림 적자 규모가 2차 추가경정예산 기준으로 절반 수준으로 줄어들고 국내총생산(GDP) 대비 적자 비율도 개선될 전망입니다. 내년 국가채무 증가 폭은 4년 만에 100조원 아래로 내려가고, 다만 GDP 대비 국가채무비율은 올해보다 소폭 상승합니다. 정부는 중기 재정 운용도 '지속가능성'에 방점을 두기로 했습니다. 2023∼2026년 관리재정수지 적자 비율은 2%대 중반을 유지하고 국가채무비율도 50%대 초반을 유지한다는 계획입니다. [2023년 재정운용 모습 (기획재정부 제공=연합뉴스)] ◇ 내년 관리재정수지 적자 58조2천억원, GDP 대비 2.6% 나라살림의 가계부인 통합재정수지는 총수입에서 총지출을 빼서 계산하고, 관리재정수",,,
26,011cf2a65cb9,2019-03-02,조선일보,보수,반도체_수출,"2월 수출 -11%, 3년 만에 최대폭 하락","2월 수출이 전년 동기 대비 마이너스 11.1%를 기록하며 2016년 2월(-13.4%) 이후 3년 만에 최대 폭으로 줄었다. 작년 12월부터 3개월 연속 수출이 줄어들었고 감소 폭도 커지고 있다. 1일 산업통상자원부가 발표한 '2월 수출입 동향'에 따르면 2월 수출액은 395억6000만달러(약 44조4700억원)로 작년 2월(445억2000만달러·약 50조원)에 비해 11.1%나 줄어들었다. 작년 12월 1.7% 수출 감소로 돌아선 이래 올 1월엔 마이너스 5.9%로 감소 폭이 늘었고, 2월엔 두 자릿수 감소를 기록한 것이다. 수출이 두 자릿수로 감소한 것은 2016년 7월(-10.5%) 이후 2년 7개월 만이다. 우리나라 전체 수출의 20% 이상을 차지하며 수출을 떠받쳐온 반도체는 24.8%나 줄어 3개",,,
27,9e4393887697,2019-03-04,서울경제,경제지,반도체_수출,수출 비상인데 단기처방만 내놓을 건가,"[서울경제] 정부가 수출활성화 대책을 또 내놓았다. 홍남기 부총리 겸 기획재정부 장관은 4일 ‘제4차 경제활력대책회의’를 열어 올해 무역금융 지원 규모를 15조3,000억원 늘린 235조원으로 책정하고 수출단계별로 8개 무역금융 지원 프로그램을 마련하기로 했다. 중소기업의 수출 마케팅 지원액도 지난해보다 5.8% 증액해 상반기에 60%를 조기 집행하기로 했다. 이번 대책은 올 들어 수출전선에 비상이 걸린 상황에서 수출기업의 자금난을 해소하는 데 초점을 맞추고 있다. 정부가 특단의 대책을 내놓겠다고 했지만 결국 이전 대책과 마찬가지로 무역금융과 마케팅 활동에 정부 돈을 풀어 수출 하락세를 막겠다는 것이어서 근본적인 한계가 있다. 이 정부가 내놓는 경제대책은 기껏해야 재정투입밖에 없느냐는 탄식이 절로 나올 판이",,,
28,50b780d9f989,2019-09-01,연합뉴스TV,통신사/방송,반도체_수출,"수출 9개월째 감소…""日규제 영향 제한적""","[앵커] 우리 수출이 지난달에 감소세를 보였습니다. 수출 감소는 9개월째 이어졌는데, 미·중 무역 분쟁 등 대외 여건이 좋지 않기 때문입니다. 정부는 일본 수출 규제 영향은 아직 제한적이라고 강조했는데요. 경제부 연결해 자세한 소식 알아보겠습니다. 김지수 기자. 네. 오늘(1일) 산업통상자원부는 지난달 수출이 442억 달러로 작년 같은 달보다 13.6% 감소했다고 밝혔습니다. 수출은 지난해 12월에 -1.7％로, 마이너스로 돌아선 이후 9개월 연속 감소세를 보였는데요. 2015년 1월부터 19개월 연속 마이너스를 기록한 이후 최장기간입니다. 다만, 지난달 미·중 수입도 4.2% 줄어든 424억7,700만달러로 집계돼, 무역 수지는 17억2,300만 달러로 91개월 연속 '흑자'를 기록했습니다. 우리 수출이 ",,,
29,ae2549f7b7ba,2022-03-01,조선일보,보수,기준금리,"서방제재에 루블화가치 30% 급락… 러, 기준금리 20%로 2배 올려","[푸틴, 우크라이나 침공] 러시아가 28일(현지 시각) 기준금리를 두 배로 올렸다. 서방 제재로 러시아 루블화 가치가 급락하자 급하게 금융시장 안정화 방안을 내놓은 것이다. 로이터 통신은 이날 러시아 중앙은행이 기준금리를 9.5%에서 20%로 올렸다고 밝혔다. 또, 러시아 재무부는 자국 내 기업에 외화 수입의 80%가량을 시장에 내놓으라고 명령했다. 이날 증권시장과 파생상품 시장은 열리지 않았다. 앞서 전날에는 2년 만에 러시아 시장에서 금 매입을 재개했고, 외국인들의 러시아 증권 매각 요청을 거절하라고 기관들에 지시했다. 이번 조치는 루블화 유출과 급격한 인플레이션을 막기 위한 것이다. 러시아의 우크라이나 침공으로 러시아에 서방의 금융 제재가 가해지자 루블화 가치가 급락했다. 블룸버그 통신에 따르면 루블화",,,
30,5e0fb9a50109,2016-08-24,한국경제TV,경제지,경기침체,"김기현 울산광역시장 - 조선업 경기 침체, 대책은?","[지방자치3.0 목민관] 김기현 울산광역시장 - 조선업 경기 침체, 대책은? Q. 조선업 경기 침체, 대책은? 울산 3대 주력 산업 조선해양·석유화학·자동차 산업 - 3년 전부터 어려웠던 조선 해양산업 - 조선해양 노·사와 꾸준히 소통 - 조선산업 위기 대응 10대 종합대책 수립 - 조선해양산업 위기 대책 지원단 운영 ""지방자치 3.0 목민관"" (진행: 신동호 기자 연출:안승태 PD,현일천 AD) 은 한국경제TV를 통해 매주 금요일 저녁 6시 30분과 홈페이지 www.wowtv.co.kr 을 통해 시청하실 수 있습니다.",,,
31,0cda3f1835d1,2022-01-05,한국경제TV,경제지,GDP_성장률,"베트남, 지난해 실질 GDP 성장률 2.58%","전문가들 ""지난해 4분기부터 경제 완만한 회복세 보이고 있어…"" 지난해 베트남의 실질 국내총생산(GDP) 성장률이 2.58%를 기록했다. 베트남 통계총국(GSO)은 ""2021년 수출이 견조한 상태를 유지했지만, 코로나19의 대유행으로 경제의 멈춤이 장기화되고, 소비자 지출은 급격히 감소하면서 당초 정부가 목표한 6.5% 성장에 크게 미치지 못했다""고 밝혔다. 이어 ""코로나 팬데믹 원년인 2020년에 기록한 성장률 2.91%에 미치지 못했지만, 베트남증시가 개장 이래 최고점을 도달하는 등 나름대로 긍정적인 경제 성적표를 받게 됐다""고 덧붙였다. 일본 경제지 아시아 닛케이는 ""베트남의 지난해 4분기 실질 국내총생산(GDP)이 1년 전 같은 기간보다 5.22% 성장하며 베트남 경제가 완만한 속도로 회복되고 있음을",,,
32,1ee9ecacb4cc,2018-02-22,한국경제,경제지,국채_금리,"""국내 증시, 美 국채 금리 상승 '부담'…외국인 이탈 우려""","키움증권은 22일 국내 증시에 대해 미국의 국채 금리 상승이 부담이 될 것이라고 전망했다. 간밤 미국 뉴욕증시의 주요 지수는 국채 금리 상승의 여파로 하락했다. 완만한 오름세로 출발한 뉴욕증시는 중앙은행(Fed) 의사록 발표 후 1% 선으로 상승폭을 확대했지만 10년물 국채 수익률이 가파르게 뛰자 상승분을 모두 반납하고 하락 마감했다. 서상영 키움증권 연구원은 ""미국 증시는 패트릭 하커 필라델피아연방은행 총재가 두 차례 금리인상이 적절하다고 언급하자 상승 출발했고 연방공개시장위원회(FOMC) 의사록에서 '점진적인 금리인상'을 시사하는 내용이 발표되자 상승폭이 확대됐다""면서 ""다만 이번 결과가 최근 인플레 압력을 반영하지 못했다는 분석이 나오며 10 년물 국채금리가 2.95%를 상회하자 매물이 나왔다""고 설명",,,
33,ae71e98c80d4,2026-03-04,서울경제,경제지,가계부채,수영장 물 빠지자 드러난 기초체력…‘외국인 ATM’ 고질병 여전,"◆6000피 열었어도 허약한 증시 체질 그대로 외국인 매도·반도체 급락 겹치며 변동성 확대 아시아 증시 중에서도 한국 낙폭 두드러져 에너지·내수·산업 구조 취약성 한꺼번에 노출 중동발(發) 지정학적 리스크가 촉발한 글로벌 금융시장 불안 속에서 코스피가 이틀간 역대급 폭락을 기록하며 한국 증시의 취약한 체질이 다시 도마 위에 올랐다. 외국인의 대규모 자금 이탈과 반도체 중심 산업 편중, 높은 에너지 해외 의존도 등 구조적 약점이 복합적으로 작용하며 낙폭을 키웠다는 분석이다. 국내 증시의 낙폭은 같은 지정학적 위기를 공유하는 아시아 주요 증시 가운데서도 유독 두드러졌다. 일본 닛케이225 평균주가는 4일 전장 대비 3.61% 하락 마감했고 대만 자취엔지수도 4.35% 하락한 채 거래를 마쳤다. 반면 코스피는 1",,,
34,00cd273bac45,2018-02-21,SBS,통신사/방송,반도체_수출,"수출 증가세 '빨간불'…1∼20일 수출, 연휴 영향에 3.9%↓","2월 수출이 설 연휴 등에 따른 조업일수 감소 영향으로 증가세가 주춤합니다. 오늘(21일) 관세청에 따르면 이달 1일부터 어제까지 수출은 266억 달러로 1년 전 같은 기간보다 3.9% 감소했습니다. 수출이 줄어든 것은 설 연휴 등 영향으로 1년 전 같은 기간과 비교해 조업일수가 이틀 넘게 줄었기 때문입니다. 이로써 2016년 11월부터 지난 달까지 15개월 연속 계속됐던 수출 증가세가 이번 달에도 이어질 수 있을지 장담하기 어렵게 됐습니다. 조업일수를 고려한 하루 수출액은 20억5천만 달러로 1년 전보다 15% 증가했습니다. 관세청 관계자는 ""지난해 2월 수출액이 상대적으로 크지 않았기 때문에 점차 감소 폭이 줄어들 것으로 보인다""며 ""정확한 수치는 이달 말일까지 지켜봐야 알 수 있을 것""이라고 말했습니다",,,
35,04b93590063a,2017-08-31,서울경제,경제지,가계부채,"한국은행, 기준금리 14개월째 동결...""가계부채 부담 크다""","한국은행, 기준금리 14개월째 동결...""가계부채 부담 크다"" [서울경제] 한국은행이 기준금리를 14개월째 현 수준으로 유지한 것으로 알려졌다. 31일 한은 금융통화위원회는 서울 중구 한은 본관에서 전체회의를 열고 이달 기준금리를 현 수준인 연 1.25%로 유지해 통화정책을 운용한 것으로 전해졌다. 앞서 2014년 8월과 10월 두 차례 금리 인하를 단행한 한은은 5개월 만인 2015년 3월 금리를 사상 처음 1%대인 1.75%로 떨어뜨렸는데, 이후 같은해 6월 중동호흡기증후군(MERS) 감염 사태가 터져 또다시 금리를 1.50%로 인하했고 지난해 6월에도 다시 0.25%포인트 내려 현재의 1.25% 수준을 유지하고 있는 것으로 알려졌다. 최근 국내외 경기회복세 지속으로 인한 주요 글로벌 중앙은행의 통화정책",,,
36,0e1a897ce6b4,2023-08-24,연합뉴스,통신사/방송,경기침체,"베트남 기업 71% ""연말까지 경기침체로 감원 불가피""","주문량 감소 여파…대만계 운동화 생산업체 1천200명 해고 추진 (하노이=연합뉴스) 김범수 특파원 = 베트남에서 올 연말까지 경기 침체로 인해 기업들의 대규모 감원이 불가피할 전망이다. 24일 현지매체인 VN익스프레스에 따르면 민간경제개발조사위원회는 총리실에 제출한 경제전망 보고서에서 기업 설문조사 결과 연말까지 기업들의 감원 조치가 이어질 것이라고 밝혔다. 설문 대상 기업 9천560곳 중 82%는 올 하반기에 사업을 줄이거나 중단 또는 종료하겠다고 답했다. 또 사업을 지속하겠다고 밝힌 기업 7천300곳 중 71%가 주문량 감소 등을 이유로 직원 감축에 나서겠다고 말했다. 감원을 계획 중인 기업 중 절반은 호찌민과 인근 빈즈엉성 등 남부 공단 지역에 위치하고 있다. 이런 가운데 아디다스, 나이키, 리복 등 ",,,
37,8a2983ca37ae,2017-03-05,연합뉴스,통신사/방송,GDP_성장률,식어가는 성장엔진…멀어져가는 1인당 국민소득 3만 달러,"작년에 '3만 달러' 달성 실패 유력…올해도 어려울 듯 (세종=연합뉴스) 정책팀 = 성장엔진이 예상보다 빠르게 식어가면서 1인당 국민소득(GNI) 3만 달러 달성은 한층 멀어진 꿈이 됐다. 지난해에도 1인당 GNI 2만 달러대를 벗어나지 못할 것이란 관측이 유력한 가운데 올해에도 목표 달성은 쉽지 않다는 목소리가 크다. 5일 전문가들에 따르면 경제 성장률과 원/달러 환율, GDP 디플레이터, 인구 증가율 등을 고려할 때 지난해 한국의 1인당 GNI는 2만 달러대 후반으로 전망된다. 1인당 GNI는 GDP에서 외국인이 국내에서 벌어들인 소득을 제외하고 자국민이 외국에서 번 소득을 더한 뒤 GDP 디플레이터, 인구 등을 반영한 수치로, 한 나라 국민의 생활 수준을 가장 잘 보여주는 지표로 꼽힌다. 1인당 GNI",,,
38,113cb96c0483,2018-02-18,한국경제,경제지,반도체_수출,"미국, 안보 명분 철강 수입규제… 한국 반도체·차에도 불똥 튀나","거세지는 미국 통상압박 미국 상무부 '무역확장법 232조' 수입 규제안 발표 일본·독일·캐나다 등 주요 동맹국은 빠지고 53% 관세 12개국에 한국만 유일하게 포함 ""정부 통상외교 제대로 작동 안된다"" 지적 나와 [ 박수진/김동욱/이태훈 기자 ] 미국이 자국 철강·알루미늄 산업 보호를 위해 ‘안보’를 명분으로 ‘관세폭탄(또는 수입량 할당)’이라는 보호무역 카드를 꺼내들었다. 그동안 의회뿐 아니라 국방부 등 행정부 내부에서도 관련 제품의 가격 상승과 무역 보복조치 등을 이유로 끈질기게 반대했던 조치다. 앞으로 반도체 및 자동차 등 다른 분야에도 똑같은 카드를 꺼내 쓸 수 있다는 의지를 보인 ‘예고편’으로 해석된다. ◆궁색한 한국 규제 논리 지난 16일 미 상무부가 공개한 ‘무역확장법 232조’에 근거한 ‘철강",,,
39,461df8dd9dcb,2022-02-28,조선일보,보수,기준금리,"러, 기준금리 9.5%→20%로 대폭 인상…제재에 루블화 30% 폭락","러시아 중앙은행이 서방의 금융 제재에 대응하기 위해 기준금리를 대폭 올렸다. 로이터통신은 28일(현지 시각) 러시아 중앙은행이 기준금리를 9.5%에서 20%로 올렸다고 밝혔다. 러시아에 대한 금융 제재가 본격화되면서 루블화 가치가 급락하자, 화폐 유출과 인플레이션을 막기 위해 도입한 것이다. 기준 금리 인상 발표와 함께 러시아 재무부는 자국 내 기업에게 외화수입의 80% 가량을 팔라고 명령했다. 앞서 이날 가디언는 루블화가 달러당 119루블까지 떨어졌다고 보도했다. 전날 종가인 83.64루블보다 30%가량 하락한 것이다. 이미 시장 전 거래에서 20% 가량 폭락해 최저치를 기록할 것으로 예상됐다. 서방국가들은 러시아의 우크라이나 침공을 규탄하며 국제은행간통신협회(SWIFT·스위프트)에서 러시아 주요 은행들을",,,
40,46ad5da473c7,2019-03-05,매일경제,경제지,국채_금리,상반기 弱달러 훈풍…자동차·IT·조선株 담아볼만,키움증권 홍춘욱 팀장 美금리인상·무역분쟁 진정땐 외국인 순매수 이어갈듯 하반기 코스피 2300 넘길것 작년 2분기 후 수출 증가세 차·조선 턴어라운드 기대 SOC 늘어 건설株도 유망 연초 국내 증시가 꿈틀대고 있다. 지난해 하반기부터 이어진 부진을 딛고 어디까지 반등할 수 있을지 시장의 이목이 집중된다. 대세 하락 장의 일시적 반등이라는 비관론도 있지만 1월 저점을 통과한 뒤 상승 국면이 지속되고 있다. 투자자들 관심이 다시 주식시장으로 향하고 있다. 홍춘욱 키움증권 투자전략팀장을 만나 올해 상반기와 하반기 한국 증시 전망과 유망 업종에 대해 들어봤다. 그는 지난해 국내 증시 하락의 주요 원인인 미국 정책금리 인상과 미·중 무역분쟁 영향이 해소되면서 상반기에 상승세를 이어갈 것으로 전망했다. 하반기 역시 불,,,
41,2af5c70cf83d,2017-08-29,연합뉴스,통신사/방송,환율_달러,北미사일 발사에 원/달러 환율 상승 출발,"(서울=연합뉴스) 노재현 기자 = 원/달러 환율이 상승세로 출발했다. 29일 서울 외환시장에서 원/달러 환율은 오전 9시 5분 현재 달러당 1,126.3원으로 전일 종가보다 6.2원 올랐다. 이날 원/달러 환율은 5.3원 상승한 1,125.4원에 개장했다. 한반도의 지정학적 리스크(위험)가 다시 불거지면서 원화가 약세 압력을 받았기 때문이다. 합동참모본부에 따르면 북한은 이날 새벽 평양시 순안 일대에서 동쪽으로 중거리급 이상으로 추정되는 탄도미사일을 1발 발사했다. 특히 이 탄도미사일이 일본 상공을 통과하면서 긴장 수위가 한층 높아졌다. 원/엔 재정환율은 오전 9시 5분 현재 100엔당 1,035.8원으로 전일 오후 3시30분 기준가보다 9.5원 올랐다. 최신 유행 트렌드 총집결(클릭!)",,,
42,e17437126cff,2022-11-22,한국경제,경제지,최저임금,"文 ""최저임금 대폭 인상, 실패로 단정하는 건 매우 아쉽다""","文, 풍산개 논란 2주 만에 SNS ""최저임금 인상, 실패·실수 단정 아쉬워"" ""긴 안목의 정책 평가 이뤄지길 기대"" 집권 당시 소득주도성장(소주성)을 전면에 내세웠던 문재인 전 대통령은 22일 최저임금 대폭 인상 정책이 실패했다는 평가가 나오는 데 대해 ""매우 아쉽다""고 밝혔다. 지난 9일 이른바 '풍산개 논란'에 대한 입장을 밝힌 뒤 약 2주 만의 SNS 활동이다. 문 전 대통령은 이날 페이스북에 ""최저임금 대폭 인상은 단기간의 충격을 감수하면서 장기적인 효과를 도모한 정책이었는데, 예상 범위 안에 있었던 2018년 고용시장 충격을 들어 실패 또는 실수라고 단정한 것은 정책 평가로서는 매우 아쉽다""고 적었다. 문 전 대통령은 또 ""한동안 책을 읽을 수가 없었다. 읽다가 덮은 책을 다시 펼 마음이 나지 않",,,
43,3a82c18b0535,2020-08-14,매일경제,경제지,부동산가격,"홍남기 ""강남 4구 주택가격 상승세 멈춰…부동산대책 효과""","홍남기 부총리 겸 기획재정부 장관은 14일 최근 정부가 발표한 부동산 대책과 관련 ""심리적인 효과는 이미 나타나고 있다""고 말했다. 홍 부총리는 이날 세종시 인근에서 외신기자들을 만나 부동산 대책의 효과가 언제쯤 나타날 것으로 보느냐는 질문에 이같이 답했다. 홍 부총리는 ""정책 효과는 첫째 심리·인지적인 부분이 있고 두번째는 실제 세금을 부과했을 때가 있는데 (이번 대책의 경우) 첫 번째부터 효과가 나타날 것으로 본다""고 말했다. 그는 ""(더 늘어난 세금을) 충분히 감내 가능하면 버티겠지만 세금 중과에 대한 효과가 뻔히 보이기 때문에 결국 매물이 계속 나올 것""이라고 내다봤다. 홍 부총리는 ""강남 4구의 주택가격 상승세가 멈췄고 앞으로 정책적 효과가 서서히 나타날 것으로 본다""고 기대했다. 그동안 부동산 대",,,
44,42bc531e4be6,2026-03-06,SBS Biz,경제지,경상수지,반도체 수출 호조…1월 132.6억달러 경상흑자,올해 1월 경상수지가 반도체 수출 호조에 힘입어 월간 기준 역대 5위를 기록했습니다. 한국은행은 지난 1월 경상수지가 132억6천만 달러로 집계돼 33개월 연속 흑자 흐름을 이어갔다고 밝혔습니다. 수출에서 수입을 뺀 상품수지 흑자가 4.5배 확대된 가운데 반도체 수출 증가폭이 커졌고 승용차 수출도 늘어난 영향입니다. 당신의 제보가 뉴스로 만들어집니다. SBS Biz는 여러분의 제보를 기다리고 있습니다. 홈페이지 = https://url.kr/9pghjn,,,
45,243ffeaca24f,2020-03-04,연합뉴스,통신사/방송,기준금리,코로나19에 미 연준 '긴급 금리인하'…2008년 금융위기 후 처음,9·11 테러 등 과거 위기 상황서도 '정상주기 벗어난' 조치 전례 (워싱턴=연합뉴스) 임주영 특파원 = 미국 중앙은행인 연방준비제도(Fed·연준)가 3일(현지시간) 기준금리를 0.5%포인트 전격 인하하면서 과거 이뤄졌던 긴급한 금리 조정 사례들이 관심을 끈다. 이번 금리 인하는 신종 코로나바이러스 감염증(코로나19) 확산 공포로 글로벌 경제의 불확실성이 커지자 연준이 18일 연방공개시장위원회(FOMC)를 앞두고 시장 안정을 위해 선제적 조치에 나선 것으로 풀이된다. 연준이 정상적인 회의 주기를 벗어나 금리를 인하한 것은 지난 2008년 글로벌 금융위기 이후 처음이라고 블룸버그통신은 전했다. 전격적인 금리 조치는 이전에도 금융위기 등 긴박한 경제 상황에서 종종 이뤄졌다. 블룸버그에 따르면 2008년 금융위기,,,
46,415a375cd267,2018-02-02,SBS Biz,경제지,국채_금리,美 국채금리 또 급등…높은 물가 상승률 여파,"■ 경제와이드 모닝벨 '증시 브리핑' - 명민준 외신캐스터 ◇ 뉴욕 마감 미국 증시는 장중 100포인트 등락을 거듭했습니다. 결국 약세로 마감했는데요. 오늘(2일) 미국채 금리가 2.77%로 또 튀어올랐습니다. 이 뜻은 투자자들이 높은 물가 상승률, 그리고 곧 다가올 금리 인상을 예상하면서 매도세를 보이고 있는 겁니다. 장 마감 후에 발표될 애플의 실적에도 관망세를 보였습니다. 애플의 실적이 발표됐습니다. 굿뉴스와 배드뉴스가 있는데요. 굿뉴스는 순익과 매출 모두 예상치를 뛰어넘었다는 것이고, 배드뉴스는 아이폰 판매가 예상치와 전년동기치에 크게 못 미치며 주가가 1% 넘게 하락하고 있다는 겁니다. ◇ 유럽 마감 글로벌적으로 국채금리가 올라가면서 주식 수익률은 낮아지고 있습니다. 유럽 전체적으로 큰 약세를 보였",,,
47,4ce490247d10,2022-09-02,한국경제TV,경제지,반도체_수출,"""위태로운 반도체 시장""…삼성전자·SK하이닉스 강보합","국내 반도체 시장에 비상이 걸렸다. 2일 오전 9시 11분 삼성전자는 전 거래일 대비 300원(-0.51%) 내린 5만8,100원에 거래되고 있다. 같은 시간 SK하이닉스(-0.11%)도 약세다. 반도체를 둘러싼 미중 갈등에 충격을 받은 모습이다. 전날(현지시간 31일) 미국 정부는 글로벌 반도체 기업 엔비디아에 인공지능 AI용 주력 반도체 2종의 대중 수출을 중단하라고 통지했다. 미 경제방송 CNBC에 따르면, 미국 정부는 지난 26일 엔비디아가 중국 내 수출을 지속하기 위해서는 새로운 라이센스를 취득해야 한다고 통지했다. 또한 미국 반도체 기업 AMD에도 인공지능(AI) 컴퓨팅에 쓰이는 GPU에 대한 수출을 금지했다. 이런 가운데 전날 발표된 8월 무역수지에서 반도체 수출이 26개월 만에 마이너스로 돌아",,,
48,2bbc1d45e60e,2018-09-04,서울경제,경제지,부동산가격,갭투자 막으려 일시적 2주택도 겨냥...稅 면제기간 1년 단축,■ 양도세 비과세 요건 강화...1주택자도 옥죈다 다주택자 압박에도 집값 뛰자 ‘똘똘한 한채’도 타깃 거주기간 추가 등 장기보유공제에도 손댈 가능성 “세금으로 집값 잡을지는...” 실수요자만 피해 우려 [서울경제] 집값을 잡기 위해 동원된 가장 강력한 세제 카드는 ‘종합부동산세’ 도입이다. 참여정부 때인 지난 2005년에 모습을 드러냈다. 그런데 집값은 전혀 엉뚱한 방향으로 뛰었다. 2006년에 기록적인 부동산 가격 폭등이 나타났다. 가격 급등에는 여러 이유가 있었지만 집값을 잡는 데 세제 카드를 동원한 것도 한 원인이다. 한 전문가는 “세제를 통해 집값을 잡을 수 없다는 것을 이미 경험했다”며 “이런 상황에서 1주택자의 세금 혜택까지 건드리는 것은 부작용을 키울 수 있다”고 말했다. 집값을 잡기 위해 정부,,,
49,77c146f22403,2023-08-17,한국경제,경제지,국채_금리,美 10년물 국채금리 15년 만에 최고…주담대금리도 年 7% 넘어,"연착륙·국채발행 증가로 年4.27% 모기지금리 2001년 이후 최고치 서머스 ""국채금리 4.75% 갈 것"" 이 기사는 국내 최대 해외 투자정보 플랫폼 한경 글로벌마켓 에 게재된 기사입니다. 글로벌 금리의 지표 역할을 하는 미국 10년 만기 국채 금리가 15년 만에 최고치로 치솟았다. 미국 경기 침체 확률이 낮아진 상황에서 미 국채 공급이 늘어났기 때문이다. 미국 중앙은행(Fed)이 추가 긴축에 나설 것이란 우려도 국채 금리를 끌어올린 요인이 됐다. 16일(현지시간) 미국 10년 만기 국채 금리는 전날보다 0.049%포인트 오른 연 4.27%를 기록했다. 종가 기준으로 2008년 6월 이후 가장 높은 수준이다. 2008년 6월은 리먼브러더스 사태(2008년 9월)로 Fed가 초저금리 정책을 펼치기 직전 시점이",,,
50,e2198cf1d40e,2026-02-11,매일경제,경제지,고용동향,경력 선호에 청년 고용 5년래 최악…그 경력은 어떻게 쌓나,"국가데이터처가 11일 내놓은 '1월 고용동향'은 청년층(15~29세)이 마주한 가혹한 현실을 여실히 보여준다. 취업자 수가 전년 동월 대비 17만5000명이나 급감했다. 고용률도 43.6%로 추락하며 코로나19 위기를 겪던 2021년 1월 이후 5년 만에 최저치를 기록했다. 반면 30대와 50대는 취업자 수가 각각 10만1000명, 4만5000명 증가했다. 노동시장에서 경험이 축적된 '허리 세대'의 비중이 커지는 반면, 청년 고용시장의 펀더멘털은 무너지는 상황이다. 그 원인으로는 기업의 채용 패러다임 변화와 인공지능(AI) 충격이 꼽힌다. 기업들이 '경력직 중심 수시 채용'을 선호하면서 경력이 없는 청년은 노동시장 진입이 차단되고 있다. AI가 기존 신입 업무인 자료 수집·분석을 대신하면서 전문직 청년마저 ",,,
51,3cccf426af83,2023-02-27,한국경제TV,경제지,물가_인상,"""중요한 건 꺾이지 않는 물가""...'킹달러' 돌아온다","27일 원/달러 환율이 달러당 1,320원선을 웃돌며 지난해 12월 초 이후 2개월여 만에 최고치를 경신했다. 최근 미국의 경제지표가 호조를 보이고 물가 오름세마저 다시 고개를 들 조짐을 보였다. 이에 미 연방준비제도(Fed·연준)의 금리 인상 기조가 이어질 것으로 전망되어 달러화 강세가 다시 힘을 얻는 분위기다. 반면 원화 가치는 수출 부진 장기화로 약세 폭이 상대적으로 커지는 모습이다. 전문가들은 미국 경제지표가 꺾이지 않는 이상 당분간 달러화 강세 현상이 지속될 수밖에 없을 것으로 내다본다. 이날 서울 외환시장에서 달러화에 견준 원화 환율은 전 거래일보다 18.2원 급등한 1,323.0원에 마감했다. 환율은 전 거래일 대비 10.2원 오른 1,315.0원에 출발해 오후 들어 상승 폭을 키웠다. 원/달러",,,
52,81828988b500,2024-02-22,SBS Biz,경제지,기준금리,"기준금리 3.5% 유지…금리인하? ""5월 경제전망에 달렸다""","[앵커] 우리 기준금리가 연 3.5%인 현재 수준으로 유지됐습니다. 이창용 한국은행 총재는 ""금리인하 논의는 시기상조""라며 ""5월 나올 경제전망에 따라 판단하겠다""라고 밝혔습니다. 오정인 기자입니다. 한국은행 금융통화위원회는 오늘(22일) 통화정책방향회의를 열고 기준금리를 연 3.5%로 유지하겠다고 밝혔습니다. 지난해 2월부터 9차례 연속 동결 결정입니다. 물가 상승률은 둔화세를 보이고 있지만 주요국 환율과 국제유가, 가계부채 등 불확실성이 여전하기 때문입니다. [이창용 / 한국은행 총재 : 기준금리를 현재의 긴축적인 수준에서 유지하는 게 바람직하다고 판단했습니다. 상반기 내에 금리 인하를 하기는 쉽지 않은 상황이라는 의견을 그대로 유지하고 있습니다.] 정점을 찍은 금리는 앞으로 내려갈 일만 남았는데, 그 ",,,
53,29a3388795fc,2017-09-05,서울경제,경제지,가계부채,"금감원 ""DSR 2019년 도입""",'가계부채 관리' 세미나서 밝혀 [서울경제] 금융감독당국이 가계부채 종합대책으로 추진되고 있는 총부채원리금상환비율(DSR)을 은행별로 적합한 모형을 만들어 오는 2019년 도입하는 방안을 검토 중이다. 5일 서울 을지로 은행회관에서 열린 ‘가계부채 안정적 관리를 위한 금융회사의 역할 모색 방안’ 세미나에서 민병진 금융감독원 은행감독국장은 “신총부채상환비율(DTI)은 DSR의 중간다리 역할로서 빨리 도입하고 DSR는 은행 내부적으로 시뮬레이션을 거쳐 적합한 모형을 만든 뒤 2019년에 도입하는 방안을 생각하고 있다”고 밝혔다. 김영도 금융연구원 연구위원도 기조발제를 통해 “DSR 도입이 일괄적으로 이뤄질 경우 실질적으로 대출이 필요한 차주의 특성을 제대로 반영하지 못할 수 있다”며 “DSR는 금융회사가 자율적,,,
54,cf7bcb36bcf9,2020-02-27,연합뉴스,통신사/방송,기준금리,한은 기준금리 '예상밖 동결'에 금융시장 '출렁'(종합),"(서울=연합뉴스) 김기훈 기자 = 한국은행 금융통화위원회가 27일 기준금리를 현 수준인 연 1.25%로 동결하자 오르던 주가가 장중 하락세로 돌아서고 국고채 금리는 상승하는 등 금융시장이 출렁거렸다. 이날 오전 10시 13분 현재 코스피는 전 거래일보다 12.24포인트(0.59%) 내린 2,064.53을 가리켰다. 지수는 2.90포인트(0.14%) 내린 2,073.87로 개장한 뒤 상승세로 전환해 장 초반 2,085.40까지 오르기도 했다. 하지만 금리 동결 소식이 전해지자 다시 하락세로 돌아섰다. 같은 시각 코스닥지수는 전장보다 4.56포인트(0.70%) 내린 650.07을 나타냈다. 금통위를 앞두고 최근 금융시장에선 코로나19의 경기 충격이 커질 것이라는 우려로 기준금리 인하 기대가 커졌지만, 금통위는 ",,,
55,a255345f61fe,2020-08-14,서울경제,경제지,반도체_수출,반도체값 추락에 7월 수출물가 3개월 만에 떨어져,"7월 수출물가지수 전월 대비 0.4% 하락 유가 상승에도 수입 물가 역시 0.9% 내려 [서울경제] 우리나라 수출 제품의 가격 수준이 지난달 3개월 만에 떨어진 것으로 나타났다. 주력 수출품인 반도체 가격 하락이 영향을 미친 것으로 분석됐다. 14일 한국은행에 따르면, 7월 수출물가 지수는 전월보다 0.4% 하락했다. 수출물가 지수는 앞서 5월(0.5%)과 6월(0.6%) 두 달 연속 오르다가 석 달 만에 하락세로 돌아섰다. 7월 수출 물가는 1년 전 같은 달과 비교하면 5.8%나 하락하며 14개월 연속 내리막을 달렸다. 품목별 수출물가 하락 폭(전월 대비)을 보면 컴퓨터·전자·광학기기(-2%), 섬유 및 가죽제품(-1.3%), 기계 및 장비(-0.6%), 운송장비(-0.6%) 등에서 높게 나타났다. 특히 ",,,
56,8d93a5028e10,2017-08-13,서울경제,경제지,부동산가격,"수천만원 가격 낮춘 부동산 '급급매' 나와도 ""더 지켜보자""","강남구 개포 주공1단지 전경 /연합뉴스 [서울경제] 8·2 부동산대책 발표 이후 열흘이 지나면서 서울 아파트 시장이 급랭하고 있다. 수천만 원씩 가격을 낮춘 매물이 나와도 매수자들은 요지부동이다. 시세보다 1억~2억을 낮춘 다주택자들의 ‘급급매’가 한두개씩 팔리고 있는 정도다. 특히 재건축·재개발 시장이 직격탄을 맞은 모습이다. 투자수요가 대부분이라 양도소득세 중과에 민감한데다 정부가 재개발·재건축 등 도시정비사업의 재당첨까지 금지하면서 매물이 나오기 시작했지만 거래가 안되고 있다. 잠실 주공5단지는 지난주 종전 시세보다 최고 1억3,000만~1억4,000만원 떨어진 급매물이 2건 거래된 이후 소강상태다. 잠실의 한 중개업소 대표는 “다음달 정비계획 인가 심의가 예정돼 있어 매도·매수자들 모두 눈치보기를 하",,,
57,00695f80d1a6,2025-03-05,중앙일보,보수,국채_금리,"트럼프 관세 부메랑, 호황 미국도 강타…달러 힘잃고 증시 패닉",최근 미국은 물가가 오르는 동시에 경기가 침체하는 ‘S(스태그플레이션) 공포’가 커지고 있다. 장·단기 국채 금리 역전 현상이 뚜렷해진 데다 1분기 역성장 전망까지 등장하면서다. 무엇보다 ‘관세맨’ 트럼프의 행보가 미국 경제엔 인플레이션 부메랑으로 돌아올 수 있다는 우려의 목소리가 커지고 있다. 3일(현지시간) 뉴욕 3대 주가지수는 동반 하락했다. 기술주 중심의 나스닥지수 하락 폭(-2.64%)이 가장 컸다. 채권 시장도 흔들렸다. 글로벌 채권 금리 벤치마크인 10년 만기 미국 국채 금리가 전날보다 0.061%포인트 내린(채권값은 상승) 연 4.159%를 기록했다. 연초 이후 가장 낮았다. 특히 3개월 만기 미국 국채 금리(연 4.296%)가 10년물보다 0.137%포인트나 높았다. 장·단기 국채 금리 역전,,,
58,4235b9319552,2021-02-01,SBS Biz,경제지,부동산가격,"한국부동산원, 1월 ‘전국주택가격동향조사’ 오늘 발표","■ 경제와이드모닝벨 '주간경제일정' 주간경제일정입니다. 이번 주는 지난달 경제성적표들이 줄줄이 발표되고요. 국회에서는 새해 들어 첫 대정부 질문이 열립니다. ◇ 2월 1일 월요일 한국은행에서는 사회적 거리두기 등의 방역수칙이 근로자들의 임금과 소득분배에 어떤 영향을 미쳤는지를 분석한 보고서를 내놓습니다. 임금은 줄고, 소득분배는 악화되지 않았을까 예상이 됩니다. 한국부동산원은 1월 전국주택가격동향조사를 발표합니다. 지난해 연간 조사에서 전국 주택 매매가격이 9년 만에 가장 많이 오른 것으로 집계됐습니다. 경제단체인 대한상공회의소는 최태원 SK그룹 회장을 차기 회장으로 단독 추대합니다. 4대 그룹이 대한상의 회장을 맡는 첫 사례이기 때문에 대한상의가 우리나라를 대표하는 경제단체로서 위상을 더욱 높일 것으로 보",,,
59,a74dfeada7f9,2025-08-16,한국경제,경제지,부동산_대출,"""강남까지 40분이면 간다"" 환호…집값 들썩이는 동네",대출 규제 반사익…'서울 인접' 하남에 관심 경기 하남 아파트값과 전셋값 상승세가 이어지고 있다. 대출 규제가 강화된 영향이다. 보유 현금만으로 서울 아파트를 사기 힘들어지면서 서울과 가까운 하남에 관심이 쏠리고 있다는 분석이 나온다. 16일 한국부동산원에 따르면 하남 아파트값은 8월 둘째 주 0.14% 올랐다. 지난 6월 28일 수도권 대출 규제 강화 이후로는 0.8% 상승했다. 올해 상승분(2.0%)의 38%가 이 기간 이뤄졌다. 업계 관계자는 “수도권에서 대출이 최대 6억원까지만 나오게 돼 서울 아파트 매수가 쉽지 않다”며 “서울 빌라는 대안이 못 되다 보니 입지 좋은 경기도권 아파트를 알아보는 사람이 늘었다”고 설명했다. 하남은 최근 신고가가 많이 뛰었다. 지난 9일 망월동 ‘미사강변 효성해링턴플레이,,,
60,a922c20fdac7,2018-08-21,서울경제,경제지,국채_금리,채권보다 주식에 가까운 신흥국 국채,김학균 신영증권 연구위원 [서울경제] 한국 경제에 대한 걱정은 늘 있었지만 저성장이라는 말이 회자되기 시작했던 시기는 2000년대 초반이었던 것으로 기억된다. IMF 외환위기 이후 정보기술(IT) 버블과 카드 버블이 잇따라 터지면서 한국이 1990년대 일본의 전철을 밟을 수 있다는 우려가 많았다. 중국의 고성장에 한시름 놓았던 우리 경제는 중국의 성장이 꺾이면서 다시 걱정이 깊어지고 있다. 한 나라의 자산가격에는 실물경제의 성장성이 반영되곤 한다. 한국 주식의 장기 성과가 부진해지기 시작했던 것도 2011년부터였다. 1980년대 이후 연평균 코스피지수는 8.6% 상승했고 2000~2010년에는 15.0% 올랐지만 2011년부터 1.4%에 그치고 있다. 주식뿐 아니라 이제 한국의 국채금리도 미국보다 낮아졌다.,,,
61,e9eac7bd34c1,2026-03-05,연합뉴스,통신사/방송,경기침체,널뛰는 환율에 산업계 '비상'…리스크 관리 총력,"중동 사태에 고환율 지속…환헤지·재고관리 통해 대응 불확실성에 경영기조 보수화 예상…경기침체 우려도 (서울=연합뉴스) 조성흠 한지은 김민지 강태우 기자 = 미국의 이란 공격으로 인한 글로벌 금융 불안과 원/달러 환율 급등으로 기업들의 경영 불확실성이 재차 고조되고 있다. 일반적으로 환율 급등은 수출 중심인 우리 경제에 나쁘지 않다는 인식이 있으나, 원가 부담 증가와 금융시장 변동성 확대라는 측면에서 기민하고 정교한 대응이 필수적이라는 진단이 나온다. 기업들은 이번 사태에 따른 리스크를 최소화하기 위해 급변하는 중동 상황과 시장 동향에 촉각을 곤두세우고 있다. 5일 산업계에 따르면 이날 장 초반 서울 외환시장에서 원/달러 환율은 전날 주간 거래 종가보다 14.6원 내린 1,461.6원을 기록하는 등 1,460",,,
62,e1897c5a20dc,2025-09-04,SBS Biz,경제지,반도체_수출,"코스피, 반도체주 덕에 이틀 연속 상승…코스닥도 올라","■ 모닝벨 '마켓 프리뷰' - 김장열 유니스토리 자산운용 투자전략 본부장 Q. 어제(3일) 코스피는 소폭이긴 하지만, 상승세를 이어갔습니다. 외국인 투자자들이 반도체주를 중심으로 이틀 연속 매수세를 보인 덕분인데요. 먼저, 어제 장 흐름 어떻게 보셨나요? - 코스피, 전장대비 0.38% 상승…3184.42 장 마감 - 미 국채 금리 상승 부담에 국내 증시 상단 제한 - 외인, 전날 6거래일 만에 '사자'…이틀 연속 순매수 - 개인·기관 매도 우위 '팔자'…지수 상승 폭 제한 - 코스닥, 전장대비 0.35% 상승…796.81 장 마감 - 트럼프 관세 대부분 불법 판결…재정 불확실성 고조 - 美장기물 국채수익률↑…30년물 2개월만 5% 육박 - 유럽 등 주요국 재정 우려…장기국채 수익률 최고점 - 달러·원, 주",,,
63,e2bd68d3b7d5,2019-02-18,한국경제,경제지,소비자물가,급변하는 경제환경 맞춰 물가지수 산정도 개선해 가야,"허원순 한국경제신문 논설위원 [사설] 물가지표, 체감도 더 반영되도록 개선할 필요 있다 통계청이 작성하는 ‘소비자물가지수’와 한국은행의 ‘물가인식조사’ 간 괴리도가 지난달 1년 만에 가장 크게 벌어졌다. 정부의 공식 물가통계와 소비자들이 느끼는 체감물가 간 괴리는 흔히 있는 일이고 자연스러운 측면도 있다. 문제는 일련의 경제정책이 실생활 체감물가는 도외시하고 타성적인 통계만 바라볼 때 착시를 일으키거나 왜곡을 심화시킬 수도 있다는 사실이다. 통계청이 발표한 지난달 소비자물가는 1년 전보다 0.8% 오르는 데 그쳤다. 해오던 대로 460개 품목을 대상으로 가중치까지 반영한 복잡한 산식에 따른 것이었다. 한은이 도시 가구를 대상으로 수치화한 물가인식, 즉 체감물가 상승률 2.4%와 차이가 많이 났다. 정부의 공",,,
64,a15b995bce12,2019-08-16,중앙일보,보수,경기침체,美 금리역전 쇼크···과거 5번 모두 글로벌 침체로 이어졌다,미 장·단기 금리 12년 만에 역전 뉴욕·아시아 증시 줄줄이 요동 미국 금리역전 때마다 경기침체 가장 최근이 글로벌 금융위기 다우지수 현지시간 14일 3% 하락 국내 주식시장엔 “악영향”“제한적” ‘R(Recession·경기침체)의 공포’가 금융시장을 강타했다. 미국을 넘어 아시아 증시까지 먹구름을 드리우며 시장이 요동쳤다. 시장의 불안감을 부추긴 방아쇠는 장·단기 금리 역전이었다. 채권시장의 ‘벤치마크’인 10년물 금리(수익률)가 통화정책에 민감한 2년물 금리보다 더 낮은 수준까지 떨어졌다. 12년 만에 찾아온 장·단기 금리 역전에 시장은 바짝 움츠러들었다. 14일(현지시간) 뉴욕 채권시장에서 미국 10년 만기 국채 금리(수익률)는 장중 연 1.619%까지 떨어졌다. 2년물 미 국채 금리(연 1.628%),,,
65,c481be48c3bb,2021-03-05,조선일보,보수,경기침체,"소몰이꾼 먹이던 포장마차, 스타 레스토랑으로 신분상승","푸드트럭의 역사 푸드트럭에서 음식을 만드는 프랑스 요리사가 2021년판 ‘미쉐린 가이드(Michelin Guide)’로부터 최고 등급인 별 3개를 받아 화제입니다. 세계적 권위의 식당 평가·소개서 미쉐린 가이드가 주는 별은 요리사라면 누구나 원하는 영예로, 프랑스에도 별 3개를 받은 곳은 30개에 불과합니다. 프랑스에서 미쉐린 가이드로부터 별을 1개라도 받은 음식점에서는 저녁 식사를 100유로(약 13만원) 이하에 맛보기 힘듭니다. 그런데 저렴한 음식을 주로 파는 푸드트럭에서 미쉐린 스타를 그것도 3개나 받았으니 주목 받을 수밖에 없었죠. 푸드트럭의 출발은 19세기 미국에서 등장한 ‘척왜건(chuckwagon)’입니다. 1866년 텍사스 목장주였던 찰스 굿나이트(Goodnight)가 바깥에서 장기간 야영하며",,,
66,d931469820da,2016-06-28,연합뉴스,통신사/방송,국채_금리,<브렉시트> 일본 국채금리 사상 최저…40년물까지 0.1% 아래로,"(서울=연합뉴스) 김윤구 기자 = 브렉시트 결정의 여파로 일본의 국채 금리가 연일 사상 최저 기록을 경신하고 있다. 만기가 최장인 40년물까지 포함해 10년물, 20년물 등 모든 국채 금리는 28일 사상 처음으로 0.1% 아래로 내려갔다. 이는 브렉시트 때문에 안전자산인 일본 국채에 대한 수요가 높아졌기 때문이다. 국채 금리는 가격과 반대로 움직인다. 블룸버그 자료에 따르면 이날 40년물 국채 금리는 역대 최저인 0.075%까지 떨어졌다. 국채 20년물 금리 역시 사상 최저인 0.045%로 내려갔다. 오후 1시 40분 현재 벤치마크인 10년물 금리는 -0.226%를 기록하고 있다. 30년물 금리는 0.065%까지 내려갔다. 일본 국채의 80% 이상은 마이너스 금리로 거래되고 있다. 만기 15년 이하의 모든 ",,,
67,da1fb8f77514,2026-03-06,연합뉴스,통신사/방송,최저임금,"용인시, 올해 2단계 희망드림일자리사업 참가자 300명 모집","(용인=연합뉴스) 김광호 기자 = 경기 용인시는 오는 9일부터 18일까지 올해 2단계 희망드림일자리사업 참가자 300명을 모집한다고 6일 밝혔다. 사업에는 정기적인 소득이 없는 만 18세 이상 용인시민이면 누구나 지원할 수 있으며, 재산총액이 4억원 이하, 기준중위소득 70% 이하인 시민을 우선 선발한다. 사업 참여자는 5월 6일부터 8월 18일까지 공공서비스 지원, 환경정화, 공공재 사후관리 등 3개 분야 222개 사업에 배치된다. 근무 시간은 65세 미만의 경우 하루 5시간(주 25시간), 65세 이상은 하루 3시간(주 15시간) 이며, 급여는 올해 최저임금(시급 1만320원)을 적용받는다. 근무 일수에 따라 소정의 부대비도 지급된다. 참여를 희망하는 시민은 신분증과 관련 증빙서류 등을 지참해 본인 거주",,,
68,e38bb5d8687d,2016-08-01,경향신문,진보,경상수지,6월 경상수지 흑자 121.7억달러…역대 최대치 갱신,"6월 경상수지가 역대 최대치인 121억7000만달러 흑자를 기록했다. 유가 하락으로 상품수지가 사상 최대 규모 흑자를 낸 것에 영향을 받았다. 이로써 경상수지는 2012년 3월 이후 52개월 연속 최장기 흑자 기록을 이어갔다. 1일 한국은행이 발표한 ‘2016년 6월 국제수지(잠정)’에 따르면 상품수지와 서비스수지 등을 합산한 경상수지는 121억7000만달러 흑자로 집계됐다. 월 기준으로 경상수지 흑자 규모가 120억달러를 넘어선 것은 이번이 처음으로, 직전 최대치였던 지난해 6월(118억7000만달러)보다 3억달러 늘었다. 상반기 경상수지 흑자는 499억8000만달러로 반기 기준 역대 세번째로 많은 것으로 나타났다. 한국은행은 올해 경상수지 흑자 규모가 950억달러가 될 것으로 전망하고 있다. 6월 경상수",,,
69,8410c4b1b434,2018-09-05,매일경제,경제지,반도체_수출,사업보국·인재제일이 꽃피운 반도체…초일류 삼성 토대되다,"◆ 다시 기업가정신이다 / ③ 삼성그룹 故 이병철 선대회장(창업주) ◆ 지난 7월 10일 매일경제신문은 한국경영학회, 진주시 등과 함께 경남 진주를 대한민국 기업가정신 수도로 선포했다. 삼성 LG GS 효성 등 글로벌 기업의 창업주를 배출한 기업가정신을 기려 성장동력이 식어가는 한국 경제와 재계에 새로운 활력을 불어넣기 위함이었다. 기업가정신 수도 선포의 일환으로 매일경제신문, 한국경영학회, 진주시 등은 5일 경남 진주시청에서 '대한민국 기업가정신 수도 구축을 위한 세미나'를 열었다. 이날 세미나에서는 진주 기업가정신의 사상적 단초를 제공한 남명 조식 선생의 경의사상을 짚어보고, 이병철 삼성그룹 선대회장의 가문과 기업가정신(이상호 경상대 윤리교육과 교수), 진주 지수면 승산리 역사와 지수초 기업인(이충도 지",,,
70,68d110486b76,2026-02-26,연합뉴스,통신사/방송,기준금리,"증권가 ""기준금리 동결 장기화 예상…인상 우려 완화""","연내 금리 2.5% 유지 관측 우세 속 4분기 인하 전망도 (서울=연합뉴스) 김태종 기자 = 증권가는 26일 열린 한국은행 금융통화위원회의 통화정책방향 회의 결과에 대해 향후 기준금리 동결이 장기화할 것으로 관측했다. 특히, 금통위가 그동안 시장 예상보다 매파(통화긴축 선호)적 스탠스를 보인 것과 달리 이번에는 금리 인상에 대한 우려를 완화한 것으로 분석했다. 금통위는 이날 기준금리를 연 2.50%로 유지했다. 2024년 10월 0.25%포인트(p) 인하 이후 6회 연속이다. 키움증권 안예하 연구원은 ""반도체 중심의 수출 회복과 성장 개선 기대는 여전히 유효하지만, 한은은 동시에 소비·내수 부문과의 양극화 확대를 지적하며 성장률 상향에도 통화정책 기조를 서둘러 조정하지 않고 있다""며 ""이런 환경을 고려하면 ",,,
71,0faec6641cd3,2018-08-21,한겨레,진보,물가_인상,"폭염에 배추 90%, 무 60%, 고춧가루 56% 급등…식탁물가 ‘비상’","[한겨레] 7월 농산물 생산자물가 전달보다 7.9% 올라 축산물도 닭 14%·달걀 23% 등 오름세 보여 올여름 이례적 폭염 탓…소비자물가도 영향 폭염과 가뭄으로 7월 생산자물가가 농산물을 중심으로 큰폭으로 뛰었다. 한국은행은 21일 “2018년 7월 생산자물가지수가 공산품, 농림수산품 등 값이 오르면서 전달보다 0.4%, 지난해 같은 기간보다 2.9% 상승한 104.83(2010년=100)으로 집계됐다”며 “이는 2014년 9월(105.19) 이후 최고치”라고 밝혔다. 생산자물가지수(PPI)는 생산비 변동을 나타내는 지수로, 일정 시차를 두고 소비자물가지수(CPI)에 영향을 준다. 품목별로는 농림수산품이 폭염으로 크게 뛰었다. 농산물은 전달보다 7.9%, 축산물이 3.5% 올랐다. 농산물 가운데서는 시금치",,,
72,3fe93913894d,2019-08-28,연합뉴스,통신사/방송,반도체_수출,日백색국가 제외 강행…식품·목재 뺀 전품목 수출규제 '사정권',"정부 159개 품목 집중관리…일본 ICP 기업 등 적극 활용해야 (서울=연합뉴스) 김성진 고은지 기자 = 일본이 28일 예정대로 한국을 백색국가(수출절차 우대국)에서 제외하는 제도를 강행하면서 이날 0시를 기해 일본 기업들의 대(對)한국 수출 절차가 대폭 강화됐다. 정부와 전략물자관리원에 따르면 한국이 백색국가 지위를 잃으면서 비(非)민감품목 전략물자와 비전략물자여도 무기로 전용될 우려가 있는 품목의 대한국 수출 방식이 일반포괄수출허가에서 개별허가 또는 특별일반포괄허가로 바뀐다. 전략물자 비민감품목에는 첨단소재, 재료가공, 전자, 컴퓨터, 통신·정보보안, 센서 및 레이저, 항법장치, 해양, 항공우주·추진, 무기류 제외 기타 군용품목 등 857개 품목이 들어간다. 여기에 비전략물자까지 포함하면 사실상 식품과 ",,,
73,9e4aa2e024e1,2024-09-04,연합뉴스TV,통신사/방송,경기침체,다시 커진 미 경기침체 우려…뉴욕증시 급락,"<출연 : 이인철 참조은경제연구소장> 노동절 연휴를 끝낸 미국 뉴욕증시가 큰 폭으로 떨어졌습니다. 미국의 제조업 경기가 크게 위축되고 있다는 지표가 나오면서 경기 침체 우려가 다시 커진 건데요. 한편 이달부터 은행들이 전방위적인 '대출 옥죄기'에 들어갔는데요. 관련 내용 이인철 참조은경제연구소장과 자세히 짚어봅니다. <질문 1> 노동절 연휴를 마치고 돌아온 뉴욕증시가 급락했습니다. 3대 증시 모두 크게 떨어졌는데요. 지난달 5일 '블랙 먼데이' 이후 최대 폭락을 기록했는데, 경기 침체 우려가 다시 커졌다고 봐야 할까요? <질문 2> 증시가 이렇게까지 급락한 이유는 뭔가요? 간밤에 미국에서 발표된 경기지표가 많이 좋지 않았던 건가요? <질문 3> 반도체주들의 하락이 눈에 띄는데, 특히 인공지능 대장주 엔비디아",,,
74,14ea68f6b47e,2024-08-19,한국경제,경제지,가계부채,가계부채 대응하느라…제4인뱅·저축銀 M&A 뒷전으로 밀려났다,"폭증하는 가계 빚 관리가 당면 과제로 떠오르면서 금융당국이 추진해온 금융권 경쟁 촉진 방안들이 뒷전으로 밀리고 있다는 지적이 나온다. 제4 인터넷은행, 수도권 저축은행 인수합병(M&A) 허용 등은 아예 수면 아래로 가라앉았다. 19일 금융권에 따르면 금융위원회는 제4 인터넷은행 인가와 관련해 “신중하게 심사한다”는 태도를 유지하고 있다. 총 다섯 곳의 컨소시엄이 네 번째 인터넷전문은행 설립 계획을 내놨으며, 시중은행들도 각 컨소시엄에 참여 의사를 밝힌 상태다. 제4 인터넷은행은 정부가 지난해 7월 제시한 ‘은행권 경영·영업 관행·제도개선 방안’의 주요 과제다. 신규 은행 진입을 적극 허용해 금융소비자가 경쟁의 효과를 체감하도록 한다는 게 금융당국의 목표다. 금융위가 신규 인터넷은행에 신중한 태도를 보이는 것",,,
75,8e82d95a2ec2,2016-09-02,연합뉴스,통신사/방송,환율_달러,원/달러 환율 4.9원 하락…美 제조업지표 부진 영향,"(서울=연합뉴스) 노재현 기자 = 원/달러 환율이 미국의 경제지표에 따라 높은 변동성을 보이고 있다. 2일 서울 외환시장에서 원/달러 환율의 종가는 달러당 1,117.2원으로 전일 종가보다 4.9원 하락했다. 이날 원/달러 환율은 5.1원 내린 1,117.0원에 거래가 시작됐다. 수입업체들의 결제 수요(달러화 매수) 등으로 오전 11시께까지 반등했지만, 다시 하락세로 바뀌었다. 원/달러 환율은 전날에는 미국 민간부문 고용 통계의 호조로 7.3원 상승했다. 하락세 전환은 미국의 경제지표 부진에 따른 달러화 약세의 영향으로 보인다. 미국 공급관리협회(ISM)는 지난 1일(현지시간) 8월의 제조업 구매관리자지수(PMI)가 전월의 52.6에서 49.4로 급락했다고 발표했다. 미국의 제조업 지표가 시장의 예상보다 좋",,,
76,192ea8b62dbd,2020-08-07,중앙일보,보수,부동산가격,“김조원 아파트 시세보다 비싸게 내놨다” 논란…청와대 “남자들은 부동산 잘 몰라”,"김 수석, 잠실아파트 다시 거둬들여 부동산 정책 다루는 고위 공직 조사 경실련 “107명 중 39명이 다주택” 김조원 청와대 민정수석이 서울 잠실의 47평형 아파트를 시세보다 비싼 가격에 내놨다 다시 거둬들인 것으로 알려져 논란이 일고 있다. 김 수석은 본인 명의로 서울 강남구 도곡동 도곡한신아파트와 아내 명의로 송파구 잠실동 갤러리아팰리스 아파트를 보유하고 있다. 김 수석은 지난 7월 잠실 아파트를 22억원에 인근 부동산중개업소에 내놓은 것으로 전해졌다. 그러나 국토교통부 실거래가 기준으로 최고가는 6월에 거래된 19억9000만원이었다. 최근 거래(7월 8일)된 가격(17억8000만원)보다는 4억2000만원 비싸다. 김 수석의 매물은 6일 언론 보도로 비판이 일고 난 뒤 부동산 포털사이트에서 사라졌다. 김",,,
77,02004881e70f,2017-02-23,연합뉴스,통신사/방송,환율_달러,"이주열 ""4월 위기설 '과장'…환율조작국 지정 가능성도 작다""(종합)","환율은 시장서 자율적으로 결정…과도한 쏠림만 미세조정 중국이 조작국 지정되면 한국 수출과 경기에 부정적 영향 (서울=연합뉴스) 노재현 기자 = 이주열 한국은행 총재가 이른바 '4월 위기설'에 대해 ""과장된 것이고 실제 위기로 전개될 가능성은 크지 않다""고 일축했다. 그는 또 한국이 오는 4월 미국으로부터 환율조작국으로 지정될 가능성도 크지 않다고 평가했다. 이주열 한국은행 총재는 23일 금융통화위원회를 마친 뒤 가진 기자회견에서 ""이른바 '4월 위기설은 과장됐고 (실제) 위기로 전개될 가능성은 크지 않다고 판단한다""고 말했다. 최근 금융시장 일각에서는 4월에 한국이 미국으로부터 환율조작국으로 지정될 위험이 있고 대우조선해양의 회사채 4천400억원 어치가 만기도래해 경제 위기로 비화할 수 있다는 '4월 위기설",,,
78,ba0a7f837f5d,2025-02-27,SBS,통신사/방송,가계부채,"1억 미만 대출도 소득 본다…금융당국 ""이달 가계부채 상당 증가""","▲ 금융위원회 권대영 사무처장이 27일 서울 종로구 정부서울청사에서 2025년도 가계부채 관리방안 브리핑을 하고 있다. 금융당국이 최근 토지거래허가제 등 부동산 규제가 완화된 서울 일부 지역을 비롯해 수도권 부동산 시장이 국지적으로 상승폭 확대 조짐을 보인다고 평가하고, 상황을 예의주시하면서 필요시 선제 대응할 계획이라고 밝혔습니다. 또 이달 들어 가계부채가 상당한 증가세를 보이는 모습에는 유의할 필요가 있다고 진단했습니다. 금융당국은 은행들이 총액 1억 원 미만, 중도금·이주비 대출 등 소득심사를 하지 않는 가계대출도 제대로 된 소득자료를 받아서 자체적 여신관리에 활용할 수 있도록 유도할 계획입니다. 금융위원회는 오늘(27일) 권대영 사무처장 주재로 기획재정부, 행정안전부, 국토교통부, 한국은행, 금융감독",,,
79,9ac8b1096817,2016-09-01,서울경제,경제지,부동산가격,감정평가 → 부동산 시장 조사·관리 전문기관 ··· 한국감정원 47년 만에 새 출발,"한국감정원이 설립 47년 만에 감정평가 전문기관에서 부동산시장 조사·관리 전문기관으로 새 출발한다. 감정원은 1일 대구 동구혁신도시 본사에서 뉴-비전 선포식을 개최, 부동산시장 조사·관리 및 공시·통계 전문기관으로의 새 출발을 알렸다. 이는 이날부터 시행된 한국감정원법에 따른 것이다. 감정원은 1969년 정부가 출자한 감정평가 전문기관으로 설립됐는데 법 시행으로 47년 만에 탈바꿈하게 됐다. 서종대(사진) 감정원장은 선포식에서 “설립 근거법조차 없던 감정원이 한국감정원법 제정으로 호적에 떳떳하게 이름을 올릴 수 있게 됐다”며 “혼탁한 부동산 시장과 감정평가 질서를 바로잡아 국가발전과 국민 권익 향상에 이바지하겠다”고 강조했다. 한편 이날 감정원은 새 기능에 최적화된 조직개편도 단행한다. ‘선수기능’의 감정평",,,
80,9f06fbc9afc0,2024-10-24,연합뉴스,통신사/방송,부동산_대출,새마을금고 임원가담 933억 부동산 불법 대출 일당 109명 송치(종합),"214억 추가 불법 대출 적발…113억 기소전 몰수 추징 (의정부=연합뉴스) 최재훈 기자 = 새마을금고 임원까지 가담한 933억원대 부동산 불법 대출 사건의 공범 33명이 추가로 무더기 검거됐다. 경찰은 지난 5월 주범인 대출 브로커 A씨와 새마을금고 모 지점 전 임원 B씨를 구속 송치하고 수사를 마무리했다. 검거된 33명을 포함해 송치 인원만 총 109명이다. 경기북부경찰청 반부패·경제범죄 수사 2대는 특정경제범죄가중처벌 등에 관한 법률 위반 등 혐의로 부동산 회사 실운영자와 공인중개사, 명의대여자 등 33명을 송치했다고 24일 밝혔다. 이번에 검거된 부동산 회사 실운영자 C씨는 브로커 A씨와 공모해 약 214억원의 불법 대출을 받은 혐의를 받는다. 계약 형태는 C씨가 A씨에게 속칭 '작업 대출'을 의뢰하",,,
81,19657db00a28,2019-01-27,경향신문,진보,부동산가격,거래 절벽의 ‘함정’에 빠진 부동산 정책,지난해 발표한 9·13 부동산 대책 효과일까. 지난해 11월을 기점으로 아파트 상승세가 멈춰섰다. 서울의 아파트 값은 10주 연속 하락세를 이어가고 있다. 주택 가격 오름세가 꺾이자마자 부동산시장 침체에 대한 우려가 고개를 들고 있다. ‘빙하기’에 들어선 시장이 ‘거래절벽’을 맞았다는 것이다. 지난 연말부터 자유한국당과 보수언론을 중심으로 시작된 ‘부동산 침체론’이 해를 넘기면서 더욱 거세게 일고 있다. 부동산 업계에서는 서둘러 건설경기 부양을 통한 출구전략을 마련해야 한다는 주장도 나온다. 내집 마련의 꿈을 앗아간다며 ‘미친 집값’을 질타하던 여론이 불과 몇 개월 만에 손바닥 뒤집듯 입장을 바꾼 것이다. 집값 상승세가 한풀 꺾일 때마다 등장했던 ‘거래절벽론’은 이번에도 여지없이 나타났다. ■부동산 정책 흔,,,
82,ce8af5c8a56d,2018-03-05,연합뉴스,통신사/방송,경기침체,반난민 정서·경제침체로 극우·포퓰리즘 맹위,"출구조사서 반체제 포퓰리즘 성향 오성운동·극우당 동맹 약진 (로마=연합뉴스) 현윤경 특파원 = 4일 실시된 이탈리아 총선은 이탈리아 사회에 광범위하게 퍼져 있는 반(反)난민 정서가 사실상 승부를 가른 것으로 평가된다. 지난 몇 년 간 대규모로 유입돼 사회, 경제적 부담을 가중시킨 난민에 대한 반감은 '이탈리아 우선'과 강경한 난민 정책을 공약한 극우와 포퓰리즘 세력이 맹위를 떨치는 자양분이 됐다. 이탈리아에는 2013년 이래 현재까지 약 70만 명의 아프리카·중동발 난민이 지중해를 건너 유입됐고, 유럽연합(EU) 다른 회원국들이 난민 분산 수용에 미온적인 태도를 보이고 있는 탓에 현재 약 50만 명의 불법 난민이 이탈리아에 발이 묶여 있다. 2016년 EU와 터키가 체결한 난민협정으로 난민들이 그리스를 거쳐",,,
83,939fc749c44b,2022-03-02,매일경제,경제지,경기침체,탄소배출권 시장에 무슨 일이…관련 ETF 하루만에 -20% 폭삭,러시아 우크라이나 침공으로 유럽 경기 둔화 가능성 커져 석유·천연가스 가격 급등하며 풍력 등 재생에너지 전환가속 유럽 배출권 12월물 15% 급락 국내상장 ETF 10%대 떨어져 한국과 미국 주식 시장에서 거래되고 있는 탄소배출권 상장지수펀드(ETF)가 러시아에 대한 경제제재 강화 움직임에 급락했다. 배출권 ETF는 주식과 상관관계가 거의 없어 최근 약세장에서 대안 투자 상품으로 큰 인기를 끌어왔다. 하지만 하루 만에 20% 가까이 폭락하면서 올해 거둔 수익을 모두 반납했다. 투자자들은 충격에 빠졌다. 2일 한국거래소에 따르면 이날 국내에 상장된 유럽·글로벌 탄소배출권 ETF는 모두 10% 넘게 조정받았다. 규모가 가장 큰 삼성자산운용의 코덱스(KODEX) 유럽탄소배출권선물ICE(H) 기준으로 지난해 12월,,,
84,eeb4ad88ee25,2023-09-01,경향신문,진보,기준금리,중국 “부동산 살려라”…주택 계약금 비율·주담대 금리 인하,"중국 당국이 침체된 부동산 시장 활성화를 위해 주택 구입 시 최초 불입금(계약금) 비율을 낮추고 주택담보대출 금리를 인하하는 조치를 내놨다. 최근 주택담보대출 완화 등 잇단 부동산 대책을 내놓고 있지만 효과를 발휘할 수 있을지에 대해서는 시장의 분석이 엇갈린다. 중국 중앙은행인 인민은행은 국가금융감독관리총국과 함께 지난달 31일 ‘주택신용정책 최적화’와 ‘최초 주택담보대출 금리 인하’에 관한 통지를 발표했다고 CCTV 등이 1일 보도했다. 양 기관은 통지에서 첫 번째 주택 구매자의 계약금 비율을 20%로 통일하고, 두 번째 주택 계약금 비율은 30%로 통일한다고 밝혔다. 주택을 구입할 때 일시불로 먼저 내야 하는 계약금 비율을 낮추겠다는 것이다. 계약금 비율이 낮아진다는 것은 주택 구매자들이 은행에서 받을 ",,,
85,70ea2a931d1b,2024-02-21,한국경제,경제지,부동산_대출,PF 부실 '비상'…농·신협 부동산 대출 옥죈다,"상호금융권 감독규정 개정 건설·부동산업 대출 관련 대손충당금 30%씩 상향 ""건전성 악화 막기 위한 조치"" 시행사 자기자본 규제도 검토 일각 ""부동산 시장 위축"" 우려 금융당국이 농협 수협 신협 새마을금고 등 상호금융업권의 부동산 대출 규제를 대폭 강화한다. 상호금융조합이 건설·부동산 대출 부실화에 대비해 쌓아야 하는 충당금을 30%씩 늘리기로 했다. 부동산 프로젝트파이낸싱(PF) 사업장 부실 위험이 커지면서 상호금융조합의 건전성이 크게 악화하는 것을 막기 위한 조치다. 다만 상호금융조합이 충당금 부담으로 대출을 줄이면 건설 사업장이 차질을 빚을 수 있다는 관측도 나온다. ○감독규정 개정안 의결 금융위원회는 21일 정례회의에서 농협 수협 신협 등 상호금융조합의 건설·부동산업 대출에 대한 대손충당금 적립 비율",,,
86,b24b14950a97,2025-02-03,경향신문,진보,경기침체,주택경기 침체에···신규 주택건설업 등록 15년만에 최저,"주택경기 침체 장기화로 지난해 주택건설업에 새롭게 뛰어든 업체가 2009년 이후 가장 낮은 수준을 기록했다. 3일 대한주택건설협회에 따르면 지난해 주택건설업 신규등록 업체는 421곳으로 집계됐다. 이는 2009년(363곳)이후 가장 적은 수치다. 주택건설업 신규등록업체는 집값이 고점을 형성하던 지난 2021년 2191곳에 달했으나 2022년 1086곳으로 감소했고, 2023년 429곳으로 줄었다. 지난해에는 민간부문 주택 수주가 크게 위축됐으나, 한국토지주택공사(LH)를 중심으로 한 공공주택 발주가 시장을 떠받쳤다. 지난해 사업을 계속할 수 없어 주택건설업 등록을 자진 반납한 업체는 796곳으로 2023년(843곳)보다는 다소 줄었다. 그러나 10년 장기 평균(606곳)보다는 높은 수준인다. 요건에 부합하지",,,
87,e622f3387240,2026-03-02,한국경제,경제지,기준금리,고개 든 중동 리스크…환율 1450원선으로 뜀박질,지난주 1440원대에 출발한 원·달러 환율은 지난달 28일 야간 거래에서 1444원으로 마감했다. 지난주 환율은 1420~1440원대를 오가는 등 등락폭이 컸다. 지난달 25일에는 1427원80전까지 떨어졌다. 야간 종가 기준으로 환율이 1420원대로 떨어진 것은 지난해 10월 29일(1421원) 이후 넉 달 만이다. 당시만 해도 미국과 이란의 핵 협상 기대가 커지는 등 위험자산 선호 심리가 약해진 영향이다. 하지만 이번주 외국인 투자자가 유가증권시장에서 순매도 행진을 이어가면서 환율은 재차 1440원대로 치솟았다. 이번주 환율은 1450원대로 치솟을 수 있다는 평가가 나온다. 지난달 28일 미국과 이스라엘의 이란 공격에 따라 달러 등 안전자산 선호 심리가 강해질 것이라는 평가에서다. 2일 뉴욕 차액결제선물,,,
88,237d56f86044,2020-02-27,연합뉴스,통신사/방송,가계부채,"증권가 ""한은 금리인하 '선택' 아닌 '필수'…4월 유력""(종합2보)","금통위원 2명 금리인하 소수의견…경기 불안 우려도 여전 글로벌IB도 4월 인하 전망…예상 깬 동결에 국고채 금리 급등 (서울=연합뉴스) 김기훈 김아람 곽민서 기자 = 한국은행 금융통화위원회가 27일 기준금리를 현 수준인 연 1.25%로 동결하자 증권가에서는 4월 금통위에서 금리가 인하될 가능성이 크다는 진단이 나왔다. 신종 코로나바이러스 감염증(코로나19) 확산에 따른 불확실성 고조에도 금통위가 신중한 입장을 고수했으나, 여전히 금리 인하 기대는 유효하다는 분석에 무게가 실린다. 강승원 NH투자증권 연구원은 ""2명의 금리 인하 소수의견이 유지됐고 1분기 경기지표가 크게 부진할 것으로 보여 4월에는 금리 인하가 단행될 것으로 전망한다""며 ""금리 인하 시점이 4월로 이연된 것이며 연내 동결을 유지하기는 어려울 ",,,
89,3cbfdd491210,2022-03-04,서울경제,경제지,반도체_수출,"인텔, 내주 獨 110조 반도체 팹 투자 발표…미·유럽 반도체 동맹",[서울경제] 인텔이 신규 공장 건설 지역으로 독일을 낙점한 것은 반도체 인프라가 한국·대만·일본 등 아시아에 편중된 만큼 공급망을 유럽 지역으로 확대하겠다는 의미를 담고 있다. 인텔의 이 같은 행보는 반도체를 전략산업으로 육성해 반도체 공급망을 새로 구축하겠다는 조 바이든 미국 행정부의 전략과 맞닿아 있다. 메모리 분야에서 부동의 1위를 고수하며 파운드리 등 시스템 반도체 투자에 사활을 걸고 있는 삼성전자는 인텔의 파상 공세로 경쟁이 더욱 치열해지는 상황에 직면하게 됐다. 인텔은 새로 건설하는 독일 공장에서 자사 반도체는 물론 고객사 칩을 대신 생산하는 칩 위탁 생산(파운드리) 라인을 함께 운영할 가능성이 크다. 특히 최근 회사 파운드리사업부(IFS) 내 차량용 반도체 조직을 별도로 꾸린 만큼 유럽에 있는 ,,,
90,1ae9ba5f1957,2021-03-04,한국경제,경제지,가계부채,"'100억 투기' LH 사과하면 뭐하나…직원들 ""투자가 어때서""","LH(한국토지주택공사) 직원들의 100억원대 땅투기 의혹과 관련 여파가 커지고 있습니다. LH는 ""모든 직원 및 가족 토지거래에 대해 사전신고제를 도입하겠다""며 사과를 했지만, 논란은 쉽사리 가라앉지 못할 전망입니다. 변창흠 국토교통부 장관이 LH 사장이던 때 대부분의 투자가 이뤄진 것도 눈총을 받고 있습니다. 문재인 대통령은“광명시흥은 물론 3기 신도시 전체를 대상으로 국토교통부, LH, 관계공공기관 등 신규 택지개발 관련 부서 업무자와 가족 등에 대한 토지 거래 전수조사를 빈틈없이 시행하라”고 지시했습니다. 총리실을 주축으로 국토교통부, 지자체 등으로 정부합동조사단이 출범할 예정입니다. 오늘도 부동산과 관련된 뉴스들을 전해드립니다. ◆ LH 대국민 사과문…""모든 직원·가족 토지거래 사전신고제 도입"" 첫 ",,,
91,373c58a5e42e,2017-09-05,연합뉴스,통신사/방송,반도체_수출,해외여행 늘고 사드피해 지속…7월 여행수지 적자 사상최대,경상수지 65개월 연속 흑자…서비스수지 적자 2배로 (서울=연합뉴스) 최윤정 기자 = 휴가철인 7월 해외여행객이 역대 최대인 반면 사드 보복조치 여파로 중국 단체 관광객 발길이 끊기며 여행수지 적자도 사상 최대를 기록했다. 한국은행이 5일 발표한 '2017년 7월 국제수지(잠정)'를 보면 올해 7월 여행수지 적자는 17억9천만 달러를 기록했다. 글로벌 금융위기 직전인 2008년 7월(16억5천만 달러)에 기록했던 사상최대 기록을 경신했다. 작년 7월(12억8천만 달러)과 전월(13억9천만 달러)에 비해서도 악화됐다. 특히 여행지급이 27억6천만 달러로 작년 8월(28억2천만 달러) 이래 역대 2위다. 이는 7월 출국자 수가 238만9천명으로 작년 같은 달보다 14.5% 늘며 사상 최대를 기록한 데 따른 것이,,,
92,0113890233ef,2022-03-03,한국경제TV,경제지,경기침체,우크라이나 사태 속에 파월의 증언 3월 FOMC `0.25%p 인상 시사`...묘수? 악수?,"우크라이나 사태 속에 열렸던 파월 의장의 발언이 주목됐는데요. 월가에서 우려해왔던 0.5%p 빅스텝 인상보다는 0.25%p 인상을 선택해 뉴욕 주가가 크게 올랐습니다. 최대 관심사인만큼 오늘은 이 내용 알아보겠습니다. 도움 말씀에 한국경제신문, 한상춘 논설위원 나와 계십니다. Q. 우크라이나 사태 속에 열렸던 파월 의장의 의회 증언 이후 월가에서는 대환영을 하는 분위기죠? - 파월 의회 증언, 3가지 사항 관심될 듯 - 우크라 사태에 대한 연준과 파월 평가는? - 인플레 정도, 얼마나 심각하게 보나? - 연준의 독립성과 중립성, 과연 유지할 수 있나? - 파월, 우크라이나 스트레스 ‘청량제 역할’ 환호 - 3월 FOMC 0.5%p 빅스텝보다 0.25%p 인상 시사 - 금리인상과 양적긴축과의 연계…지켜보고 결",,,
93,2ca6216ae80b,2018-08-31,SBS Biz,경제지,기준금리,집값 잡으려면 금리 올리라는데…언제쯤 인상될까?,"이주열 “금융상황에 유의”…연내 동결 시그널? <앵커> 관심은 한은이 언제 금리를 올릴지에 쏠리고 있습니다. 그리고 금리 인상으로 치솟는 집값이 잡힐지도 관심인데요. 취재기자와 자세한 이야기 나눠보겠습니다. 이한승 기자 나왔습니다. 이 기자, 이주열 총재 발언만 살펴보면 경기 부진에 방점을 둔 듯 싶은데요. 또 금통위에서 인상 소수의견이 나왔죠? 이런 상황에서 한은 금통위 언제쯤 금리를 올릴까요? <기자> 올해 금통위는 오는 10월과 11월, 두 번 남았는데요. 벌어지고 있는 한미 금리 차나 1500조 원 돌파를 눈앞에 둔 가계부채 등을 고려했을 때에는 연내에 금리를 올려야 한다는 주장이 힘을 받고 있습니다. 금통위에서 금리 인상 소수의견이 나왔다는 점에서 연내 인상이 아직 유효하다는 이야기도 있습니다. 반",,,
94,1f2521ae8b6a,2017-01-04,한국경제,경제지,경상수지,"코스피, 경제지표 호조 영향에 반등…경상수지 57개월 연속 흑자","[ 김아름 기자 ] 코스피지수가 11월 수출입이 큰 폭으로 늘어났다는 한국은행의 발표에 상승세로 돌아섰다. 4일 오전 11시13분 현재 코스피지수는 전날보다 1.37포인트(0.07%) 오른 2045.34에 거래되고 있다. 지수는 2.12포인트 내린 2041.85로 출발해 2040선에서 등락을 거듭했다. 하지만 한국은행이 이날 발표한 2016년 11월 잠정 국제수지에서 경상수지 흑자가 전월 대비 2억7000만 달러 증가한 89억9000만 달러로 나타나면서 소폭 상승세로 돌아섰다. 한국은행에 따르면 11월 수출은 전년 대비 7.7% 늘어난 464억6000만달러, 수입은 10.6% 증가한 359억4000만 달러로 나타났다. 수출액이 전년 동기 대비 증가한 것은 2014년 6월 이후 2년5개월만이다. 경상수지는 2",,,
95,852a64aec94b,2019-04-19,SBS Biz,경제지,부동산_대출,저축銀 ‘부동산임대업대출’ 급등…당국 “상환능력 저하 우려”,"1년새 150%씩 급증…금감원, 2월부터 저축銀 부문검사 돌입 [앵커] 안 그래도 저축은행은 은행보다 대출 위험도가 높을 수밖에 없습니다. 이런 상황에서 경기에 영향을 많이 받는 대출이 특히 늘고 있으니 우려가 커질 수밖에 없는데요. 앞서 보도한 박규준 기자와 좀 더 이야기 나눠 보겠습니다. [앵커] 박 기자, 우선 이 자영업대출 증가세부터 짚어보죠. 네, 현재 업권 불문하고 금융당국이 가장 예의주시하는 부분이 바로 자영업자 대출인데요. 특히 저축은행 등 2금융권 대출이 급속도로 늘고있습니다. 은행 자영업대출 증가율은 8%대인 반면, 저축은행은 30%가 넘습니다. 금감원은 3월 착수한 예보와의 '공동검사', 그리고 2월경부터 시작한 '부문검사'에서 이 자영업대출 실태를 집중 들여다볼 계획입니다. 기본적으로 ",,,
96,c3751fccf7da,2021-02-19,연합뉴스,통신사/방송,환율_달러,"원/달러 환율 하락해 1,105.9원 마감…""방향성 없는 장세""","(서울=연합뉴스) 김남권 기자 = 원/달러 환율이 19일 소폭 하락해 1,100원 중반대에서 한 주를 마감했다. 이날 서울 외환시장에서 원/달러 환율은 전날 종가보다 1.7원 내린 달러당 1,105.9원에 거래를 마쳤다. 환율은 0.3원 내린 달러당 1,107.3원으로 출발했다. 하락 흐름을 유지한 환율은 오전 11시께 상승 전환하기도 했다. 이후 환율은 위안화 약세 등에 연동해 고점을 1,111.0원까지 높였으나 다시 하락으로 돌아섰다. 환율 방향성을 좌우할 대형 변수가 없는 상황에서 수급과 국내 증시 등에 환율이 영향을 받는 장세가 이어지고 있다. 국내 증시에서 코스피는 상승과 하락을 오가는 장세 속에 0.68% 오른 3,107.62로 마쳤다. 유가증권시장에서 외국인이 사흘째 순매도를 이어간 영향으로 환",,,
97,20034786e86a,2018-02-01,서울경제,경제지,경기침체,"집값 되살릴 동아줄인가, 침체지역 낙인만 찍나","최근 급매물 소진 완만한 회복...마이너스프리미엄도 줄어 ""청약1순위 제한 풀리면 외부 수요 더 들어올 것"" 기대감 ""눈앞 효과만 생각하고 정책 던지면 시장 더 왜곡"" 지적도 입주물량 부담으로 침체를 보였던 경기도 화성 동탄신도시의 아파트 분양권이 빠르게 소진되고 있는 가운데 정부가 검토중인 ‘청약위축지역’ 지정이 부동산 시장에 어떤 영향을 미칠지 주목되고 있다. 동탄신도시 전경 모습. /서울경제 DB [서울경제] 마이너스 프리미엄(매도자가 최초 분양가격보다 낮은 가격에 손절매하는 방식)이 붙은 새 아파트 분양권이 속출하며 수도권의 주택시장 침체지역 중 대표적인 곳으로 꼽히는 경기 화성의 동탄신도시가 최근 완만하게 회복세를 보이고 있다. 오는 4월1일 양도소득세 부담이 높아지기 전에 분양권을 정리하려는 매도",,,
98,a5675b9d56da,2025-07-11,매일경제,경제지,최저임금,“내가 24시간 일하고 싶은 심정”...최저임금 인상에 비명 지르는 자영업자들,"최저임금 인상 26개 법령에 연동 주휴수당 등 고려하면 부담 가중 경제단체들, 기업 부담 완화를 위한 후속 대책 마련 정부에 연달아 촉구 # 경북 경산에서 편의점 GS25를 운영하는 채 모씨(34)는 본인 점포에서 하루 14시간을 일한다. 연중무휴인 편의점업 특성상 휴일도 없이 주 7일을 일한다. 인건비가 높아 본인 노동력을 ‘갈아넣기’로 한 탓이다. 나머지 시간만 아르바이트를 번갈아 쓴다. 그는 “직장인들은 주 52시간 근무이라고 하는데, 나는 주 98시간을 일한다”면서 “인건비를 생각하면 계산대 옆에 야전침대를 놓고 내가 24시간 다 일하고 싶은 심정”이라고 했다. 2008년 이후 17년 만에 노사공 합의로 내년도 최저임금이 시간당 1만320원으로 결정됐다. 그러나 장기간 이어진 소비 침체 속에서 최저임",,,
99,8d2aac06af2c,2023-08-21,연합뉴스,통신사/방송,기준금리,"中, 경기악화에 기준금리 두달만에 인하…1년만기 LPR 0.1%p↓(종합)","주택담보 대출 기준인 5년만기 LPR은 동결 (베이징·서울=연합뉴스) 정성조 특파원 홍제성 기자 = 중국의 경기 하강 우려 속에 중앙은행인 인민은행이 사실상의 기준금리인 대출우대금리(LPR)를 2개월 만에 인하했다. 인민은행은 21일 홈페이지를 통해 1년 만기 LPR을 연 3.45%로 0.1%포인트 인하한다고 발표했다. 다만 5년 만기 LPR은 연 4.2%로 종전 금리를 유지했다. 인민은행은 지난해 8월 이후 동결했던 1년 만기와 5년 만기 LPR을 지난 6월 각각 0.1%포인트씩 인하했고, 지난달에는 동결한 바 있다. 인민은행이 1년 만기 LPR을 인하한 것은 지난 6월 이후 2개월 만이다. LPR은 명목상으로는 시중은행 우량 고객 대상 대출금리의 평균치이지만, 인민은행이 각종 정책 수단을 통해 결정하는 ",,,
100,81f599a035ca,2023-02-15,SBS Biz,경제지,경기침체,환율 하락·경기 침체에 1월 수출물가지수 3%↓…D램 16.1%↓,"원·달러 환율 하락과 경기 침체에 반도체를 중심으로 우리나라 수출 제품의 전반적 가격 수준이 3% 더 떨어졌습니다. 한국은행이 오늘(15일) 발표한 통계에 따르면, 1월 기준 수출물가지수(원화 기준 잠정치)는 114.28로, 지난해 12월 보다 3.0% 낮아졌습니다. 지난해 11월 이후 3개월째 하락세입니다. 품목별로는 컴퓨터·전자·광학기기(-7.7%), 섬유·가죽제품(-3.4%) 등이 많이 떨어졌고, 세부 품목에서는 D램(-16.1%), OLED(-6.5%), 에틸렌(-13.4%) 등의 가격이 낮아졌습니다. 서정석 한은 물가통계팀장은 ""반도체를 중심으로 글로벌 경기 둔화 영향과 원·달러 환율 하락 효과가 반영되면서 수출 물가가 내렸다""고 설명했습니다. 1월 수입물가지수는 지난달 보다 2.3% 낮은 134.",,,
101,c28919fb531a,2018-09-16,SBS Biz,경제지,부동산_대출,"금융硏 ""저소득층 비거주 부동산담보대출 급증""","최근 우리나라 저소득층의 금융부채가 비거주 부동산담보대출을 중심으로 크게 증가하고 있다는 분석이 나왔다. 16일 한국금융연구원 금융포커스에 게재된 '저소득층 금융부채 현황과 및 시사점'에 따르면 소득 1분위(소득 하위 20%) 가구의 금융부채 중 비거주 부동산담보대출 비중은 2012년 3월 10.8%에서 2017년 3월 19.6%로 8.8%포인트 상승했습니다. 같은 기간 소득 2·3·4분위 가구는 금융부채 중 비거주 부동산담보대출 비중이 5년간 각각 8.0%포인트, 0.6%포인트, 2.5%포인트 낮아져 상반된 결과를 나타냈습니다. 손석우 기자( ) ☞ 의견 있는 경제채널 SBSCNBC [홈페이지] [뉴스스탠드] ☞ 공식 SNS [페이스북] 저작권자 SBS플러스 & SBS I&M",,,
102,fddf57076dee,2017-09-04,동아일보,보수,부동산가격,대통령은 왜 재벌의  오토바이와 피자를 언급했나,"7월 말 문재인 대통령과 기업인들이 청와대에서 미팅을 가졌다. 대한민국을 움직이는 남자들의 관심사와 그들이 술잔을 잡고 나눈 이야기들. #1. 14. 232문재인 대통령과의 기업인 간담회에 초대된 인물들은 재계 순위 14위까지의 그룹 대표와 232위인 오뚜기 함영준 회장이다. 오뚜기는 일자리 창출 및 상생 협력 우수 기업으로 특별 초청됐고 대한상공회의소 박용만 회장도 자리에 함께했다. 간담회는 밀도 있는 만남을 위해 27일, 28일 2개 팀으로 나뉘어 진행됐다. 당초 팀을 나누는 기준을 두고 모범 기업과 분발이 필요한 기업으로 ‘우열반 편성’을 한다는 소문이 나돌아 한때 재계에 긴장감이 돌았으나 청와대는 자산 순위 짝수, 홀수로 미팅 날짜를 정했다. 이에 따라 첫날은 2위(현대차)·4위(LG)·6위(포스코)",,,
103,cedec5d61885,2020-08-24,SBS Biz,경제지,부동산가격,신규 확진자 400명 육박·재정건전성 ‘빨간불’·부동산 가격 상승세 지속,"■ 경제와이드 모닝벨 오늘(24일) 모닝벨이 선정한 이슈 세 가지입니다. ◇ 신규 확진자 400명 육박 어제 발표된 신규 확진자가 400명에 육박한 가운데 정은경 질병관리본부장이 현재 상황을 놓고 아직 정점이 아니라고 우려했습니다. ◇ 재정건전성 ‘빨간불’ 정치권을 중심으로 2차 긴급재난지원금을 지급해야 한다는 논의가 급물살을 타고 있는 가운데, 재정건전성 문제가 다시 도마 위에 올랐습니다. ◇ 부동산 가격 상승세 지속 서울 강남권에서 토지거래허가제가 시행된 지 두 달이 지났지만, 가격 상승세가 꺾이지 않는 등 정책 효과가 뚜렷하지 않다는 분석이 나왔습니다. 경제와이드 모닝벨, 오늘 준비한 소식은 여기까지입니다. 시청해주신 여러분 고맙습니다. 이광호 기자( );정인아 기자( ); 언제어디서나 SBSCNBC ",,,
104,18f53c0494c5,2026-03-06,SBS Biz,경제지,부동산_대출,이 시각 주요 뉴스,"■ 뉴스 11 '이 시각 주요 뉴스' ◇ 코스피 하락세 유지…국제유가 '급등' 코스피가 반도체 대장주들의 하락세로 오전 중 하락폭을 키우고 있습니다. 간밤 걸프 해역에서 유조선들이 공격을 당했다는 소식에 국제유가는 급등했습니다. ◇ 이 대통령 ""담합 가격조작, 중대범죄"" 이재명 대통령은 소셜 미디어에서 휘발유 등의 담합 문제를 강도 높게 비판했습니다. 이런 가운데에도 서울의 주유소 휘발윳값은 1900원을 넘어섰습니다. ◇ 2월 물가 상승률 2%…먹거리는 뛰어 이란 사태가 반영되기 전인 지난달 소비자물가는 2% 올라 1월과 같은 수준을 유지했습니다. 다만 축산물은 6개월 만에 가장 큰 폭의 상승률을 기록했고 쌀값도 11개월 연속 올랐습니다. ◇ 농협, 중도금·이주비대출 전면 중단 농협중앙회가 다음 주 중도금과",,,
105,15a7ea24be73,2024-10-17,한국경제,경제지,부동산_대출,“투자실탄 쌓았다…호주 부동산 대출·에너지 인프라 전환 주목”,‘ASK 2024 글로벌 대체투자 콘퍼런스’ LP 패널 토론 “투자 하기 매우 좋은 시기…지역·자산군 다변화 집중” “에너지 전환 등 인프라 시류 맞춰 지속 투자 나설 것” 이 기사는 10월 17일 15:14 마켓인사이트 에 게재된 기사입니다. 국내 기관투자가들이 금리 인하기에 부동산 및 인프라 자산에 대한 대대적인 투자를 예고했다. 호주 부동산 대출 등 지역과 자산군 다변화를 위한 틈새 시장이나 에너지 전환이 이뤄지고 있는 신재생 에너지 분야에 관심을 집중해야 한다고 입을 모았다. 송창은 행정공제회 해외부동산팀장은 17일 ‘ASK 2024 글로벌 대체투자 콘퍼런스’에서 부동산&인프라 분야 LP(출자자) 토론 패널로 참석해 “내년은 올해처럼 부동산에 투자하기 매우 좋은 시기라 여력이 있는 한 적극적으로 투자,,,
106,71633724325f,2016-09-04,서울경제,경제지,경기침체,"노원구, 재개발 지역 집수리사업 강화","서울 노원구는 주택경기 침체로 지연되고 있는 재개발·재건축 지역에 대한 주거의 질을 높이고 안전을 강화한다고 4일 밝혔다. 구는 10억원을 들여 노후화하고 있는 상계뉴타운(1·2·5구역)과 중계본동 주택재개발지역에 대한 집수리사업을 강화해 지역 주민들의 삶의 질을 높인다는 계획이다. 또 이들 지역에 대한 안전을 강화하기 위해 2억2,000만원을 들여 재개발·재건축지역 주요 진입로 및 취약지점 등에 CCTV 32대와 표지판 146개를 10월까지 설치하기로 했다. 구는 지난 4월 한국에너지재단의 에너지효율 개선사업 시행기관 모집에 응모해 7억6,000여만원을 확보하고 재개발지역 등 저소득 주민 약 511가구를 대상으로 집수리를 할 예정이다. 그동안 구는 서울시로부터 1억9,000여만원을 지원받아 상반기에 112",,,
107,10ebaa498b4a,2021-12-14,연합뉴스,통신사/방송,최저임금,"尹 ""최저임금·52시간제 후퇴 불가능…차별금지법 좀더 검토""","(서울=연합뉴스) 이동환 이은정 기자 = 국민의힘 윤석열 대선 후보는 14일 최저임금제나 주 52시간 근무제와 관련해 ""이미 정해져서 강행되는 근로 조건을 후퇴하기는 불가능하다""고 말했다. 윤 후보는 이날 관훈클럽 초청토론회에서 ""최저임금을 폐지하자고 한 적 없다. 당연히 유지돼야 하는 것""이라며 이같이 말했다. 윤 후보는 ""정치인은 보수·진보 가릴 것 없이 노동자 편일 수밖에 없다""며 ""솔직히 말하면 표가 그쪽에 훨씬 많다. 저는 사용자 편이 아니다""라고 강조했다. 이어 ""그러나 진정하게 노동자를 위하려면 사용자도 투자하고 기업을 운영할 수 있게 판을 깔 수 있게 해줘야 하는 점을 고려하자는 것""이라며 ""주 52시간도 68시간에서 1년 만에 줄였는데, 일본도 1년에 2시간씩 줄였다""라고 말했다. 윤 후보는",,,
108,433b75153d3d,2018-08-31,서울경제,경제지,환율_달러,인도 루피 사상 최저 또 경신···달러당 71루피 돌파,"[서울경제] 신흥국 금융시장 불안에 따른 여파가 인도 루피화 가치를 또 다시 사상 최저 수준으로 추락시켰다. 31일(현지시간) 인도 PTI통신 등에 따르면 루피화의 환율은 이날 오전 한때 달러당 71루피를 넘어섰다. 루피화의 달러 대비 환율이 71달러를 돌파한 것은 이번이 처음이다. 루피화는 전날에도 달러당 70.74루피로 역대 최저치를 기록한 바 있다. 루피화는 올해 들어 유가 상승, 미국발 무역전쟁 충격 등 악재가 겹치면서 약세가 이어지고 있다. 지난 6월 말에 이미 달러당 69루피를 넘어선 적이 있으나 최근들어 아르헨티나와 브라질, 터키 등 신흥시장 금융시장 충격파 등의 악재로 71루피 선이 깨진 것이다. 블룸버그 통신은 “신흥시장 통화 약세, 유가 상승 등이 겹치면서 루피화가 약세를 보였다”고 말했다",,,
109,bb3ec2e20a76,2019-02-26,매일경제,경제지,기준금리,주담대 금리 26개월 만에 최저,"한은 1월 금융기관 평균금리 경기 둔화 우려에 따른 장기 시장금리 하락에 은행 가계대출 금리가 계속 떨어지고 있다. 기준금리 인상이 무색한 모습이다. 그중 주택담보대출 금리는 2년2개월 만에 최저치를 기록했다. 한국은행이 26일 발표한 '2019년 1월 중 금융기관 가중평균 금리'에 따르면 지난달 예금은행 가계대출 금리(이하 신규 취급액 기준)는 연 3.58%로 한 달 전보다 0.03%포인트 내렸다. 가계대출, 집단대출, 일반 신용대출 금리가 일제히 떨어졌다. 가계대출 가운데 주택담보대출 금리는 연 3.12%로 0.07%포인트 내렸다. 2016년 11월(3.04%) 이후 최저치다. 집단대출 금리(3.14%)는 0.09%포인트, 일반 신용대출 금리(4.57%)는 0.07%포인트 하락했다. 500만원 이하 소액",,,
110,1415d1f59f09,2021-08-26,연합뉴스,통신사/방송,경기침체,기준금리 0.5→0.75% 인상…15개월만에 초저금리 시대 마감(종합),"인상은 2년9개월만…가계부채·집값·물가 억제에 초점 (서울=연합뉴스) 신호경 기자 = 지난해 코로나19의 여파로 사상 최저 수준(0.5%)까지 낮아진 기준금리가 15개월 만에 처음 0.25%포인트(p) 올랐다. 경기 방어 차원에서 돈을 풀기 위해 한은이 1년 반 동안 주도한 '초저금리 시대'가 막을 내렸다는 뜻이다. 한은 금융통화위원회(이하 금통위)는 26일 통화정책방향회의에서 현재 연 0.5%인 기준금리를 0.75%로 0.25%포인트 인상하기로 결정했다. 지난해 3월 16일 금통위는 코로나19 충격으로 경기 침체가 예상되자 기준금리 0.5%포인트를 한 번에 낮추는 이른바 '빅컷'(1.25%→0.75%)을 단행했고, 5월 28일 추가 인하(0.75%→0.5%)를 통해 2개월 만에 0.75%포인트나 금리를 빠",,,
111,93a9655ba236,2024-08-21,연합뉴스,통신사/방송,GDP_성장률,"""英, 상반기 성장률 호조에도 여전히 증세 계획중""","(런던=연합뉴스) 김지연 특파원 = 키어 스타머 영국 정부가 10월 발표할 정부 예산안에서 세금 인상을 계획하고 있다고 일간 가디언이 21일(현지시간) 보도했다. 올해 영국 경제 성장률이 1, 2분기에 연속해서 호조를 보였으나 높은 수준의 공공부채 등 재정 압박이 이어진 데 따른 것이라고 이 신문은 해설했다. 통계청(ONS)이 이날 발표한 7월 공공부문 순차입(수지) 규모는 31억파운드(5조4천억원)로 전문가 예상치(15억파운드)의 두 배를 넘었다. 7월 수치로는 코로나19 사태로 지출이 많고 세수가 적었던 2021년 이후 최고치다. 공공 부채는 국내총생산(GDP)의 99.4%로, 1960년대 초중반 이후 가장 높은 수준을 이어가고 있다. 한 소식통은 가디언에 ""최근 데이터(성장률)로도 우리가 보고 있는 공",,,
112,ac7b7120d51f,2022-09-05,조선일보,보수,물가_인상,"택시 대란, 요금 인상만으로 풀 일 아니다","다른 업종으로 떠난 택시 기사… 요금 올린다고 돌아올까 택시 과잉 때 만든 ‘타다금지법’ 상황 반대로 바뀌어도 그대로 ‘자유시장’ 약속한 尹정부, 승차 공유 규제 풀 의지 없나 택시 잡기가 너무 어려워진 서울의 ‘택시 대란’ 문제에 대해 정부가 택시비 인상을 해법이라고 내놓았다. 3800원인 기본요금을 4800원으로 올리는 등의 방안을 검토하고 있다. 처우가 나빠 많은 택시 기사가 배달 같은 다른 일을 찾아 떠났으니 소득을 늘려서 돌아오게 만들겠다는 발상이다. 말은 참 쉽다. 지금의 안대로라면 서울 택시 기본요금은 26%가 올라 뉴욕·싱가포르·홍콩 등을 단숨에 뛰어넘게 된다. 치솟는 물가와 전쟁 중인 이창용 한국은행 총재가 기겁할 일이다. 인플레이션이 극심한 지금 같은 때에 정부가 앞장서서 대중교통 요금을 ",,,
113,2ccd62ea3017,2018-02-25,한국경제,경제지,최저임금,"보험연구원 ""최저임금 인상으로 자동차보험료 오를 여지 있어”""","[ 강경민 기자 ] 올해 최저임금이 대폭 인상되면서 자동차보험료가 인상될 수 있다는 연구 결과가 나왔다. 자동차보험의 일부 배상보험금 지급기준이 소득 기준으로, 최저임금 인상에 따라 지급 보험금이 늘어날 수 있다는 이유에서다. 보험연구원이 25일 공개한 ‘자동차보험 보험금 원가와 보험료’ 보고서에 따르면 자동차보험의 지급기준인 일용임금은 최저임금의 영향을 받는다. 자동차보험에서 대인배상 보험금 중 휴업손해와 상실수익은 소득을 기준으로 산정된다. 이 때 사용되는 소득 기준이 일용임금이다. 2016년부터 올해까지 최저임금이 연평균 11.7% 오르면서 일용임금도 연평균 5.2% 상승했다. 휴업손해와 상실수익 보험금이 대인배상 보험금에서 차지하는 비중은 22% 내외로 적지 않다는 것이 연구원의 설명이다. 보고서를 ",,,
114,baaac2a97db8,2017-07-26,서울경제,경제지,국채_금리,"그리스 위기 종료 청신호...""국채시장 3년만에 복귀""",30억유로 5년물 국채 4% 조달금리로 발행 모집액 두 배 65억유로 몰리며 흥행 성공 그리스 중앙은행 전경/신화연합뉴스 [서울경제] 그리스가 3년 만에 성공리에 채권 시장으로 복귀하며 최악의 경제 위기에서 사실상 벗어났음을 알렸다. 25일(현지시간) 그리스 재무부는 30억유로 규모의 5년물 국채를 발행했다고 발표했다. 조달 금리는 연 4.625% 수준으로 3년 전 5년물 국채 발행 당시의 4.95%보다 떨어져 시장의 우호적 기류를 읽게 했다. 모집액의 두 배가 넘는 65억 유로 규모가 몰리는 등 흥행도 성공했다. 유로존(유료화 사용 19개국)이 제로 금리를 유지하고 있는 상황에서 4%대 금리의 국채에 대한 관심이 높았다는 평가다. 또 대부분의 채권은 단기 차익을 노린 투기적 성격의 거래자가 아니라 글로벌 ,,,
115,6a31be76b355,2021-08-31,SBS Biz,경제지,물가_인상,9월 물가쇼크 현실로…라면·과자·우유 값 일제히 오른다,"[앵커] 추석을 앞두고 장바구니 물가에 비상이 걸렸습니다. 라면, 과자를 비롯해 우유 관련 유제품 가격이 일제히 오르는 가운데 소비가 많은 돼지고기와 채소류 가격도 불안해 식탁 경제에 부담이 되고 있습니다. 이한나 기자가 보도합니다. 삼양 불닭볶음면, 팔도비빔면의 가격이 각각 4년, 9년여 만에 오릅니다. [조희진 / 서울 용산구 한남동 : 요즘 마트 오면 느끼는 게 월급 빼고 다 올랐다는 게 실감 나요. 자주 먹는 라면이랑 계란도 올랐잖아요. 정말 체감해요, 물가 상승을.] 롯데, 해태제과도 일제히 가격을 인상합니다. 원재료인 팜유와 소맥분 가격이 크게 오른 게 이유입니다. 낙농진흥회가 원유가격을 2.3% 인상키로 하면서, 당장 다음 달부터 우유 소매가 상승이 현실화될 전망입니다. [우유업계 관계자 : 원",,,
116,00d2ad949524,2026-02-12,한국경제,경제지,국채_금리,9월부터 퇴직연금으로 국채 산다,"정부, DC·IRP 계좌 투자 허용 10년 만기 상품 수익률 5.6% 오는 9월부터 퇴직연금 계좌를 통해 개인 투자용 국채를 매입할 수 있게 된다. 재정경제부는 12일 확정기여(DC)형 퇴직연금과 개인형퇴직연금(IRP) 계좌에서 개인 투자용 국채 10년 만기와 20년 만기 상품에 투자할 수 있도록 관련 제도를 개선한다고 발표했다. 투자중개업 인가를 받은 퇴직연금 사업자 중 개인 투자용 국채 판매를 우선 준비할 수 있는 금융회사가 참여한다. 이에 따라 KB·NH투자·미래에셋·삼성·신영·키움·한국투자증권 등 증권사 7곳, 농협·신한은행 등 은행 2곳에서 해당 국채를 구입할 수 있다. 10년 만기 개인 투자용 국채 수익률은 만기 보유 기준으로 연평균 5.6%에 달한다. 20년물은 7.4% 수준이다. 정부는 국민의",,,
117,ca22b38e0a0b,2023-08-26,한국경제,경제지,기준금리,"파월 ""필요시 금리 더 올릴 것""","잭슨홀 회의서 기조연설 ""인플레 여전히 높은 수준"" 제롬 파월 미국 중앙은행(Fed) 의장이 25일 “인플레이션이 정점에서 하락하고 있지만 여전히 높은 수준”이라며 “앞으로 나오는 데이터를 보고 필요하면 추가로 금리를 인상할 것”이라고 말했다. 파월 의장은 이날 잭슨홀 회의 기조연설을 통해 “전체적으로 인플레이션이 완화하고 있지만 아직 갈 길이 멀다”며 “물가 목표치인 2%를 달성할 때까지 긴축 정책을 유지할 것”이라고 했다. 그는 “미국 소비자물가지수(CPI) 상승률이 지난해 6월 정점을 찍고 3%대로 하락했으며 앞으로도 더 하락할 것”이라고 전망했다. 하지만 파월 의장은 “근원물가가 여전히 높은 수준인 상황에서 긴축 속도를 늦추면 인플레이션이 고착화되는 위험성도 고려해야 한다”고 지적했다. 이어 “앞으로",,,
118,d816352144f7,2018-11-04,경향신문,진보,부동산_대출,"부부 공동명의로 부동산 임대업 하려는데…집 살 때 받은 대출 이자, 경비로 인정 안돼",| 권태우 | 세무사 서울에 거주하는 자영업자 신모씨는 수십년간 사업을 해 모은 종잣돈으로 상가건물을 구입할 예정이다. 신씨는 아내와 공동명의로 건물을 구입한 후 공동임대사업을 할 계획을 세웠는데 임대사업은 처음 해보는 터라 세금 관련 궁금한 사항을 알아보기 위해 전문가의 상담을 받아보기로 했다. Q. 공동명의로 상가건물을 구입할 때 세무적으로 유의해야 할 사항은 없나요. A. 고가의 부동산을 구입할 때 구매자금에 대한 출처조사에 대비가 되는지를 확인해봐야 합니다. 과세관청이 부동산 구매자의 연령이나 소득수준에 맞지 않는 듯한 부동산의 취득 시 자금출처를 조사하여 소득세나 증여세 등을 과세할 수 있습니다. Q. 자녀들에게 부동산을 사주는 경우 증여세가 과세된다는 것은 저 역시 알고 있는 내용이지만 건물을 사,,,
119,ffa5c5827892,2025-10-28,매일경제,경제지,부동산_대출,저축銀 서민대출 직격탄 … 부동산대책 이후 40% 뚝,"4월 1.4조 달했던 신규 취급 7·8월 들어 8천억으로 급감 윤한홍 ""일괄규제 손질을"" 6·27 부동산 대책 발표 후 저축은행의 가계신용대출 공급이 최대 40% 급감한 것으로 나타났다. 시중자금이 부동산 시장으로 튈까 우려한 정부가 신용대출 한도를 '연소득 이내'로 제한한 데 따른 여파다. 부동산을 잡으려다 급전이 필요한 중저신용자의 자금줄을 막을 수 있다는 우려가 나온다. 28일 국회 정무위원장인 윤한홍 국민의힘 의원이 금융감독원에서 제출받은 자료에 따르면 올해 7월과 8월 저축은행의 가계신용대출 신규 취급액은 각각 8000억원으로 집계됐다. 작년 7월과 8월 각각 1조3000억원이 신규 공급된 것과 비교하면 40% 가까이 줄어든 것이다. 지난해 저축은행의 월 가계신용대출 신규 취급액은 단 한 번도 1조",,,
120,1be35895d319,2023-02-14,SBS Biz,경제지,GDP_성장률,일본 작년 경제성장률 1.1％…2년 연속 플러스 성장,"일본 내각부는 지난해 실질 국내총생산(GDP) 증가율이 1.1％(속보치)를 기록했다고 오늘(14일) 밝혔습니다. 일본 경제는 코로나19 여파로 2020년에 마이너스 성장률을 기록했다가 2021년 2.1％로 반등하면서 2년 연속 플러스 성장세를 보였지만, 지난해 성장률은 전년보다 둔화했습니다. 니혼게이자이신문은 ""일본 경제가 코로나19 영향에서 벗어나 완만하게 정상화되고 있다""고 분석했다습니다. 작년 4분기(10∼12월)에 물가 변동의 영향을 제외한 실질 GDP는 전 분기보다 0.2％ 늘었습니다. 일본 정부의 여행 지원 정책, 방역 정책 완화로 인한 입국자 증가로 개인 소비가 늘어난 것이 플러스 성장에 영향을 미쳤다고 교도통신은 분석했습니다. 다만 4분기 경제성장률은 시장 전망치보다 낮았고, 설비 투자도 감소",,,
121,ec796b593520,2021-03-04,SBS,통신사/방송,GDP_성장률,지난해 1인당 국민소득 1.1% 감소…4분기 성장률 1.2%,"코로나19에 따른 경제 역성장과 환율 상승의 영향으로 지난해 우리나라 1인당 국민총소득 GNI가 2019년 대비 1.1% 감소한 3만 1천755달러를 기록했습니다. 지난 4분기 실질 국내총생산 성장률은 반도체와 화학제품 중심으로 수출이 늘어나면서 1월에 발표한 속보치보다 0.1% 포인트 높아진 1.2%로 잠정 집계됐습니다. 그러나 지난해 연간 GDP 성장률은 -1%로 1월에 발표한 속보치를 유지했습니다. 지난해 명목 GDP는 1천924조 5천억 원으로 전년보다 0.3% 늘었지만, 원 달러 환율이 연평균 1.2% 오르면서 미국 달러화 기준으로는 0.9% 감소했습니다. 화강윤 기자( ) ※",,,
122,a93f728e3b3b,2022-12-12,한국경제TV,경제지,부동산_대출,5대 지주계열 부동산PF `요주의` 대출 72% 늘었다,"전분기 대비 PF대출 건전성 악화 ""내년 초 부실 확대 우려"" <앵커> 부동산 시장 위축이 장기화되면서, 금융권의 부동산 프로젝트파이낸싱(PF)대출 부실 우려 역시 커지고 있습니다. 실제 비교적 안정적인 평가를 받아왔던 금융지주계열 저축은행의 PF대출 건전성도 올 3분기 더욱 악화된 것으로 나타났습니다. 장슬기 기자의 보도입니다. <기자> 부동산 시장 한파로 저축은행업계의 PF대출 연체액이 크게 늘어난 것으로 나타났습니다. 올 3분기 국내 79개 저축은행의 부동산PF대출에서 발생한 연체액은 총 2,678억 원으로 지난해 같은 기간보다 무려 70%나 증가했습니다. 급격한 금리 인상에 부동산 거래까지 얼어붙으면서 대출금을 제대로 상환하지 못 하는 사업장이 늘고 있는 겁니다. 리스크관리를 보다 체계적으로 운영하고",,,
123,522caed0c07e,2021-01-01,매일경제,경제지,가계부채,코로나 충격 여진·가계부채 뇌관…연중 금리동결 유력,"올해 물가상승률 1.0% 예상 韓銀 ""통화정책 완화기조 유지"" ◆ 신년기획 2021 경제기상도 ◆ '코로나19 타격에 시름시름 앓고 있는 한국 경제에 금리 인상이라는 극약 처방을 내리기는 어렵다.' 올해 기준금리 방향에 대한 시장 전문가들 전망을 한마디로 표현하면 이렇다. 올해 역시 코로나19 여진이 계속되며 비대면 서비스업 등 민간소비 충격은 계속될 전망이다. 경제 시계가 불투명하고 가계부채는 급증하며 한국은행이 섣불리 금리 변동 카드를 꺼내기 어려운 상황이다. 결론적으로 말해 전문가들은 올해 연 0.5%인 현행 금리 동결 기조가 이어질 공산이 크다고 봤다. 김영민 LG경제연구원장은 ""코로나19 사태로 올해도 자영업자, 대면 서비스업 등에 대한 정부 지원 필요성이 여전하다""며 ""정부가 재정지출 규모를 줄이",,,
124,721e4a574d7c,2025-02-27,한국경제,경제지,가계부채,2월 대출 5조원 급증…심상찮은 가계부채,"토지허가제 풀리고 금리 인하 줄어들던 가계대출 늘어나 당국 ""속도 빨라"" 예의 주시 지난달 감소한 금융권 가계대출이 이달 들어 5조원가량 급증한 것으로 추정됐다. 금리 인하 기대와 서울 주요 지역 토지거래허가구역 지정 해제에 따른 부동산 가격 상승 여파로 잡힐 듯하던 가계부채 문제가 다시 수면 위로 떠올랐다는 지적이 나온다. 가계 빚 문제가 심해지면 경기 침체에 대응하는 재정·통화정책이 뒤틀릴 수 있다는 우려가 제기된다. 금융당국 고위 관계자는 27일 “2월 금융권 전체 가계대출이 5조원가량 늘어날 것으로 보인다”고 밝혔다. 그는 “작년 말 금융권의 대출 관리 강화로 억눌렸던 수요가 올 들어 풀리기 시작한 데다 대규모 아파트 단지 대출 물량도 여전히 남아 있는 상황”이라며 “한국은행의 기준금리 인하, ‘잠삼",,,
125,e533c4af577b,2022-02-24,연합뉴스,통신사/방송,반도체_수출,"외교부 ""러시아 전면전 감행시 수출통제 등 제재 동참""(종합)","대러제재 의사 첫 표명…""미국 등과 대응방안 긴밀 협의"" (서울=연합뉴스) 김효정 기자 = 외교부는 24일 ""국제사회의 거듭된 경고에도 러시아가 어떠한 형태로든 전면전을 감행할 경우, 우리 정부로서도 대러 수출통제 등 제재에 동참할 수밖에 없다""고 밝혔다. 외교부는 이날 기자들에게 보낸 문자메시지에서 ""제반 상황에 비추어볼 때 우크라이나에 대한 러시아의 침공이 임박한 것으로도 볼 수 있는 상황에서 우리 정부는 미국 등 우방국들과 대응 방안을 긴밀히 협의하고 있다""며 이같이 말했다. 이어 ""정부는 이러한 조치로 인해 발생할 수 있는 우리 경제와 기업에 대한 피해가 최소화될 수 있도록 가능한 방법을 검토하고, 지원해 나갈 예정""이라고 강조했다. 조건을 달기는 했지만 정부가 러시아의 우크라이나 침공 상황과 관련한",,,
126,a5c73b0a2b50,2024-09-02,연합뉴스,통신사/방송,물가_인상,평창군 12년간 동결한 수도 요금 내년부터 3년간 25%씩 인상,"최근 3년간 누적 적자액만 355억원…""요금 현실화율 필요"" (평창=연합뉴스) 이재현 기자 = 강원 평창군이 12년간 동결한 수도 요금을 내년부터 3년간 25%씩 인상한다. 군은 2012년 이후 동결한 수도 요금을 2025년부터 단계적으로 인상하는 절차를 진행 중이라고 2일 밝혔다. 이번 결정은 군 재정 건전성 확보 및 수도 요금 현실화율 향상을 위한 조치라는 게 군의 설명이다. 현재 군의 상수도 요금 현실화율은 20.33%로, 전국 평균인 72.8%를 크게 밑돈다. 특히 생산원가 대비 낮은 판매단가로 영업손익은 마이너스(-) 127억원이며, 최근 3년간 누적 적자액은 355억원에 달한다. 군은 넓은 면적에 인구 밀도가 낮음에도 5개 읍·면 지역의 정수장에서 수돗물을 공급한다. 이 때문에 수돗물 공급에 큰 ",,,
127,d5ea2896d714,2021-02-20,SBS Biz,경제지,기준금리,다음 주 기준금리 ‘동결’ 유력…4차 재난지원금 논의도 계속된다,"기준금리를 결정하는 금융통화위원회가 다음 주 열리고, 한국은행은 수정 경제 전망치를 발표할 예정입니다. 정부는 4차 재난지원금을 포함한 추가경정예산(추경)안 준비를 이어갑니다. 한은 금통위는 오는 25일 통화정책 방향 회의에서 위원 만장일치로 기준금리를 동결할 것으로 예상됩니다. 지난해 11월 이후로 코로나19 3차 확산과 사회적 거리두기 등으로 경기 침체 우려가 커지고 있어서 금통위가 기준금리를 올릴 가능성은 희박한 상태입니다. 그렇다고 해서 '부동산이나 주식 등 자산 시장'의 과열 논란 등을 고려할 때, 금리를 더 내릴 수도 없는 처지이기 때문에 지난해 7~11월과 지난달에 이어 이번에도 '여섯 번째' ""동결"" 외에는 선택지가 없다고 전망되고 있습니다. 4차 재난지원금 논의는 막바지로 이어지고 있는데, ",,,
128,460020310dd5,2017-09-05,연합뉴스,통신사/방송,경기침체,"울주군, 공영개발 산단 입주계약 업체에 중도금이자 지원","'울주군 산업단지 조성 및 분양 지원에 관한 조례' 제정 (울산=연합뉴스) 장영은 기자 = 울산시 울주군은 공영개발 중인 에너지융합 일반산업단지의 분양을 지원하기 위해 '산업단지 조성 및 분양 지원에 관한 조례'를 제정했다고 5일 밝혔다. 조례는 울주군이 조성하는 모든 산업단지의 기업 부담을 완화하기 위해 기반시설과 분양 지원이 골자다. 또 산업단지 지원과 주요 정책은 전문가로 구성된 지방산업입지심의회 심의를 거쳐 결정하도록 한다. 군은 이 조례에 근거해 제1 금융 8개 은행과 협약하고, 산업단지 입주기업의 경우 토지 매입비의 최대 90%까지 확대 대출할 수 있도록 지원하기로 했다. 또 올해 입주 계약하는 기업에는 산업단지 준공 때까지 중도금 이자를 군이 지원한다. 중도금 이자 전액을 지원할 경우 6천600",,,
129,d7127af92acd,2021-08-26,연합뉴스TV,통신사/방송,물가_인상,한은 기준금리 0.75%로 인상…성장전망치 4% 유지,[앵커] 한국은행이 작년 5월 사상 최저 수준으로 낮췄던 기준 금리를 15개월 만에 인상했습니다. 그러면서 올해 우리나라 경제 성장률 전망치는 지난 5월에 내놨던 4%를 유지했습니다. 자세한 내용 취재기자 연결해 들어봅니다. 이동훈 기자. 작년 5월 사상 최저 수준으로 낮아졌던 기준금리가 15개월 만에 인상됐습니다. 한은 금융통화위원회는 오늘(26일) 통화정책방향회의를 열고 현재 0.5%인 기준금리를 0.75%로 인상하기로 결정했다고 밝혔습니다. 한은은 작년 3월 코로나19 충격 대응 차원에서 임시 금통위를 열어 금리를 1.2%에서 0.75%로 낮춘 데 이어 5월에도 0.25%포인트 더 낮춘 바 있습니다. 이후 기준금리는 9차례 동결됐다가 이번 금통위 회의에서 인상 결정이 난 겁니다. 코로나19 재확산의 불,,,
130,1dce3fd71f8b,2016-07-14,한국경제,경제지,국채_금리,'유로존 맏형' 독일마저…마이너스금리 국채 발행,"10년만기 국채 -0.05% '브렉시트 쇼크'로 불확실성 우려…스위스, 모든 국채금리 마이너스 글로벌자금 안전자산에 몰려…미국 30년물 '사상 최저'에도 뭉칫돈 [ 뉴욕=이심기 기자 ] 독일이 13일(현지시간) 10년 만기 국채(분트)를 마이너스 금리에 발행했다. 독일뿐만 아니라 유로존(유로화 사용 19개국)에서도 처음 있는 일이다. 이날 미국도 30년 만기 장기국채 120억달러어치를 역대 최저 수준인 연 2.17% 금리에 발행했다. ○“안심하고 맡길 데가 없다” 이날 독일이 시행한 48억유로(약 53억달러) 규모의 국채발행 입찰에 유럽 각국 자금이 몰리면서 금리가 연 -0.05%까지 떨어졌다. 일본과 스위스가 10년 만기 국채를 지난 3월과 4월 각각 마이너스 금리에 발행한 적은 있지만 유로존에서는 독일이",,,
131,f9a74f37416f,2022-08-08,연합뉴스,통신사/방송,최저임금,"광주시의회, '최저임금법 위반' 박미정 의원 윤리위 회부(종합)","노동청 조사 결과 최저임금법 위반 혐의 인정돼 '기소 의견' 송치 (광주=연합뉴스) 형민우 천정인 기자 = 광주시의회는 전직 보좌관으로부터 최저임금법 위반 등으로 검찰에 송치된 박미정 의원을 윤리특별위원회에 회부한다고 8일 밝혔다. 광주시의회는 오는 22일 열릴 제309회 임시회에서 박미정 의원을 윤리특별위원회에 회부하고 징계 여부를 논의하기로 했다. 시의회는 전체 의원 23명 가운데 박 의원을 제외한 22명으로부터 징계요구서를 받아 윤리특위를 열기로 했다. 시의원에 대한 징계는 경고와 본회의장 사과, 출석 정지, 제명 등 4가지이다. 윤리특별위원회는 의원 9명으로 구성됐으며 외부 자문위원도 참여할 것으로 알려졌다. 윤리특별위원회는 당사자들의 소명을 듣고 관련 자료를 받아 징계 수위를 결정할 계획이다. 박 ",,,
132,b06cf134f97c,2023-09-04,동아일보,보수,반도체_수출,"韓 반도체 주요기업 상반기 경영실적, 美보다 저조","경총 “메모리 반도체 수요 감소 영향” 자동차 기업 실적은 美-日에 앞서 한국 주요 기업들의 올해 상반기(1∼6월) 반도체 분야의 경영 실적이 미국 기업에 비해 저조한 것으로 나타났다. 한국경영자총협회(경총)가 3일 발간한 ‘한미일 업종별 대표 기업 경영실적 비교’ 보고서에 따르면 한국 반도체 대표 기업인 삼성전자와 SK하이닉스의 지난해 상반기 대비 올해 상반기 평균 매출액 증가율은 ―36.2%였다. 두 회사의 평균 영업이익률은 ―24.8%였다. 매출액 증가율 ―23.3%, 영업이익률 6.0%를 기록한 미국 기업보다 영업 실적이 저조했다는 의미다. 경총은 “시스템 반도체를 주력으로 하는 미국 대표 기업들에 비해 우리나라 반도체 기업의 주력인 메모리 반도체의 수요가 감소한 데 따라 영향이 더 크게 나타났다”고",,,
133,2a6dd9763ad1,2025-09-01,헤럴드경제,기타,반도체_수출,"관세 타결에도 8월 대미 수출 12% 감소...자동차 -3.5%, 철강 -32.1%","8월 전체 수출 1.3%↑, 3개월 연속 플러스...반도체, 사상최대 실적 정부, 이달 초 미관세조치 피해 지원대책 발표 컨테이너가 쌓여 있는 부산항 신선대부두. [연합] 지난 8월 한국 수출액은 584억달러로 지난해 같은달 대비 1.3% 증가했지만 트럼프발 관세 여파로 대미 수출은 12% 대폭 감소한 것으로 나타났다. 자동차(-3.5%)·일반기계(-12.5%)·철강(-32.1%) 등 관세 여파를 받는 주력 품목의 약세가 대미 수출 하락의 원인으로 분석된다. 1일 산업통상자원부에 따르면 8월 수출액은 584억달러(잠정 통관치)로 작년 같은 달보다 1.3% 늘었다. 월간 수출은 올해 1월(-10.1%) 감소를 보인 후 2월(0.4%)부터 3개월 연속 증가 뒤 5월(-1.3%) 감소로 돌아선 후 6월(4.3%)",,,
134,9a18e50da8a3,2025-08-29,연합뉴스,통신사/방송,반도체_수출,"美 ""삼성·SK 중국공장으로의 美반도체장비 반출 포괄허가 폐지""(종합)","내년부터 건별로 승인받아야…중국내 한국 반도체 생산 위축 우려 美상무부, 관보로 예고…""연간 1천건의 수출허가신청 추가로 발생할 것"" 한미정상회담 개최 나흘만에…中 '기술굴기'·韓 '안미경중' 동시견제 (워싱턴=연합뉴스) 조준형 김동현 특파원 = 미국 도널드 트럼프 행정부는 내년부터 삼성전자와 SK하이닉스의 중국내 공장에 미국산 반도체 장비를 공급할 경우 건별로 허가를 받도록 하기로 했다. 29일(현지시간) 미 연방 관보에 따르면 미국 상무부는 글로벌 반도체 제조업체인 삼성전자와 SK하이닉스, 인텔이 중국 내 생산시설에 미국산 반도체 제조 장비를 공급할 때 일일이 허가를 받을 필요가 없도록 한 포괄허가를 폐지할 것이라고 밝혔다. 9월2일 정식 관보 게재를 앞두고 이날 사전 공개된 이 관보에서 미 상무부는 '",,,
135,599164eb26a3,2017-02-15,경향신문,진보,고용동향,"실업자 100만명시대, 문제는 청년실업이다",통계청이 어제 발표한 ‘1월 고용동향’을 보면 1월 실업자 수는 100만9000명으로 100만명을 넘어섰다. 지난해 6월 이후 7개월 만에 다시 100만명을 초과했다. 1월 기준으로는 2010년 이후 최대다. 경기가 부진한 데다 조선·해운 분야 구조조정까지 겹쳤기 때문이라고 한다. 그런데 이보다 더 우려스러운 것은 앞이 보이지 않는 청년실업이다. 청년실업률은 8.6%로 0.9%포인트 하락한 것으로 나타났다. 수치상으로는 실업률이 낮아져 긍정적으로 보일 수 있으나 ‘착시효과’일 뿐이다. 취업 문턱이 높아 청년들이 구직활동을 아예 포기하면서 실업률이 떨어진 것이라고 하니 참담하다. 청년들이 구직활동을 벌이면서 느끼는 좌절감은 상상을 초월한다. 통계에 포함되지 않는 사실상 실업자도 상당히 많다. 청년들의 체감실업,,,
136,8d6e0654edda,2019-05-09,한국경제TV,경제지,가계부채,가계부채 진정…금융 경쟁력은 퇴보,"<앵커> 문재인 정부는 지난 2년간 중소기업과 취약계층에 대한 금융지원을 집중하고 위험수위까지 치솟았던 가계부채를 진정시키는 성과를 거뒀습니다. 하지만 금융정책의 방향성과 구체적인 실행 방안이 실종된 점, 제자리에 머물고 있는 규제 개혁 등으로 금융 경쟁력은 오히려 퇴보했다는 지적도 적지 않습니다. 이준호 기자가 보도합니다. <기자> 문재인 정부의 금융정책 가운데 가장 성과를 거둔 것은 천정부지로 치솟던 가계부채를 진정시킨 점입니다. 부동산 규제책의 핵심인 대출규제를 전방위로 펼치면서 우리 경제를 위협하던 시한폭탄의 초침을 무뎌지게 만들었습니다. 실제로 지난 정부 시절 11.6%에 달했던 가계부채 증가율은 현 정부 들어 5.8%로 절반이나 줄어들었습니다. 생산적 금융, 포용적 금융을 내세워 중소기업과 취약계",,,
137,2502090587c2,2018-02-06,연합뉴스,통신사/방송,GDP_성장률,"KDI ""경제 전문가 19명, 올해 성장률 평균 2.9％로 전망""","""취업자 증가 29만명…실물경제 회복세 완만해져 작년보다 감소"" 전문가 다수 ""기준금리 한 차례 인상 가능성"" (세종=연합뉴스) 이세원 기자 = 국내 경제 전문가들은 한국 경제가 올해 2.9％ 수준의 완만한 성장을 할 것으로 예상했다. KDI가 국내 경제전망 전문가 19명을 상대로 지난달 말 시행한 설문조사 결과 이들이 예상한 올해 국내총생산(GDP) 성장률 평균은 2.9％였다. 작년 4분기에 실시한 비슷한 설문조사에서는 2018년 성장률 전망치가 2.8％였는데 0.1％ 포인트 높아졌다. KDI는 ""국내 경제에 대한 긍정적인 시각이 유지되고 있다""고 평가했다. 전문가들의 성장률 전망은 한국은행 예상치보다 낮다. 한국은행은 올해 성장률을 3.0％로 전망했으며 작년 성장률은 3.1％(속보치)로 집계했다. 전문가",,,
138,02cd09ec266a,2022-03-04,한국경제,경제지,국채_금리,공포에 사라?…美증시 '저가 매수론',한경 글로벌마켓 이 기사는 국내 최대 해외 투자정보 플랫폼 “한경 글로벌마켓” 에 게재된 기사입니다. 미국 증시에서 ‘저가 매수론’이 되살아나고 있다. 월가 애널리스트들이 지정학적 충격이 증시에 미치는 영향에 대해 ‘일시적’이라는 분석을 내놓으면서다. 미 중앙은행(Fed)의 공격적 긴축 행보에 대한 우려도 완화됐다. 3일(현지시간) 마켓워치에 따르면 씨티은행은 미국 주식과 글로벌 정보기술(IT) 섹터에 대해 ‘비중 확대’ 투자의견을 냈다. 로버트 버클랜드 씨티은행 수석자산분석가는 “우리는 하락장에서 사들여야 한다고 생각한다”며 “글로벌 증시는 과거에도 지정학적 위기 이후 10~20%의 회복률을 보였다”고 말했다. 캐나다 투자은행(IB) 몬트리올뱅크(BMO)의 브라이언 벨스키 전략가도 “역사적으로 증시는 지정,,,
139,6fe319b1cc4c,2018-02-13,연합뉴스,통신사/방송,반도체_수출,ICT 수출 14개월 연속 두자릿수 증가…'역대 1월로 최대',"수출 177억달러, 수입 93억달러…반도체가 주역 (서울=연합뉴스) 임화섭 기자 = 우리나라의 정보통신기술(ICT) 수출액이 12개월 연속으로 역대 동기 최대기록을 세웠다. ICT 수출액은 전년 동기 대비 두자릿수 성장률을 14개월째 유지했다. 세계 시장에서 반도체 수요가 늘어나고 단가가 안정된 점이 크게 작용했다. 13일 과학기술정보통신부와 산업통상자원부의 잠정 집계에 따르면 올해 1월 우리나라의 ICT 수출액은 177억 달러, ICT 수입액은 93억3천만 달러였다. ICT수지는 83억8천만 달러 흑자로 잠정 집계됐다. 올해 1월 ICT 수출액은 작년 1월의 138억2천만 달러보다 28.1% 늘어났으며, 2015년 1월의 144억2천만 달러도 앞질러 역대 1월 중 최대 기록을 세웠다. 이에 따라 ICT 수",,,
140,811463442354,2025-08-28,연합뉴스,통신사/방송,GDP_성장률,미국 2분기 성장률 잠정치 3.3%…속보치서 0.3%p 상향(종합),"전문가 전망치도 웃돌아…수입 감소와 개인소비 증가로 성장률 반등 (워싱턴=연합뉴스) 홍정규 특파원 = 미국의 2분기 국내총생산(GDP)이 3.3% 증가(직전분기 대비 연율)한 것으로 28일(현지시간) 잠정 집계됐다. 이는 지난달 발표한 성장률 속보치(3.0%)보다 0.3%포인트(p) 상향 조정된 것이다. 다우존스가 집계한 전문가 전망치(3.1%)도 웃돌았다. 1분기 성장률 잠정치(-0.5%)에 견줘 큰 폭으로 반등한 수치다. 미국은 한국과 달리 직전 분기 대비 성장률(계절조정)을 연간 성장률로 환산해서 GDP 통계를 발표한다. 성장률의 반등에는 수입 감소와 개인소비 증가가 영향을 줬으며, 투자 감소가 일부 상쇄 효과를 가져왔다고 미 상무부는 밝혔다. 도널드 트럼프 행정부의 관세 정책이 1분기와 2분기 성장률",,,
141,5e00e1e62008,2022-08-17,SBS,통신사/방송,경기침체,경기침체 우려에 미 빅테크 기업들 잇따라 직원 감축,"글로벌 경기침체 우려 속에 미국 빅테크 기업들이 잇따라 구조조정에 나서고 있습니다. 사실상 미국 고용 시장을 책임졌던 이들 기업은 기존 인력을 감축하고 신규 채용 규모를 줄이면서 경기 침체에 대비해 방어적인 자세로 전환하는 모습입니다. 아이폰 제조업체인 애플은 지난주 채용 담당자 100명을 해고한 것으로 현지시간 어제(17일) 알려졌습니다. 블룸버그 통신은 이 사안을 잘 아는 관계자를 인용해 이같이 전하며 해고된 이들은 계약직으로, 애플의 직원 채용을 담당하는 직원들이라고 보도했습니다. 해고된 직원들은 애플의 비즈니스 요구 변화에 따른 것이라고 들었으며, 이번 감원은 애플에서 채용 둔화가 진행 중임을 보여준다고 이 매체는 덧붙였습니다. 애플의 이번 해고는 이례적이지만, 앞서 마이크로소프트와 메타 등 다른 빅",,,
142,d57055089825,2018-03-02,서울경제,경제지,부동산_대출,신한 이어 농협·우리까지 리츠시장 진출,"[서울경제TV] [앵커] 금융지주사들이 부동산투자신탁, 리츠 시장에 적극 진출하고 있습니다. 최근 리츠 시장이 크게 성장함에 따라 새 먹거리 창출에 나서는 것으로 보입니다. 앵커리포트입니다. 금융권이 수익 다각화를 위해 리츠 사업에 진출하고 있습니다. 리츠는 소액투자자들로부터 자금을 모아 부동산이나 부동산 관련 대출에 투자해 발생한 수익을 투자자에게 배당하는 부동산투자신탁을 말합니다. 금융사들은 지주 차원에서 리츠 자회사를 설립한 후 은행이나 투자증권 차원의 채널을 활용해 자금을 모으고 판매하는 등 계열사 간 시너지를 도모한다는 전략입니다. 지난해 신한금융지주가 리츠AMC(자산관리회사)를 설립한데 이어 NH농협금융지주, 우리은행도 리츠 시장에 뛰어들었습니다. 신한금융그룹은 지난해 10월 300억원을 100%",,,
143,fbc3f84c21e5,2019-09-05,한국경제TV,경제지,기준금리,기준금리 인하와 민간택지 분양가상한제 예고 '수성 레이크 푸르지오'에 주목,"한국은행 금융통화위원회가 기준금리를 연 1.50%로 전격 인하했다. 지난 달, 18일 열린 통화정책방향 결정 회의에서 기준금리를 1.75%에서 0.25%포인트 내리기로 결정한 것이다. 기준금리 인하는 2016년 6월 1.25%로 0.25% 포인트 내린 이후, 3년 1개월 만이다. 그 사이에 기준금리는 2017년 11월과 지난해 11월에 0.25% 포인트씩 올랐다. 정부가 부동산시장을 규제하는 방향의 정책을 고수하는데다, 이번 기준금리 인하 이후에도 추가 금리 인하 가능성이 언급되는 등 연 1%대 저금리가 지속되면서 자금유동성이 늘어나 주식이나 현물시장 등으로 자금이동이 나타나는 추세이다. 이에 부동산시장으로 유동자금이 이동할 것으로 예상된다 이 중에서도 주거용 오피스텔에 대한 관심이 뜨겁다. 최근 민간택지 ",,,
144,6ba30a56dee8,2022-08-14,한겨레21,기타,경기침체,이 정부가 경기침체에 대응할 수 있을까,"스태그플레이션 맞서려 미국은 대규모 정부투자·증세정부가 적극 투자하는 산업정책 부활하는데, 대기업 세금만 깎는 한국 기재부 “글로벌 인플레이션이 지속되는 가운데 미국·중국의 2분기 역성장으로 경기침체 우려가 확대되고 있다.” 추경호 부총리 겸 기획재정부 장관이 2022년 8월8일 비상경제장관회의에서 한 말이다. 그는 7월에도 “인플레이션이 잡히더라도 그 뒤 경기침체가 걱정”이라고 말한 바 있다. 경기침체가 한 걸음 더 가까이 다가왔다는 의미다. 경제학자들의 판단은 정부 진단보다 더 어둡다. 한국경제학회가 7월11~25일 실시한 설문조사 결과를 보면 경제학자 39명 가운데 21명(54%)이 ‘우리나라가 스태그플레이션 초기 진입 단계에 있다’고 답했다. 2명(5.1%)은 ‘스태그플레이션이 상당히 진행되는 상태’",,,
145,e5505e4d39b6,2018-08-06,매일경제,경제지,경기침체,"""신세계푸드, 성장 둔화 우려·경기침체…목표가↓""","KB증권은 신세계푸드에 대해 식품유통 성장 둔화와 외식 경기 침체로 실적이 부진하다며 목표 주가를 기존 20만원에서 17만원으로 내렸다고 6일 밝혔다. 투자의견은 '매수'를 유지했다. 신세계푸드는 올해 2분기 연결기준 영업이익이 69억원으로 작년 동기보다 19.2% 감소했다. 매출액은 3103억원으로 2.4% 증가했다. 박애란 연구원은 ""시장 예상치를 밑돌았다""며 ""대형마트의 전반적인 판매 위축과 수입 원물 시세 하락에 따른 식품유통부문 성장 둔화, 외식 경기 침체와 최저임금 인상에 따른 외식부문 적자 확대 등이 실적 부진 요인""이라고 설명했다. 박 연구원은 ""신세계푸드의 3분기 매출액은 작년 동기보다 6.5% 증가한 3420억원, 영업이익은 0.3% 감소한 92억원으로 추정된다""며 ""외식 경기 전망을 낙관",,,
146,b3553ef6ddf5,2016-08-31,서울경제,경제지,환율_달러,"美 고용 지표 확인 심리에··· 원·달러, 40전 내린 1,119원50전에 개장","8월 미국 고용지표를 확인하자는 심리로 원·달러 환율이 약보합세로 개장했다. 31일 서울 외환시장에서 원·달러 환율은 전일 종가 대비 40전 내린 1,119원50전에 거래가 시작됐다. 미국 연방준비제도(Fed·연준) 2인자인 스탠리 피셔 부의장은 밤사이 한 경제 TV에 출연해 고용 시장이 “완전고용에 매우 가까이 있다”고 말했다. 기준금리 인상 속도와 관련해서는 “앞으로 나올 지표에 근거해 속도를 선택할 것”이라며 “전적으로 경제에 어떤 일이 일어나느냐에 달려 있다”고 강조했다. 하지만 발표를 앞둔 8월 고용지표를 확인하자는 심리를 바탕으로 원·달러 환율은 관망세가 컸다. 외환시장에서는 미국의 경기지표가 계속 개선세를 나타내고 있어 달러화가 강세를 보이겠지만, 월말 수출 업체의 달러화 매도 물량으로 원·달러",,,
147,3b4088730667,2020-03-03,동아일보,보수,가계부채,성장률 하락보다 더 큰 위기,"코로나 확산으로 국민 고통 가중… 기업-자영업 무너지면 ‘경제위기’ 부실 우려 큰 분야 우선 지원하고 최악 염두에 둔 시나리오로 대비해야 중국에서 시작된 신종 코로나바이러스 감염증(코로나19)이 한국을 강타하고 전 세계로 확산됨에 따라 중국 경제는 물론이고 세계와 한국 경제에 대한 전망을 어둡게 하고 있다. 국제통화기금(IMF)은 중국의 경제성장률 전망치를 6%에서 5.6%로, 세계경제 성장률 전망치를 3.3%에서 3.2%로 하향 조정했고, 한국은행도 올해 한국의 경제성장률 전망치를 0.2%포인트 내린 2.1%로 변경했다. 더 낮은 성장률을 예측하는 기관도 많다. 코로나의 확산은 다양한 경로를 통해 경제에 악영향을 미친다. 바이러스 전염에 대한 두려움으로 모든 국민이 외부 활동을 최소화하여 소비 등 내수가 ",,,
148,a43848bb931b,2021-03-04,한국경제,경제지,경기침체,"1인당 국민소득 3만1755달러…伊 추월 못하고, 대만엔 턱밑 추격 당해","2019년 이어 2년 연속 뒷걸음질 글로벌 금융위기 이후 처음 신종 코로나바이러스 감염증(코로나19)에 따른 경기 침체로 지난해 1인당 국민총소득(GNI)이 1.1% 감소하며 3만1000달러대로 내려앉았다. 2019년(-4.3%)에 이은 2년 연속 감소다. 한국은행이 4일 발표한 ‘2020년 국민소득(잠정)’을 보면 지난해 1인당 GNI는 3만1755달러(3747만원)로 집계됐다. 2019년(3만2115달러)보다 1.1% 줄었다. 1인당 GNI는 한 해 동안 국민이 국내외에서 벌어들인 총소득을 인구로 나눈 것으로, 국민 생활 수준을 파악할 수 있는 대표 지표다. 이 지표가 악화한 것은 작년 실질 경제성장률이 1.0% 하락한 영향이 컸다. 성장률 하락은 외환위기 때인 1998년(-1.5%) 이후 22년 만이다",,,
149,7a832daade72,2019-02-27,매일경제,경제지,경기침체,"파월""美경제 역류 신호""…기준금리 동결 재확인","中·유럽 경기둔화 우려 무역협상·브렉시트도 주목 美주택경기도 부진 지속 주택착공건수 11.2% 급감 미국 중앙은행인 연방준비제도(Fed·연준)의 제롬 파월 의장(사진)이 26일(현지시간) 당분간 기준금리를 동결하겠다는 방침을 재확인했다. 미국을 비롯한 세계경제 하강에 대한 우려가 점차 커지고 있다는 이유에서다. 파월 의장은 이날 상원 은행위원회에 출석해 ""지금은 경제 상황이 어떻게 진행되는지 인내심을 갖고 지켜봐야 할 시기""라고 말했다. 기준금리 인상을 서두르지 않겠다는 의미다. 그는 미국 경제 전망에 대해선 ""우호적이지만 최근 몇 달간 일부 역류(crosscurrent), 상충하는 신호가 나타나고 있다""며 ""금융시장의 변동성이 커지면서 기존만큼 성장을 지지하지 못하고 있다""고 진단했다. 무엇보다 중국·유럽",,,
150,21568c5a9cca,2020-08-26,연합뉴스,통신사/방송,환율_달러,"코로나19 재확산 우려…원/달러 환율 1,186원대 마감","(서울=연합뉴스) 김연숙 기자 = 26일 원/달러 환율이 소폭 오름세로 마감했다. 이날 서울 외환시장에서 원/달러 환율은 전날보다 1.7원 오른 달러당 1,186.8원에 거래를 마쳤다. 환율은 1.5원 오른 달러당 1,186.6원에 거래를 시작해 1,185.7∼1,188.5원에서 제한적인 움직임을 보였다. 전날 미국과 중국이 1단계 무역합의 이행 상황을 점검하는 고위급 회담을 개최해 1단계 무역합의 이행 의지를 재확인했다고 밝히면서 위험자산 선호 심리가 힘을 받긴 했지만, 국내 신종 코로나바이러스 감염증(코로나19) 재확산이 환율 상승 압력을 가했다. 이날 국내 신규 코로나19 확진자 수는 320명으로, 사흘 만에 300명대로 늘었다. 정세균 국무총리는 ""방역체계가 한계점에 다다르고 있다""며 ""상황 호전이 ",,,
151,d901a9b7f641,2020-08-10,한국경제TV,경제지,고용동향,지난달 실업급여 1조2천억원…역대 최대 또 경신,"코로나19 여파…청년층 고용·보험가입 저조 '코로나19' 사태로 실업자가 늘어나면서 지난달 실업급여 지급액이 또다시 역대 최대 기록을 깼다. 고용노동부가 10일 발표한 '7월 노동시장 동향'에 따르면 지난달 구직급여 지급액은 1조1천885억원으로, 작년 동월보다 4천296억원(56.6%) 급증했다. 지난 6월 기록한 역대 최대치(1조1천103억원)를 한 달 만에 갈아치운 것이다. 구직급여 지급액은 코로나19 확산이 본격화한 올해 2월부터 6개월 연속으로 역대 최대 기록을 새로 쓰고 있다. 구직급여는 정부가 실업자의 구직활동 지원을 위해 고용보험기금으로 지급하는 수당으로, 실업급여의 대부분을 차지해 통상 실업급여로 불린다. 지난달 구직급여 신규 신청자는 11만4천명으로, 작년 동월보다 1만3천명(12.9%) ",,,
152,8a32e52190c6,2022-03-03,연합뉴스,통신사/방송,국채_금리,"국채금리 일제히 상승…파월 ""3월 25bp 금리인상 지지""(종합)","(서울=연합뉴스) 김아람 기자 = 미국 연방준비제도(Fed·연준)의 이달 금리 인상 가능성이 다시 확인되면서 3일 국고채 금리가 일제히 올랐다. 이날 서울 채권시장에서 3년 만기 국고채 금리는 전 거래일보다 0.8bp(1bp=0.01%포인트) 오른 연 2.195%에 장을 마치며 3거래일 만에 상승했다. 10년물 금리는 연 2.648%로 3.5bp 상승했다. 5년물과 2년물은 각각 3.5bp, 0.2bp 올라 연 2.441%, 연 1.960%에 마감했다. 20년물은 연 2.685%로 3.5bp 올랐다. 30년물과 50년물은 각각 4.1bp, 3.7bp 상승해 연 2.625%, 연 2.605%를 기록했다. 앞서 우크라이나 사태로 인한 안전자산 선호 확대와 긴축 경계 약화로 하락한 금리는 제롬 파월 연준 의장의 ",,,
153,d3a1d3dfc9d0,2025-07-20,연합뉴스TV,통신사/방송,부동산_대출,지방 부동산 여전히 '잠잠'…수도권 대출 규제 여파 촉각,"[앵커] 이런 부동산 대출 규제가 수도권의 집값을 잡는 데 성공할 수 있을지 관심이 가는 가운데, 오랜 기간 부동산 침체가 이어지고 있는 지방에는 어떤 영향을 미칠지도 관심인데요. 이호진 기자입니다. 부동산 가격이 폭등하던 시기 소위 '대대광'으로 불리며 전국의 부동산 가격 상승세를 이끌었던 대전, 대구, 광주. 하지만 대대광의 영광은 그리 오래가지 않았습니다. 지난 2021년 이후 5대 광역시를 중심으로 불던 부동산 광풍이 사그라들며 하락곡선을 그려왔고 지방 부동산 시장이 반등하지 못한 채 새 정부를 맞았습니다. 한국부동산원의 지난달 전국 주택가격동향을 살펴보면 서울은 0.95%, 수도권 전체로는 0.37% 상승한 반면 지방에서는 0.09% 하락했습니다. 지방에서는 올 들어 세종과 울산, 충북, 전북 등의",,,
154,14781d1515a4,2017-08-21,매일경제,경제지,고용동향,`이태백·사오정` 현실화 되는 고용절벽…일자리 질도 악화일로,"#서울 강남구의 한 편의점에서 야간 아르바이트를 하는 '늦깍이 취준생' 김 모씨(29)는 요즘 한숨이 버릇이 됐다. 8개월 전까지 서울 소재 한 정보통신(IT) 업체를 다니던 김씨는 매일같이 이어지는 야근과 넉넉지 않은 월급에 취업시장에 다시 뛰어들었다. 하지만 두번째 도전은 녹록지 않았고, 모아둔 돈이 떨어지면서 김씨는 아르바이트를 시작했다. 밤샘 근무를 마친 뒤 짧은 낮잠으로 몸을 추스르고 곧바로 학원과 취업준비 스터디로 발길을 옮기지만 기운이 나지 않는다. #경기도 광교에서 인테리어 업체를 운영하던 40대 가장 서 모씨(42)는 최근 호주로의 이민을 계획하고 있다. 부동산 경기는 활황이라는데 신규 입주 지역에서마저 매출이 저조하다. 갈수록 경쟁이 치열해지기 때문이다. 결국 인건비는커녕 다달이 적자를 면",,,
155,6cae865a1651,2016-09-01,SBS Biz,경제지,반도체_수출,20개월만에 '마이너스 수출' 탈출,"19개월 연속 전년 동월대비 감소했던 수출이 증가세로 돌아섰습니다. 산업통상자원부는 8월 수출이 401억달러를 기록해 지난해 같은 기간보다 2.6% 증가했다고 밝혔습니다. 산업부는 수출 주력품목 13개중 반도체, 석유화학 등 8개 품목의 수출실적이 개선되면서 전반적인 수출 회복세를 이끌었다고 설명했습니다. 8월 수입도 소폭이지만 1년전보다 0.1% 가량 늘어난 348억달러로 23개월만에 증가세로 돌아섰습니다. 위정호 기자( ) ☞ 의견 있는 경제채널 SBSCNBC [홈페이지] [뉴스스탠드] ☞ 공식 SNS [페이스북] 앱 다운로드 [앱스토어] [구글플레이] 저작권자 SBS플러스 & SBS콘텐츠허브",,,
156,7bd6bd085fb2,2026-03-05,연합뉴스TV,통신사/방송,고용동향,"코스피, 폭락 후 급반등...'휘발유 담합' 엄단","[앵커] 금융시장의 흐름을 짚어보는 '퇴근길 머니', 오늘도 경제금융부 양현주 기자와 함께하겠습니다. 어서 오십쇼. 먼저 오늘 시황부터 정리를 해보겠습니다. 장세와는 달리, 오늘은 분위기가 급반전했네요? 어제는 말 그대로 중동 사태로 시장이 크게 흔들렸는데요. 이날 코스피는 장 초반 두 자릿수 급등하며 코스피, 코스닥 시장에서 매수 사이드카가 동시 발동되기도 했습니다. 오후까지 강한 반등세를 유지하며 코스피, 코스닥 각각 9%, 14% 넘게 상승하며 장을 마감했는데요. 코스피는 역대 최대 상승폭, 상승률은 역대 2위를 기록했고, 코스닥은 역대 최대 상승률을 기록했습니다. 시가총액 100위 종목도 모두 상승 마감했습니다. 특히 삼성전자와 SK하이닉스가 각각 11%, 10% 넘게 오르며 지수를 끌어올렸습니다. ",,,
157,afec9058c753,2021-09-05,매일경제,경제지,GDP_성장률,美 고용부진에 '성장률 하락' 공포까지…더 멀어지는 테이퍼링,8월 일자리 예상치 크게 하회 델타發 경기 하방압력 심각 연내 긴축시작 더 쉽지 않을듯 3분기 성장률 전망 줄줄이 내려 델타 변이 바이러스의 영향으로 미국 고용시장에 쇼크가 오자 경기 회복세에 어느 정도 영향을 미칠지 관심이 쏠리고 있다. 미 노동부는 3일(현지시간) 발표한 고용 보고서에서 8월 취업자가 23만5000명 늘었다고 발표했다. 이는 다우존스가 집계한 시장 전망치(72만명)의 3분의 1 수준이다. '일자리 쇼크'라는 말이 나올 정도로 시장 기대치에 크게 못 미쳤다. 연방준비제도(Fed·연준)가 테이퍼링(유동성 공급 축소)의 전제조건으로 내세웠던 고용 분야의 '상당한 진전'은 달성하지 못했다. 이에 따라 테이퍼링 발표는 9월은 물론 11월에도 쉽지 않다는 전망이 나오고 있다. 8월 취업자 수가 급감,,,
158,cc3d5751b82e,2024-02-29,중앙일보,보수,기준금리,"주담대 평균 금리, 20개월 만에 3%대…은행 대출금리 두달째 하락","은행권 대출 금리가 두 달 연속 하락세를 나타냈다. 특히 시장금리 하락, 은행간 금리 인하 경쟁 속에 주택담보대출 평균 금리는 20개월 만에 연 3%대로 내려갔다. 29일 한국은행이 발표한 금융기관 가중평균금리 자료에 따르면 1월 은행의 저축성 수신(예금) 금리(신규 취급액 기준)는 전월 대비 0.18%포인트 하락한 3.67%였다. 대출금리는 0.1%포인트 내려간 5.04%였다. 예금·대출 금리는 지난해 12월에 이어 2개월째 동반 하락했다. 대출금리는 기업대출(-0.07%포인트)보다 가계대출(-0.14%포인트)에서 하락 폭이 컸다. 가계대출에서 차지하는 비중이 큰 주담대 등이 하락세를 주도했다. 1월 주담대 금리는 3.99%로 한 달 전보다 0.17%포인트 내려갔다. 지난해 11월(4.48%)부터 석 달째",,,
159,823ab4aecde5,2025-08-06,동아일보,보수,물가_인상,더위 먹고 폭우 맞은 물가… 한달새 시금치 78%-상추 30% 뛰어,"소비자물가 두달 연속 2%대 상승 고수온탓 수산물값 1년새 7% 올라… 소비쿠폰 쏠림 예상 한우도 4.9% ↑ 한은 “이상기후에 상승세 계속될것”… 정부 “가격-수급 변동성 최소화” 폭염과 폭우의 영향으로 과일, 채소 등 농산물 가격이 불안해진 가운데 7월 소비자 물가가 전년 동월 대비 2.1% 상승한 것으로 나타났다. 물가 상승률은 6월에 이어 두 달 연속 2%대를 이어가고 있다. 여름철 대표 과일인 수박은 1년 전에 비해 20.7%, 인기 식재료인 한우는 4.9% 올라 서민들의 먹거리 부담이 커질 것으로 우려된다. 올해 들어 물가 상승률은 5월(1.9%)을 제외하고 2%대를 유지하고 있다. 8월에도 폭염에 이은 집중호우로 물가가 많이 뛸 것이란 전망이 나왔다. ● 마늘-시금치-고등어 값, 10%대 상승 ",,,
160,55909c333207,2022-07-05,연합뉴스,통신사/방송,가계부채,'가계부채 안정' 고승범 위원장 이임식…김주현 임명수순 밟나,"(서울=연합뉴스) 오주현 기자 = 고승범 금융위원장이 5일 퇴임하는 가운데 후임 김주현 금융위원장 후보자가 곧 임명 수순을 밟을지 관심이 쏠린다. 금융권에 따르면 고 위원장은 이날 오전 정부서울청사 별관에서 이임식을 연다. 지난해 8월 취임한 고 위원장은 재임 기간이 짧았지만, 가계부채 급증 문제를 안정시켰다는 평가를 받는다. 금융사들에 가계부채 총량을 전년보다 5% 수준 이상 늘리지 않도록 주문하는 등 강력한 가계부채 총량 규제를 시행하고, 총부채원리금상환비율(DSR) 규제를 더욱 강화해 '가계부채 저승사자'라는 별명을 얻기도 했다. 그는 소상공인 등 취약층에 대한 금융 지원, 무질서한 가상자산(가상화폐) 시장의 제도화 등에도 적극적인 역할을 했다는 평가를 받는다. 고 위원장은 이임사에서 그간의 소회를 밝",,,
161,ddc141b4d11c,2025-09-05,매일경제,경제지,경기침체,학원마저 '썰렁'… 빚만 느는 서비스업,"경기침체로 지갑 안열자 1년 새 부실대출 45% 쑥 증가폭 부동산업의 4배 경기 부진이 길어지면서 소비자들이 마지막까지 지켜온 학원비마저 줄이기 시작한 것으로 드러났다. 이에 따라 미용실, 학원, 광고업 등 서비스업 매출이 빠르게 감소하면서 금융권 부실로 이어지고 있다. 5일 5대 시중은행(KB국민·신한·하나·우리·NH농협)의 올해 상반기 산업별 부실대출 현황에 따르면 서비스업에서 고정이하여신은 작년 같은 기간 7131억원 대비 1.4배 이상 증가한 1조305억원을 기록했다. 은행에서는 3개월 이상 연체된 악성 대출을 '고정이하여신'으로 분류한다. 이 기간 서비스업의 부실대출 증가율은 44.5%로 부동산업 부실대출 증가율 12.9%의 4배에 달해 전체 업종 중 가장 높은 수치를 기록했다. 금융권 건전성을 위",,,
162,01517322bc16,2017-02-23,매일경제,경제지,환율_달러,"""强달러 지지"" 므누신, 또 트럼프와 반대로","""세제 개편으로 3% 성장""…FOMC 3월 금리인상 시사 환율 문제에 대해 애매한 포지션을 취했던 스티븐 므누신 미국 재무장관이 강달러 지지를 공식화했다. 이는 달러 강세가 수출에 불리하다고 주장해온 도널드 트럼프 대통령의 견해와 상반된 것이어서 향후 미국의 환율정책이 주목된다. 22일 보도된 월스트리트저널(WSJ) 인터뷰에서 므누신 장관은 ""장기적인 관점에서 달러화 가치가 올라가는 것은 좋은 일""이라고 밝혔다. 그는 ""단기적으로는 달러화 강세가 긍정적일 수도 있고 그렇지 않을 수도 있지만 달러화 강세는 미국 경제에 대한 신뢰를 보여주는 신호""라며 ""달러는 앞으로도 세계에서 가장 중요한 통화이자 주요 비축통화""라고 강조했다. 실제로 달러화 가치는 지난 3년간 23% 상승한 것으로 집계됐다. 특히 지난해 11",,,
163,419811fefac0,2017-01-20,연합뉴스,통신사/방송,GDP_성장률,'바오류(保六)' 시대 접어든 중국… 작년 경제성장률 6.7%(종합2보),작년 GDP 증가율 26년만에 최저…4분기 6.8% 성장 (베이징·서울=연합뉴스) 심재훈 특파원 이율 기자 = 지난해 중국 경제가 6.7% 성장하는 데 그치며 26년 만에 최저치를 기록했다. 이는 중국 경제가 성장률 7%대 벽인 '바오치'(保七)의 고속 성장 시대를 마감하고 본격적인 중속 성장 시대에 접어들었음을 보여준다. 중국 국가통계국은 20일 베이징(北京) 국무원 신문판공실에서 열린 기자회견에서 작년 국내총생산(GDP)이 전년보다 6.7% 성장했다고 발표했다. 중국의 작년 연간 성장률은 1990년 3.9% 이후 26년 만에 가장 낮은 수준으로 떨어졌다. 지난해 GDP 성장률은 2015년 6.9%보다도 낮아진 것이지만 중국 정부의 경제성장률 목표 범위 6.5~7%에 속한다. 중국 경제가 이제부터는 성장률,,,
164,ceeb206a6152,2020-03-05,한국경제,경제지,기준금리,"코스피, 나흘째 상승…美 증시 폭등·韓 금리인하 기대감","코스피지수가 나흘째 상승했다. 간밤 미국 증시가 급등했고, 주요국의 금리인하가 이어지면서 우리나라도 이달 금리를 내릴 것이라는 전망이 투자심리를 개선시켰다. 5일 코스피지수는 전날보다 25.94포인트(1.26%) 상승한 2085.27에 장을 마감했다. 미국 증시 급등이 긍정적 영향을 미쳤다. 앞서 다우존스 30 산업평균지수는 4.53%, 스탠더드앤드푸어스(S&P)500지수는 4.22%, 나스닥 종합지수는 3.85% 뛰었다. 미 민주당 대선 후보의 윤곽이 드러나는 '슈퍼 화요일'에서 중도 성향의 조 바이든 전 부통령이 두각을 드러내서다. 14개주(州) 가운데 10곳을 바이든이 차지했고, 그간 주목 받았던 급진 성향의 버니 샌더스 상원의원은 나머지 4곳을 차지하는 데 그쳤다. 신종 코로나바이러스 감염증(코로나1",,,
165,1a2b1f2e56ce,2019-02-28,한국경제TV,경제지,환율_달러,美 경기논쟁 심해진다 주식·채권·달러·금·부동산 어떻게?,"미국 시간으로 오늘 그동안 셧 다운으로 지연됐던 4분기 성장률이 발표될 예정인데예상대로 1%대로 나올 경우 미국 경기 논쟁이 심해질 것으로 예상되고 있습니다. 미국 경기 향방에 따라서는 미국 주식과 달러 등 많은 분야에 영향을 미칠 것으로 보이는데요. 그래서 오늘은 이 문제를 알아보는 시간 마련했습니다. 도움 말씀을 주기 위해 한국경제신문, 한 상 춘 논설위원이 이 자리에 나와 계십니다. Q. 한 위원님 안녕하십니까? 작년 4분기 미국 경제 성장률이 오늘 발표될 예정인데요. 어떻게 나올 것으로 보십니까? -‘셧 다운’으로 연기된 속보치와 잠정치 발표 -작년 2분기 성장률 4.2% 정점, 3분기 3.4%로 둔화 -GDP 항목별 기여도, 민간 소비가 70% 차지 -대표 소비지표인 소매판매 부진, 성장률 하락 -",,,
166,2233de37ad9d,2019-02-21,한겨레,진보,경상수지,"대규모 경상수지 흑자, 마냥 좋아할 일일까?","Weconomy | 홍춘욱의 시장을 보는 눈 2018년 한 해 동안의 경상수지 흑자 규모가 764억1천만달러에 달했다. 한국 경제 규모를 감안할 때 약 5%에 가까운 수준이다. 1997년 외환위기를 겪었던 한국 입장에서 경상수지 흑자는 긍정적인 일로 비춰진다. 그러나 결론부터 이야기하자면 경상수지의 대규모 흑자는 결코 경제에 이롭지 않다. 아니 경제가 어려움에 처했음을 보여주는 ‘신호’로 보아야 한다. 아래의 <그림>은 한국의 지디피 갭(GDP Gap)과 지디피(국내총생산·GDP) 대비 경상수지의 관계를 보여주는데, 서로 반대 방향으로 움직이고 있음을 발견할 수 있다. 참고로 ‘지디피 갭’이란 실제 지디피에서 잠재 지디피를 차감한 뒤, 이를 다시 잠재 지디피로 나누어 계산한 값이다. 한국 경제가 과도한 인플",,,
167,8282660459fe,2022-09-01,연합뉴스,통신사/방송,GDP_성장률,2분기 경제성장률 0.7%…수출 줄었지만 민간소비로 버텨,"민간소비 2.9%, 속보치보다 0.1%p↓…수출 -3.1% 2분기 실질 국민총소득 1.3% 감소…교역조건 악화 등 영향 (서울=연합뉴스) 신호경 기자 = 사회적 거리두기 해제로 민간 소비가 늘어나면서 2분기(4∼6월) 한국 경제가 0.7% 성장했다. 하지만 지금까지 성장을 이끌어온 수출은 글로벌 경기 둔화 등의 영향으로 3% 이상 뒷걸음쳤다. 한국은행은 올해 2분기 실질 국내총생산(GDP) 성장률(잠정치·전분기 대비)이 0.7%로 집계됐다고 1일 발표했다. 앞서 7월 26일 공개된 속보치와 같다. 분기별 성장률은 코로나19 발생과 함께 2020년 1분기(-1.3%)와 2분기(-3.0%) 마이너스(-)를 기록한 뒤 3분기(2.3%), 4분기(1.2%)와 2021년 1분기(1.7%), 2분기(0.8%), 3분기",,,
168,8da71592ea1f,2016-09-04,매일경제,경제지,경기침체,대책없는 한진해운 법정관리,"""조금만 더 성의 표시(자체 자구안)를 해주세요."" ""우리가 할 수 있는 최선을 다한 겁니다. 한 기업이 아닌 국가경제를 생각해서 채권단의 지원을 부탁드립니다."" 한진해운에 대한 지원 여부를 최종 결정하게 될 채권단 실무회의를 5일 앞둔 지난달 25일 서울시내 모처. 이동걸 KDB산업은행 회장과 조양호 한진그룹 회장이 만났다. 산은이 한진그룹이 마련하겠다고 한 5000억원의 유동성 확보 외에 추가적인 자구안을 마련하라고 요구했지만 한진에서 별다른 반응이 없자 이 회장이 직접 제안해 만든 자리였다. 이 자리에서 이 회장은 한진 측이 추가적인 성의를 보여주지 않는다면 자금을 지원할 수 없다는 원칙을 재차 전달했다. 그러고는 5일 동안을 기다렸다. 이 회장은 지난달 30일 채권단 회의가 열리는 동안에도 성의 있는",,,
169,4b8339ac4b5e,2019-02-03,조선일보,보수,소비자물가,"日, 소매물가도 통계 不正","조사원 3명이 가공의 수치 보고 일본 아베 정부의 통계 조작 파문이 갈수록 커지고 있다. 후생노동성의 '근로통계'에 이어 총무성의 '소매(小賣)물가 통계'에서도 부정이 발견됐다고 아시히신문이 2일 보도했다. 이 신문에 따르면 소매 물가 통계 작성 과정에서 지난해 오사카부(大阪府)의 조사원 3명이 가공의 수치를 보고해온 것이 드러났다. 오사카부의 60대 여성 조사원 3명은 담당하는 83개의 업소 중 44개 업소를 방문하지 않은 채 음식 가격 등 가공의 데이터를 그대로 보고해왔다. 이미 문을 닫은 업소에 대한 데이터가 계속 보고되고, 조사원이 방문한 적이 없는데도 사례품을 우편으로 배달받은 업소가 신고함에 따라 발각됐다. 일 총무성은 소매물가와 관련, 매월 약 21만 건의 보고를 수집하는데 현재까지 드러난 허위",,,
170,845bffbc3e43,2026-03-02,조선일보,보수,부동산_대출,"금융위, 상호금융 PF·자본 규제 강화…리스크 관리 기준 상향","앞으로 농협·신협 등 상호금융권에도 저축은행과 동일한 수준의 부동산 프로젝트 파이낸싱(PF) 대출 규제가 도입된다. 장기간 정리되지 않은 PF 대출에 대해서는 회수 가능성을 더 보수적으로 평가하고, 고위험 대출 쏠림을 막기 위한 한도 규제와 자본 비율 기준도 단계적으로 강화한다. 부동산 경기 둔화가 장기화하는 상황에서 상호금융권의 잠재 부실에 조기 대응하겠다는 취지다. 금융위원회는 이런 내용을 담은 상호금융업 감독 규정 일부 개정안을 3일부터 입법 예고하고, 신협·농협·수협·산림조합 등 상호금융조합의 리스크 관리 기준을 강화하겠다고 2일 밝혔다. 이는 작년 말 발표한 상호금융 제도 개선 방안의 후속 조치다. 개정안의 핵심은 부동산 PF 대출 쏠림을 막기 위한 한도 규제 신설이다. 상호금융조합의 부동산 PF ",,,
171,74d89167155a,2021-07-13,한국경제,경제지,국채_금리,"美 국채금리 하락, 펀더멘털 약화 탓 아니다","지난 6월 미국 중앙은행 연방준비제도(Fed)의 통화정책회의인 FOMC(연방공개시장위원회) 이후 미국 10년 만기 국채 금리는 40bp(1bp=0.01%포인트) 떨어진 1.25%를 기록했다. 델타 변이 바이러스의 확산, 기대에 못 미치는 중국·미국의 경제 지표 등이 금리 하락 요인으로 분석된다. 그러나 이는 국채 금리 급락의 근본 원인이 아니다. 시장에서는 몇달 안으로 경기가 회복되고 인플레이션(물가 상승)이 발생할 것으로 예상하고 있어서다. 국채금리 하락은 지난달 16일 FOMC 정례회의 이후 발생했다. 이날 FOMC 위원들은 인플레이션 압력이 일시적이라는 기존 입장을 유지하면서 '테이퍼링(자산매입 축소)'을 서두르지 않겠다고 밝혔다. 인플레이션 우려가 줄면서 국채 금리가 낮아지는 도미노 효과가 생긴 것이",,,
172,081bae96ccec,2025-08-29,중앙일보,보수,반도체_수출,"美 ""삼성·SK, 美반도체장비 中으로 반출시 건별 허가받아야""","미국 도널드 트럼프 행정부가 삼성전자와 SK하이닉스, 인텔이 중국 내 반도체 생산시설에 미국산 반도체 제조 장비를 공급할 때 일일이 허가를 받도록 할 방침으로 알려졌다. 29일(현지시간) 미 연방 관보에 따르면 미국 상무부 산업안보국(BIS)은 글로벌 반도체 제조업체인 삼성전자와 SK하이닉스, 인텔에 대해 그동안 중국 내 생산시설에 미국산 반도체 제조 장비를 공급할 때 매번 허가를 받지 않아도 되도록 한 '포괄허가'를 폐지할 방침이라고 밝혔다. 이런 조치는 관보 게시일(미 동부시간 29일)로부터 120일 후부터 실행된다. 앞서 미국 상무부는 바이든 행정부 때인 지난 2022년 10월 중국으로 반도체 기술이 유출되는 것을 막고자 미국 기업이 중국의 반도체 생산기업에 반도체 장비를 수출하는 것을 금지하고, 현지",,,
173,4001716863c3,2026-03-04,SBS Biz,경제지,국채_금리,美 주가 상승에 기관도 해외로…외화증권투자 잔액 역대 최대,[기관투자가별 해외 외화증권투자 잔액 (사진=한국은행 제공)] 지난해 자산운용사와 외국환은행·보험사·증권사 등 국내 주요 기관투자가의 외화증권투자 잔액이 역대 최대를 기록했습니다. 한국은행이 오늘(4일) 발표한 '2025년 중 주요 기관투자가의 외화증권투자 동향'에 따르면 기관투자가의 외화증권 투자 잔액은 지난해 말 기준 5078.3억달러로 전년 말 대비 20.7% 증가했습니다. 4천902억 1천만달러를 기록하며 사상 최대를 기록한 지난 3분기 기록을 다시 뛰어넘었습니다. 미국 경제의 견조한 성장세와 AI 산업 발전에 대한 기대감 등에 주요국 주가가 상승했기 때문이라고 한국은행은 분석했습니다. 미국 연방준비제도의 금리 인하 지속으로 미국 국채 금리가 하락하면서 외국 주식과 채권 모두 평가이익이 발생하고 순투,,,
174,0624ffe2cffa,2022-02-11,연합뉴스,통신사/방송,국채_금리,미국 물가 급등에 3년 만기 국채 금리 7년5개월만에 최고(종합),"3년물 연 2.343% 마감…10년물 2.747%로 2018년 6월 이후 최고 한은 국고채 추가 매입 소식에도 일제히 상승 (서울=연합뉴스) 박원희 기자 = 미국 물가 급등에 연방준비제도(Fed·연준)의 긴축에 대한 우려가 커지면서 11일 국고채 3년물 금리가 7년5개월만에 최고치를 기록했다. 이날 서울 채권시장에서 3년 만기 국고채 금리는 전 거래일보다 7.9bp(1bp=0.01%포인트) 오른 연 2.343%에 장을 마쳤다. 이는 종가 기준으로 2014년 9월 23일(연 2.350%) 이후 가장 높은 수준이다. 10년물 금리는 6.1bp 상승한 연 2.747%로 2018년 6월 7일(연 2.750%) 이후 최고치를 기록했다. 5년물과 2년물은 각각 7.9bp, 6.8bp 상승해 연 2.564%, 연 2.1",,,
175,2f53015effd3,2023-03-01,SBS,통신사/방송,반도체_수출,수출 5개월 연속 내림세…무역수지 1년째 적자행진,"<앵커> 수출이 5개월째 감소했습니다. 반면에 에너지 수입이 늘면서 전체 수입이 늘었고, 무역수지 적자가 1년째 지속되고 있습니다. 김관진 기자가 보도합니다. <기자> 산업통상자원부가 발표한 2월 수출입 동향에 따르면 올해 2월 수출액은 501억 달러를 기록했습니다. 지난해 같은 달의 541억 6천만 달러와 비교해 7.5% 감소했습니다. 이 같은 마이너스 성장세는 지난해 10월부터 5개월째 지속되고 있습니다. 글로벌 경기 둔화 흐름이 이어지는 가운데 우리나라 최대 수출 품목인 반도체 업황이 악화한 영향으로 분석됩니다. 메모리반도체 가격 하락과 수요 감소가 겹치면서, 반도체 수출은 전년 동월 대비 42.5%, 44억 달러 급감했습니다. 이 여파로 우리나라의 최대 반도체 수출 시장인 중국과의 교역 성적도 나빠졌",,,
176,5b2ec2bd1596,2020-08-27,SBS,통신사/방송,기준금리,"한은, 기준금리 연 0.5%로 동결","금융통화위원회가 기준금리를 연 0.5%로 동결했습니다. 금통위는 지난 5월 기준금리를 연 0.25%포인트 내려 역대 최저인 0.5%까지 낮췄고, 지난달 한 차례 동결한 바 있습니다. 코로나19가 다시 유행할 우려가 상당히 커진 상황이지만 기준 금리가 이미 실효 하한에 가까운 수준이라, 추가 인하하더라도 경기 부양 효과가 크지 않을 것으로 전문가들은 내다봤습니다. 금리를 더 내릴 경우 이미 넘쳐나는 시중 유동성이 자칫 부동산 시장을 더욱 과열시킬 수 있다는 점도 부담으로 작용했을 것으로 분석됩니다. (사진=한국은행 제공, 연합뉴스) 박찬근 기자( ) ​ ※",,,
177,ab3497d29e37,2024-02-06,한국경제TV,경제지,경기침체,"도이체방크 ""올해 美 경기침체 없다...분기 평균 1.9% 성장 예상""","6일(현지시간) 로이터에 따르면 도이체방크는 인플레이션이 냉각되고 실업률이 크게 오르지 않은 채 노동시장이 '더 나은 균형'으로 돌아가는 점을 감안할 때 올해 미국 경제가 경기침체에 빠질 것이라고 더 이상 예상하지 않는다고 밝혔다. 앞서 미국 연방준비제도가 인플레이션을 완화하기 위해 금리를 높이고 연착륙 가능성을 좁히면서 도이체방크는 경제가 완만한 불황에 빠질 것으로 예상했다. 도이체방크는 보고서에서 올해 미국 경제가 분기 평균 기준으로 1.9% 성장할 것으로 예상한다고 했다. 이는 이전 전망치는 0.3%였다. 도이체방크 수석 미국 경제학자 매튜 루젯티는 ""경제가 여전히 긴축된 신용 상태, 소비자 연체율 증가, 노동 시장 둔화 등 여러 가지 역풍에 계속 직면하고 있지만 현재까지의 회복력은 우리가 이전에 예상",,,
178,23bc6dec5134,2025-09-01,한국경제TV,경제지,기준금리,은값 40달러 돌파…美 금리 인하 전망에↑,국제 은값이 2011년 이후 처음으로 온스당 40달러를 넘어섰다. 블룸버그 통신에 따르면 1일(현지시간) 은 현물 가격은 한때 1.4% 상승한 온스당 40.2920달러를 기록했다. 올해 들어 상승률이 40%를 넘어서며 금·백금·팔라듐과 동반 랠리를 이어가고 있다. 금값 역시 이날 0.7% 오르며 최고가를 기록한 지난 4월 이후 가장 높은 수준을 나타냈다. 이는 이번 달 미국 중앙은행인 연방준비제도(Fed·연준)가 기준 금리를 인하할 것이라는 기대감이 커진 데 따른 것으로 분석된다. 블룸버그는 지정학적 긴장과 불확실한 금융 여건 속에서 안전자산 선호가 강해졌기 때문이라고 봤다. 도널드 트럼프 미국 대통령이 연준을 거듭 압박하면서 연준의 독립성에 대한 우려가 부각된 점도 영향을 미쳤다는 분석이 나온다. 시장에서,,,
179,6f8f594d3003,2025-02-26,한겨레,진보,기준금리,"우리은행, 대출 가산금리 내려…기준금리 인하 반영",우리은행이 한국은행의 기준금리 인하(25일 연 2.75%)에 발맞춰 주요 대출의 가산금리를 인하한다. 대출고객은 기준금리 인하에 가산금리 인하 효과까지 더해 이자 부담을 덜 수 있게 됐다. 우리은행은 오는 28일부터 주택담보대출 5년 변동(주기형) 상품의 가산금리를 0.25%포인트 인하한다고 26일 밝혔다. 신규취급액은 물론 기존 대출보유자의 기간연장도 포함된다. 다음 달 초부터는 신용대출 상품인 우리WON 갈아타기 직장인대출 금리를 0.20%포인트(신잔액 COFIX 연동상품) 낮춘다. 중소기업 대출 금리도 함께 인하해 다음 달 초부터 일선 영업점의 중소기업 대출 금리 인하 전결권을 0.30%포인트 확대한다. 우리은행은 “이번 선제적인 금리인하와 함께 경제성장률 하락이 가시화된 상황에서 자영업자와 취약계층의,,,
180,575da9cb84e0,2021-03-01,한국경제,경제지,부동산가격,'부동산 공시가격 현실화' 조치로 기초연금 수급 탈락?,"보조금 등 63개 사업 영향 부동산 공시가격 현실화 조치에 따라 기초연금 등 보조금 수급 자격이 박탈될 수 있다는 지적이 나왔다. 자산가치가 오르면서 수급 기준을 초과할 수 있어서다. 공시가격과 연동된 세금과 보조금 등이 63개에 이르는 만큼 파급 효과를 고려한 현실화 조치가 필요하다는 지적이다. 1일 국회 예산정책처가 발간한 '추계&세제 이슈' 14호에 실린 '부동산 공시가격 현실화 계획의 연계효과' 보고서에 따르면 부동산 공시가격 변동에 영향을 받는 사업은 복지, 부담금, 조세 등 5개 분야 63개 사업에 이르는 것으로 나타났다. 공시가격 현실화 조치는 주택, 아파트, 토지 등의 공시가격을 시세의 90%까지 높이는 작업이다. 국토교통부는 오는 2035년까지 이같은 작업을 완료한다는 계획이다. 공시가격 현",,,
181,d984f2446056,2018-02-26,서울경제,경제지,물가_인상,"서울 택시요금, 5년만에 오르나···지방선거 후 15~25% 인상 유력","업계 “현 요금으로는 최저생계비도 못 맞춰” 서울시·업계·전문가 포함 TF 통해 연내 결정 예정 서울시가 2013년 이후 5년째 동결 중인 택시요금을 연내 인상하는 쪽으로 가닥을 잡았다. /연합뉴스 [서울경제] 서울시가 2013년 이후 5년째 동결 중인 택시요금을 연내 인상하는 쪽으로 가닥을 잡았다. 인상 비율은 15∼25%, 시기는 지방선거 일정을 고려했을 때 올 하반기가 유력하다는 전망이 나온다. 26일 서울시의회·서울시·택시업계 등에 따르면 시는 지난 연말 도시교통본부 소속 공무원은 물론 택시 노사, 전문가, 시민사회 등으로 이뤄진 ‘택시 노사민전정 협의체’를 꾸려 이 같은 논의를 진행하고 있다. 시가 5년 만에 택시요금을 조정하는 원인은 최근 물가상승과 최저임금 인상으로 인해 현 요금체계 하에서는 택",,,
182,f4f43e625a83,2024-08-11,매일경제,경제지,가계부채,‘가계부채 증가 부채질’… 정책대출 금리 최대 0.4％P올린다,"디딤돌·보금자리 대출금리 소득별 0.2~0.4%포인트 쑥 청약저축 금리도 0.3%P인상 정부가 주택도시기금 디딤돌대출과 버팀목대출 금리를 소폭 인상하기로 했다. 정책 대출이 시중은행 대출 금리와 차이가 커 가계대출 증가 원인으로 지목되자 이를 보완하려는 조치다. 11일 국토교통부는 주택도시기금 대출 금리를 0.2~0.4%포인트 소폭 조정한다고 밝혔다. 이에 따라 디딤돌 대출(주택 구매) 금리는 기존 연 2.15~3.55%에서 2.35~3.95%로, 버팀목 대출(전세 대출) 금리는 기존 1.5~2.9%에서 1.7~3.3%로 조정된다. 인상된 금리는 8월 16일 이후 기금e든든 또는 은행 영업점 대면 접수분부터 적용된다. 현재 대출 심사 중인 건은 적용되지 않는다. 다만 취약계층의 금리 부담을 최소화하기 위해 ",,,
183,2bf167078f6e,2017-02-21,매일경제,경제지,반도체_수출,`4대 엔진` 단 한국號 2월수출 26%…경기 봄볕 들까,"■ 작년 10월부터 수출회복세 왜 작년은 한국 수출 역사상 최악의 한 해였다. 연간 수출액이 58년 만에 2년 연속 감소했고, 세계 무역 순위도 8위로 두 계단 내려갔다. 홍콩과 프랑스에 밀린 결과다. 저유가, 글로벌 공급 과잉, 단가 하락 등 여파로 작년 수출액은 6년 전 수준인 4955억달러까지 추락했다. 그러나 작년 11월부터 수출이 'V'자형 회복세를 보였다. 작년 11월 전년 동기 대비 2.5% 늘어나며 반등에 성공한 이후 12월 6.4%, 올해 1월 11.2%로 증가 폭을 확대했다. 21일 관세청에 따르면 이달 1~20일 수출 역시 지난해 같은 기간보다 26.2% 늘면서 4개월 연속 수출 증가의 '청신호'가 켜졌다. 4개월 연속 수출이 증가한 것은 2011년 12월 이후 5년2개월 만이다. 수출이",,,
184,08b35e934087,2019-09-03,서울경제,경제지,소비자물가,소비자물가 상승률 0.0%···역대 최저,통계청 8월 소비자물가동향 사실상 마이너스...국제유가 및 농축수산물 가격 하락 영향 [서울경제] 소비자물가지수가 사상 처음으로 제자리걸음을 했다. 3일 통계청이 발표한 ‘8월 소비자물가 동향’에 따르면 8월 소비자물가지수는 104.81(2015=100)로 지난해 같은 달 대비 0.0%의 상승률을 기록했다. 이는 1965년 관련 통계 작성 이래 처음이다. 소수점 세자릿수까지 따지면 전년동월보다 0.038% 하락해 사실상 마이너스를 기록했다. 통계청 관계자는 “공식적인 물가상승률은 소수점 둘째자리에서 반올림한다”면서도 “지수상으로는 마이너스가 성립한다”고 말했다. 전년 동기 대비 물가 상승률은 1월 0.8%를 기록한 이후 연속해 1%를 밑돌다가 이번에 0.0%로 주저앉았다. 물가상승률이 이같이 연속 0%대를 ,,,
185,1a995ab2524d,2024-12-17,경향신문,진보,가계부채,가계부채·부동산 양호하다지만 ‘한순간에 돌변’…위험관리가 최우선,"| 정준호 강원대 부동산학과 교수 한국은행 총재는 지난 10월 국회 기획재정위원회 국정감사에서 가계부채 문제와 수도권 부동산 가격 상승이 금리 인하의 걸림돌이라고 언급한 바 있다. 이번달 한은이 공개한 ‘2024년 시스템 리스크 서베이’에서 국내외 금융·경제 전문가 61.5%가 최대 위험 요인으로 손꼽은 것은 ‘가계의 높은 부채 수준과 상환 부담 증가’다. 한은 통계에 따르면 2024년 3분기 가계신용은 1914조원, 가계대출 1796조원, 주택담보대출(주담대) 1112조원이다. 특히 가계대출 대비 주담대 비중은 2020년 1분기 56.4%, 2021년 2분기 55.6%, 2024년 3분기 61.9%로 급격히 늘어났다. 금융당국의 10월 가계대출 동향(잠정) 보도자료를 보면, 늘어난 은행권 주담대가 3조60",,,
186,918415a71b39,2019-08-10,한국경제,경제지,고용동향,7월도 취업자 증가폭 20만명 넘을까…경기진단 '부진' 지속 여부도 촉각,"6월 취업자수 28만명…3개월 연속 20만명대 유지할까 정부의 경제 '부진' 진단 이어질까 다음주 발표될 7월 고용동향에서 취업자 증가세가 20만명대를 넘어설 지 여부에 관심이 쏠리고 있다. 정부가 최근경제동향(그린북)에서 경기를 부진하다고 평가할 지에도 귀추가 주목된다. 10일 정부에 따르면 통계청은 오는 14일 7월 고용동향을 발표한다. 지난 6월 취업자는 28만1000명 늘어 5월(25만9000명)에 이어 2개월째 20만명대를 유지했다. 이에 7월에도 20만명을 웃돌 지 관심이 모아진다. 2월과 3월 취업자는 1년 전보다 각각 26만3000명, 25만명 늘어 두 달 연속 20만명을 상회했다. 이후 4월엔 증가폭이 17만1000명으로 줄었으나 5월부터 다시 20만명대를 회복했다. 지난해 취업자 증가폭은 ",,,
187,d206b5111efe,2026-02-02,SBS Biz,경제지,부동산_대출,"케이뱅크 '사장님 부동산담보대출' 갈아타기, 저축은행 등 2금융권으로 확대","[케이뱅크, 개인사업자 담보대출 대환 대상 확대 (케이뱅크 제공=연합뉴스)] 케이뱅크가 개인사업자 부동산담보대출 상품인 '사장님 부동산담보대출'의 대환(갈아타기) 대상을 기존에 은행·상호금융권에서 저축은행, 보험, 카드·캐피탈까지 포함한 2금융권 전반으로 넓힌다고 오늘(2일) 밝혔습니다. 이에 따라 상대적으로 금리가 높은 저축은행이나 캐피탈, 보험사의 개인사업자 담보대출을 보유한 고객들도 케이뱅크 담보대출로 대환이 가능해집니다. 케이뱅크 사장님 부동산담보대출은 대출 조회 및 실행 모두 비대면으로 이뤄집니다. 아울러 사업자 대상 신용대출인 '사장님 신용대출'의 한도를 기존 1억원에서 3억원으로 확대합니다. 당신의 제보가 뉴스로 만들어집니다. SBS Biz는 여러분의 제보를 기다리고 있습니다. 홈페이지 = ht",,,
188,a321fdd750bb,2026-01-23,SBS,통신사/방송,가계부채,"전문가가 꼽은 최대 금융 위험요인은…""환율·가계부채""","▲ 23일 서울 중구 하나은행 본점에서 직원들이 증시와 환율을 모니터하고 있다. 국내외 금융·경제 전문가들은 우리나라 금융시스템의 최대 위험(리스크) 요인으로 높은 원/달러 환율과 가계부채 수준을 꼽았습니다. 한국은행이 23일 공개한 '시스템 리스크 서베이(설문조사·2025년 11∼12월)' 결과에 따르면, 국내외 금융기관 임직원과 주요 경제 전문가 80명 가운데 26.7%는 금융시스템 위기를 초래할 1순위 요인으로 '환율 등 국내 외환시장 변동성 확대'를 지목했습니다. 두 번째로 1순위 응답률이 높은 요인은 '높은 가계부채 수준'(16.0%)이었습니다. 위험 순위를 고려하지 않고 단순히 응답(5가지 요인 복수 응답) 빈도수만 따지면, 대내 요인으로는 ▲ 환율 등 국내 외환시장 변동성 확대(66.7%) ▲ ",,,
189,cacd862fd81c,2019-10-18,연합뉴스,통신사/방송,가계부채,"호주, 가계 부채 영향 '적게 소비하고 오래 일하는 사회'로 변모","호주 ABC 방송 전국 조사 결과…GDP 대비 가계부채율 세계 2위 (시드니=연합뉴스) 정동철 통신원 = '라이프스타일 수퍼파워'로 불리던 호주가 높은 가계부채 비율 때문에 '더 적게 소비하고 더 오래 일하는 사회'로 변모하고 있다. 18일 호주 공영 ABC 방송에 따르면, 이 방송이 시행한 '오스트레일리아 토크 전국 조사'에서 응답자 5만 5천명 중 90%가 가계부채를 호주의 국가적인 문제로 꼽았다. 호주의 가계부채 비율은 국내총생산(GDP)의 120% 수준으로 129.5%의 스위스에 이어 세계 2위를 기록하고 있다. 호주인의 평균 주택담보 대출금액은 2001년 16만 호주달러(약 1억2천900만원)에서 2019년 35만 호주달러(약 2억8천200만원)로 배 이상 늘어났다. 지난 20년간 지속된 주택가격 ",,,
190,dc46d23d5455,2017-02-07,연합뉴스,통신사/방송,국채_금리,르펜 공포에 떠는 시장…프랑스 국채값 18개월래 최저로 추락,(서울=연합뉴스) 문정식 기자 = 프랑스 공화당 대선후보 프랑수아 피용 전 총리가 6일 아내와 자녀를 보좌관으로 허위 고용해 세비를 횡령했다는 의혹을 시인함에 따라 유럽 채권시장에서 프랑스 국채금리가 급등했다. 이는 극우 성향의 야권 후보 마리 르펜의 기세가 상승할 것이라는 우려가 작용했기 때문이라고 파이낸셜타임스(FT)가 전했다. 프랑스 국채 10년물의 가격은 18개월 만에 최저치로 떨어졌고 가격과 반대로 움직이는 금리는 1.159%까지 치솟았다. 프랑스 국채 10년물 금리는 지난해 7월 사상 최저점인 0.1%까지 떨어진 바 있다. 프랑스 국채금리가 급등하면서 독일 국채 10년물과의 스프레드(금리차)도 2012년 11월 이후 4년 만에 최대폭인 0.77%로 확대됐다. 지난해 10월 3일의 스프레드는 0.3,,,
191,fd6ec15ff1dc,2017-02-26,연합뉴스,통신사/방송,가계부채,"저축은행도 죈다…금융당국, 全금융권 현장 점검","저축은행 가계대출 3년 새 2배로 증가…지난해 33.5% 급증 여신심사 가이드라인 도입 이후 꺾일까…이사철 3·4월이 갈림길 LTV·DTI 조정 여부도 주목 (서울=연합뉴스) 이상원 박초롱 박의래 기자 = 금융당국이 가계대출이 급격하게 증가한 저축은행에 대한 현장 점검을 예고했다. 농·신협 등 상호금융, 보험사, 카드사에 이어 사실상 제2금융권 전 영역의 가계대출 증가세를 들여다보겠다는 뜻이다. 26일 금융감독원 고위 관계자는 ""올해 가계부채 증가 목표율을 20%대 이상으로 높게 잡은 저축은행들이 있다""며 ""개인 신용대출을 급격히 늘린 대부업 계열 저축은행을 위주로 대출이 적정하게 나갔는지 현장점검을 할 계획""이라고 밝혔다. 한국은행 경제통계시스템에 따르면 지난해 12월 말 기준으로 저축은행의 가계대출 잔액",,,
192,0b23c9d091b3,2018-02-14,연합뉴스,통신사/방송,고용동향,부산 1월 실업률 4.3%…임시·일용직 근로자 감소,"(부산=연합뉴스) 박창수 기자 = 부산지역 1월 실업률은 전달과 비슷한 수준을 유지했지만 임시직과 일용직 근로자 수가 많이 감소한 것으로 나타났다. 동남지방통계청이 14일 발표한 고용동향을 보면 지난달 부산지역 실업률은 4.3%로 전달보다 0.1%포인트 상승했다. 같은 기간 고용률은 56.1%에서 55.3%로 떨어졌다. 또 자영업자를 포함한 비임금 근로자는 한 달 사이 1.4% 늘어났지만 임금 근로자는 2.1% 줄었다. 임금 근로자 가운데서도 임시근로자가 6.0%, 일용근로자가 4.8%나 감소했다. 산업별 취업자 현황을 보면 전기·운수·통신·금융업 종사자 수가 지난해 1월과 비교해 7.8% 감소했고 제조업 종사자 수 역시 6.5% 줄었다. 건설업과 사업·개인·공공서비스업은 같은 기간 각각 7.1%와 3.6%",,,
193,42c566871e2a,2019-08-30,연합뉴스,통신사/방송,반도체_수출,"7월 생산·투자 증가…""日수출규제 별다른 영향 없어""(종합2보)","신차 효과·화학공장 재개로 광공업생산 32개월 만에 최대폭 증가 소비 2개월 연속 감소·건설기성 2.3%↓…경기지표는 두달째 동반 하락 (세종=연합뉴스) 김연정 이대희 김경윤 기자 = 일본 수출규제 등 대외 불확실성이 확대되는 상황에도 광공업을 중심으로 생산이 3개월 만에 증가세로 전환했고 투자도 늘었다. 일본의 수출 규제는 전체적인 생산이나 소비에는 별다른 영향이 없는 것으로 분석됐다. 다만 소비는 2개월 연속 감소하고, 건축과 토목공사 실적을 나타내는 건설기성도 2.3% 줄었다. 현재와 미래 경기를 가리키는 동행·선행지수 순환변동치도 두 달 연속 동반 하락했다. 통계청이 30일 발표한 7월 산업활동동향에 따르면 지난달 전(全)산업생산(계절조정, 농림어업 제외)은 전월보다 1.2% 증가했다. 전산업생산이 ",,,
194,a9c8dd8721ae,2023-03-01,경향신문,진보,기준금리,기준금리 동결 후 2% 뛴 환율···시장에 ‘긴축 종료’ 신호 됐나,"한국은행의 금리동결이 성급했던 것일까. 한은이 약 1년 반 만에 기준금리 인상을 멈춘 후 외국인의 주식매도세가 이어지고 환율이 급등하고 있다. 한은은 ‘물가 경로를 보면서 기준금리의 추가 인상 필요성을 판단하겠다’고 했으나 시장은 사실상 금리 인상이 끝난 것으로 받아들인 게 아니냐는 해석이 나온다. 일각에서는 한은이 환율과 한미 금리역전폭 확대의 위험성을 간과했다는 지적도 있다. 1일 서울 외환시장에 따르면 한은 금융통화위원회(금통위)가 기준금리 동결을 발표한 지난달 23일 환율은 전장 대비 7.8원 하락한 1297.1원에 거래를 마쳤다. 그러나 24일엔 1304.8원, 27일 1323.0원으로 상승하며 2거래일 동안 25.9원이 올랐다. 28일 0.4원 하락한 1322.6원에 장을 마감하긴 했으나, 금통위",,,
195,6cef7eab4e66,2025-02-19,매일경제,경제지,경기침체,"침체 골 깊어지자…금융위, 정책금융 집행 속도",4월까지 전년비 13조 많은 122조 산업현장 공급 예정 경기침체가 지속되면서 정부가 정책금융 집행에 속도를 내기로 했다. 산업현장에 예년보다 더 많은 자금을 신속하게 공급함으로써 세계 시장에서 경쟁하는 한국 기업을 지원 사격한다는 취지다. 19일 정부서울청사에서 금융위원회는 김소영 부위원장 주재로 ‘정책금융기관 조기집행 점검회의’를 개최하고 지난 14일까지 총 33조원의 자금을 공급했다고 밝혔다. 자금 공급은 산은·수은·기은·신보·기보 등 5개 정책금융기관을 통해 이뤄졌다. 지난해 같은 기간과 비교해 총 4조9000억원의 자금이 더 집행된 것으로 나타난다. 정책금융 지원을 빠르게 집행한 것은 경기 침체가 심각한 수준으로 나타나기 때문이다. 최근 한국은행은 올해 실질 국내총생산(GDP) 성장률 전망치 범위를,,,
196,9644bbc1fdd3,2025-02-21,한국경제,경제지,물가_인상,"수도권 지하철요금, 3월 이후에 인상될 듯…""협의 필요""","오세훈 ""한두달 순연될 듯"" 올해 3월로 예정됐던 수도권 지하철 요금 인상 시기가 한두 달 늦춰질 것으로 예상된다. 오세훈 서울시장은 21일 서울시의회 제328회 임시회 시정질문에서 3월에 지하철 요금이 인상되느냐는 박수빈(더불어민주당·강북4) 의원의 질문에 ""차질이 생겼다. 한두 달 순연될 가능성이 있다고 보고받았다""고 말했다. 이어 ""지하철의 경우 서울시, 경기도, 인천시, 코레일(한국철도공사)이 맞물려 있어 인상안이 경기도의회를 통과해야 하는데 어제 통과가 안 됐다고 한다""고 덧붙였다. 경기도의회는 전날 열린 임시회 마지막 본회의에서 김동연 경기도지사가 제출해 상임위원회를 통과한 11개 안건을 전부 올리지 않았다. 미상정 안건에는 철도 요금을 150원 인상하는 내용의 '도시철도 운임범위 조정에 대한 도",,,
197,43ffce9ea7b1,2018-02-28,연합뉴스,통신사/방송,기준금리,GM사태 등 불확실성 확대…한은 기준금리 인상 시기는,"5월과 하반기 두 차례 vs. 5월 또는 7월에 한 차례 (서울=연합뉴스) 윤선희 기자 = 이주열 한국은행 총재가 임기 전 마지막 금융통화위원회 회의에서 기준금리 동결 결정을 내리면서 한은의 향후 금리 인상 시기에 관심이 쏠린다. 한국GM의 군산공장 폐쇄 결정 사태와 미국의 통상 압박 등으로 경기 회복세의 불확실성이 확대된 데다 한은 총재 교체도 변수가 될 수 있기 때문이다. 한은은 지난 27일 금통위 회의에서 기준금리를 연 1.50%로 동결했다. 미국 연방준비제도(Fed·연준)가 3월과 6월, 12월 등 올해 3∼4차례 금리 인상에 나설 것이라는 전망이 유력해지면서 미국 기준금리가 한국보다 높아지는 금리역전이 불가피해졌다. 이에 따라 국내 채권시장에서는 한은이 올해 5월이나 7월 기준금리를 올릴 것이라는 ",,,
198,c25688301f2b,2018-02-23,SBS Biz,경제지,가계부채,가계부채 질 악화 우려…금리 인상기 부실화 가능성,■ 경제와이드 모닝벨 <앵커> 가파르게 늘어나던 가계빚의 고삐는 일단 잡힌 것 같습니다. 하지만 가계의 소득이 줄어든 가운데 가계부채의 질이 나빠지고 있다는 우려가 나오는데요. 이런 가운데 금리는 빠르게 오를 것으로 전망되고 있습니다. 경제부 강예지 기자와 얘기 나눠보겠습니다. 가계대출 증가폭은 둔화됐지만 신용대출로 '풍선효과' 우려가 나오고 있어요? <기자> 아시다시피 지난해 6월부터 각종 부동산 대책과 가계부채 증가폭을 줄이기 위한 금융권 대출규제가 시행됐습니다. 규제가 몰린 은행권 주택담보대출이 막히자 신용대출로 옮겨갔다는 해석이 가능한데요. 한국은행에서는 소비심리 개선 등이 신용대출을 늘렸다고 보고 있지만 시장 해석은 다릅니다. 집 사는 데 모자란 자금이나 그동안 집을 담보로 사업자금을 마련해 온 대,,,
199,8692b92de264,2021-02-15,EPA연합뉴스,기타,GDP_성장률,11년 만에 GDP 성장률 마이너스 기록한 일본,"(요코하마 EPA=연합뉴스) 신종 코로나바이러스 감염증(코로나19) 사태로 일본의 연간 실질 국내총생산(GDP)이 11년 만에 감소했다. 일본 내각부는 작년에 자국의 실질 GDP가 전년보다 4.8％(속보치) 감소했다고 15일 발표했다. 연간 GDP 성장률이 마이너스를 기록한 것은 리먼 브러더스 파산 사태의 충격이 이어진 2009년(-5.7％)에 이어 11년 만이다. 사진은 작년 1월 8일 수도 도쿄 인근 요코하마항에 수출용 차량이 주차된 모습. <저작권자(c) 연합뉴스(https://www.yna.co.kr/), 무단 전재-재배포 금지>",,,
200,6ce6c3b1c22c,2025-09-01,한겨레,진보,반도체_수출,중국 잡겠다고 K-반도체 때린 트럼프…업계 ‘출구 전략’ 잰걸음,"미국 트럼프 행정부가 우리 정부와 기업들의 거듭된 만류와 요청에도 중국 내 한국 반도체 기업 공장을 겨냥한 수출 통제 강화 조처를 밀어붙인 것으로 파악됐다. 중국 견제를 위해 동맹국과 자국 기업들의 피해까지 감수하겠다는 강경책을 밀어붙였다는 얘기다. 삼성전자·에스케이(SK)하이닉스 등 우리 기업들은 미·중 패권 경쟁으로 중국 사업 불확실성이 갈수록 커지자 ‘출구 전략’을 서두르는 모습이다. 1일 통상 당국과 반도체 업계 얘기를 종합하면, 트럼프 정부는 수개월 전부터 대중 반도체 수출 규제의 고삐를 죄겠다는 방침을 세워놓고 우리 정부 및 업계에 이를 예고했다. 정부와 국내 기업들은 이 같은 조처가 미국 쪽에도 부담이 될 수 있다는 견해를 거듭 제시했으나, 받아들여지지 않은 것으로 알려졌다. 실제 미 상무부 산",,,
201,7f1f88123544,2026-02-17,한국경제,경제지,국채_금리,"""美 국채금리 연 4%대에도 약달러…환율 1300원대 가능성 높다""","④ 목대균 KCGI운용 총괄대표 인터뷰 원·달러 환율 상반기 변동성 구간 통과 1400원대에서 1300원대로 하락 시도 육천피 안착은 무리 없을 듯 바야흐로 ‘오천피(코스피지수 5000)’ 시대입니다. 코스피는 병오년 한 달여 만에 30% 넘게 뛰어 5500선을 돌파했습니다. 기나긴 설 연휴를 앞두고 한경닷컴은 증권가 족집게 전문가들에게 5편에 걸쳐 가파르게 오른 K증시의 현재 상황 진단과 향후 대응전략을 물어봤습니다. [편집자주] ""미국 트럼프 정부의 부양책이 금리 상승과 성장 촉진을 동시에 유발하면서 달러화 가치를 억누르는 구조적 한계가 나타나고 있습니다. 이 때문에 원·달러 환율은 올 상반기 변동성 구간을 통과한 뒤 1400원대에서 1300원대로 내려가려는 시도가 이뤄질 것으로 생각합니다."" 목대균 K",,,
202,af23d9c5ef95,2023-08-23,SBS Biz,경제지,국채_금리,日국채 금리 9년7개월만에 최고…美 금리 인상 전망 영향,일본 10년물 국채 금리가 9년 7개월 만의 최고치로 상승했다고 요미우리신문이 23일 보도했습니다. 보도에 따르면 지난 22일 도쿄채권시장에서 신규 발행 10년물 국채의 유통 수익률이 0.665%까지 올라 2012년 1월 이후 최고치를 기록했습니다. 미국이 추가로 금리를 인상할 것이라는 전망이 확산하면서 금리 상승을 자극했다고 이 신문은 전했습니다. 일본의 10년물 국채 금리는 일본은행이 지난 7월 28일 장기금리 상한을 종전 0.5%에서 사실상 1.0%로 올린 뒤 같은 달 31일 0.6% 선을 넘어서며 9년 만의 최고치를 기록한 바 있습니다. 당신의 제보가 뉴스로 만들어집니다. SBS Biz는 여러분의 제보를 기다리고 있습니다. 홈페이지 = https://url.kr/9pghjn,,,
203,a8d6994d1a54,2024-02-29,SBS Biz,경제지,경기침체,"콘퍼런스보드 ""더이상 경기침체 예상되지 않아""","미국 경제조사기관 콘퍼런스보드의 다나 피터슨 수석 이코노미스트는 ""더 이상 경기침체가 발생할 것이라고 생각하지 않는다""고 밝혔습니다. 피터슨 이코노미스트는 현지시간 26일 블룸버그와의 인터뷰에서 ""아마 올해 경제성장이 둔화할 것""이라며 ""우리는 더 이상 경기침체를 예상하고 있지 않지만 경제성장률이 올해 중반쯤 0% 주위를 맴돌다가 연말에 금리가 내려옴에 따라 회복될 것이라고 생각한다""고 전망했습니다. 그는 ""나는 연착륙을 세계 경기침체에 빠지지 않으면서 세계 인플레이션이 2%로 돌아가는 것이라고 정의한다""며 ""각국의 경제가 목표로 설정한 범위가 무엇이든 미국은 2%""라고 말했습니다. 피터슨 이코노미스트는 ""하지만 우리는 한 번도 세계 경기침체를 전망하지 않았다""며 ""세계 곳곳에서 지역 경기침체가 발생할 것이",,,
204,725c4d66d896,2026-03-05,조선일보,보수,국채_금리,전쟁 중에도 뉴욕 증시는 올랐다...나스닥 1.3%↑,"美 재무 장관 발언에 국제 유가 상승세 멈춰 ADP 보고서 “민간 고용, 예상 뛰어 넘어” 달러 가치↓ 국채 금리↑ 이란을 둘러싼 지정학적 긴장이 높아지는 가운데에서도 뉴욕 증시는 상승했다. 시장은 지난달 미국 민간 기업 고용이 시장의 예상을 뛰어넘는 수준을 보였다는 내용의 보고서 등에 영향을 받았다. 또 스콧 베선트 미 재무장관이 호르무즈 해협 근방에 유조선이 적체돼 있는 상황을 해결하기 위한 방안을 조만간 발표할 것이라고 한 발언도 유가 급상승에 제동을 거는 등 긍정적으로 작용했다. 미국 뉴욕 증시는 4일(현지 시각) 주요 3대 지수 모두 상승했다. 다우 평균은 0.5%, S&P500 지수는 0.8%, 나스닥 지수는 1.3% 올랐다. 이날 상승세는 기술주가 주도했다. 엔비디아는 1.7%, 테슬라는 3.4",,,
205,37bb9c29fa8f,2021-05-07,서울경제,경제지,경상수지,"올해 1분기 경상수지 흑자 228.2억弗···한은 ""4월은 적자 가능성""","반도체 등 호조에 3월 78.2억弗 흑자 [서울경제] 올해 3월 우리나라 경상수지 흑자 규모가 78억 달러 넘게 증가하면서 1분기에만 228억 달러의 흑자를 기록했다. 다만 다음 달에는 기업들의 배당이 한꺼번에 이뤄지면서 소폭 적자를 낼 가능성이 높다. 7일 한국은행이 발표한 ‘2021년 3월 국제수지(잠정)’에 따르면 지난 3월 경상수지는 78억 2,000만 달러 흑자를 냈다. 전년 동월 대비 18억 8,000만 달러 늘어난 규모다. 이에 1분기 흑자는 228억 2,000만 달러를 기록하면서 전년 동기 대비 98억 9,000만 달러 확대됐다. 3월 상품수지가 79억 2,000만 달러로 전년 동월 대비 9억 6,000만 달러 늘어나면서 경상수지 흑자를 견인했다. 수출은 543억 8,000만 달러로 화공품·승",,,
206,3c37ad8aa485,2020-07-23,한국경제,경제지,부동산_대출,"與 의원조차 ""언제까지 부동산 대출 규제 끌고 갈 수 있겠나""","여당에서 현재 담보인정비율(LTV), 총부채상환비율(DTI) 등으로 규제하는 부동산 대출 정책에 대한 비판의 목소리가 나왔다. 윤후덕 더불어민주당 의원은 23일 국회에서 열린 대정부 질문을 통해 부동산 대출 규제와 관련 ""개별 수요자를 단속하는 식의 제도를 언제까지 끌고 갈 수 있겠냐""며 ""한국처럼 부동산 대출을 관리하는 경우가 전 세계에 없다""고 말했다. 윤 의원은 ""LTV와 DIT 규제로 대출을 받기 어려운 서민들은 당황스럽고 그 원망이 정부로 오게 된다""며 ""주택담보대출 총량제를 실시해서 은행이 심사해 자율적으로 대출할 수 있도록 해야 한다""고 주장했다. 이에 대해 홍남기 부총리 겸 기획재정부 장관은 ""은행에 맡기는 건 부작용 크다""고 답했다. 은성수 금융위원장은 ""양을 정해 놓고 이 양만큼 주라고 하",,,
207,fd2b6e92c14d,2017-03-03,연합뉴스,통신사/방송,소비자물가,소비자물가 1.9% 상승…석유류 5년3개월만에 최대 폭 증가(2보),"신선식품 물가 상승률, 6개월 만에 한 자릿수로 (세종=연합뉴스) 민경락 김수현 기자 = 지난달 소비자물가가 2% 가깝게 올랐다. 신선식품 물가 상승률은 한자리대로 꺾였지만, 석유류 가격이 5년여 만에 가장 큰 폭으로 뛴 영향으로 분석된다. 통계청이 3일 발표한 '2월 소비자물가 동향'을 보면 지난달 소비자물가지수는 작년 같은 달보다 1.9% 상승했다. 지난해 8월만 해도 0.5%이던 소비자물가 상승률은 9∼12월 1%대로 올라서더니 해가 바뀐 올 1월에는 2.0%로 4년 3개월 만에 최고치를 찍었다. 지난달에도 1월과 비슷한 흐름이 이어졌다. 서비스물가가 2.1% 상승해 전체 물가를 1.17%포인트, 농·축·수산물도 4.3% 올라 전체 물가를 0.35%포인트 끌어올렸다. 석유류는 13.3% 뛰어 전체 물가",,,
208,b10ec326b3fc,2019-08-30,연합뉴스,통신사/방송,가계부채,"한은 ""성장 불확실성 커져…완화정도 조정 여부 판단""","금통위 의결문 경기 판단 1달전보다 악화…""수출·투자 부진속 소비 증가세 약화"" (서울=연합뉴스) 이지헌 기자 = 수출과 투자 부진이 지속하는 가운데 소비마저 어려워지는 등 한국 경제의 성장세가 둔화하고 있다고 한국은행이 30일 판단했다. 한은 금융통화위원회는 30일 기준금리를 연 1.50%에서 동결하기로 결정한 뒤 낸 통화정책방향 의결문에서 ""국내경제는 건설투자 조정과 수출 및 설비투자 부진이 지속된 가운데 소비 증가세가 약화하면서 성장세 둔화 흐름을 이어간 것으로 판단된다""고 밝혔다. 앞서 금통위는 7월 18일 의결문에서 ""소비가 완만한 증가세를 이어갔다""고 판단한 바 있다. 세계경제 여건과 관련해서는 ""교역이 위축되면서 성장세가 둔화했다""고 평가했다. 향후 국내 경제 전망에 대해서는 ""미중 무역분쟁 심",,,
209,b070b74e98b1,2022-08-31,한국경제,경제지,가계부채,"민생 내걸고…이재명, 反시장법 무더기 추진","워크숍 개최한 민주당 22개 민생 입법 과제 발표 與 혼란 틈타 정국 주도권 노려 李 ""강력한 야당 역할하겠다"" 납품단가 연동제·금리 폭리 방지 가격 통제하는 법안 대거 포함 노조 상대로 손해배상 제한한 '노란봉투법'도 중점 추진하기로 더불어민주당이 국민의힘 내홍을 틈타 ‘민생 경제’를 내세우며 정국 주도권 잡기에 나섰다. 9월 정기국회를 하루 앞둔 31일 국회의원 워크숍을 열고 최우선으로 추진할 ‘민생 입법 과제 22개’를 발표한 것이다. 지난 28일 이재명 대표 체제 출범 이후 빠르게 전열을 정비하며 강력한 야당으로서 역할을 강조하는 모습이다. 하지만 이날 우선 추진 과제로 선정된 법안 중 상당수는 인위적으로 가격을 통제하거나, 기업 재산권을 침해하는 내용을 담고 있다는 우려가 나온다. ‘불법사채 금지’",,,
210,dd3112a16227,2025-09-05,한국경제,경제지,경상수지,"韓 경상흑자에 놀란 해외 IB…""믿기 어려운 수준""","IB들 ""韓기업 수출 다변화 덕분"" GDP 대비 흑자율 전망치 높여 글로벌 투자은행(IB)들이 최근 한국의 경상수지 흑자 기조에 대해 “믿을 수 없을 정도로 좋다”고 평가했다. 반도체 수출이 예상보다 호조를 보이는 가운데 기업들의 수출 지역 다변화 전략이 효과를 내고 있는 것으로 분석됐다. 5일 국제금융센터가 내놓은 ‘한국 7월 국제수지에 대한 평가’ 보고서에 따르면 주요 해외 IB들은 올해 한국의 경상수지 흑자 기조가 이어질 것으로 전망했다. 견조한 반도체 수출이 경상 흑자의 주요인으로 꼽혔다. 노무라증권은 “글로벌 인공지능(AI) 관련 반도체 수요가 견조하다”며 “한국 기업의 수출국 다변화 노력 등에 힘입어 양호한 수준을 유지할 것으로 전망한다”고 밝혔다. 바클레이스는 한국이 지난 7월 107억8000만",,,
211,5d51e4c4a44a,2026-02-19,연합뉴스,통신사/방송,물가_인상,"맥도날드, 35개 메뉴 100∼400원 인상…빅맥세트 7천600원(종합)","""고환율과 원재료·인건비 상승 따라""…버거킹 이어 가격 올려 (서울=연합뉴스) 김윤구 기자 = 새해 들어 햄버거 가격이 잇따라 오르고 있다. 한국맥도날드는 햄버거와 음료, 사이드 메뉴 등 35가지(단품 기준) 제품 가격을 오는 20일부터 100∼400원 인상한다고 19일 밝혔다. 한국맥도날드는 고환율(원화 가치 하락)과 원재료·인건비 상승 등에 따른 불가피한 조치라며 고객 부담을 최소화하기 위해 가격 인상 메뉴 수와 폭을 최대한 줄였다고 강조했다. 맥도날드의 가격 인상은 지난해 3월 이후 11개월 만이다. 전체 평균 인상률은 2.4%다. 대표 제품인 빅맥 단품은 5천700원으로 200원 올랐다. 빅맥 세트는 7천400원에서 7천600원으로 인상됐다. 3천600원이던 불고기 버거는 200원 오른 3천800원에",,,
212,b32ebf17fd48,2020-08-10,중앙일보,보수,부동산가격,홍남기의 50분 부동산 정책 옹호…해법 없이 당부만 있었다,"부동산 실정(失政) 논란에 대해 정부가 정면돌파를 선택했다. 보완책을 일부 내면서도 기존 정책의 유지‧강화 방침은 분명히 했다. 정부 대책의 의미를 시장에 제대로 알리면 정책이 효과를 낼 것이라는 판단이다. 문재인 대통령은 10일 오후 2시 수석보좌관 회의를 주재하며 “변화된 정책을 상세히 알려 이해를 구하겠다”고 말했다. 경제 수장인 홍남기 부총리 겸 기획재정부 장관이 곧바로 지원에 나섰다. 이날 정부세종청사에서 기자 간담회를 갖고 부동산 정책 관련 현안을 설명했다. 중저가 주택에 대한 재산세율 인하 같은 일부 보완책을 내놓긴 했으나, 홍 부총리는 오후 3시 30분부터 50여분 간 줄곧 정부 부동산 정책의 의미와 효과를 강조했다. 하지만 핵심 논쟁에 대해서는 얼버무렸다. 임대차 3법의 부작용을 인정하면서도",,,
213,ac7a1da3111f,2024-09-02,동아일보,보수,경기침체,"현대百, 日 한큐百과 VIP 마케팅 맞손…침체된 내수 시장 돌파구될까",현대백화점이 일본 한큐한신백화점과 VIP 공동 마케팅에 나섭니다. 태국 대표 유통 기업 시암피왓그룹에 이은 현대백화점의 두 번째 해외 VIP 혜택 제휴입니다. 내수 경기가 침체된 가운데 해외 VIP 고객을 모셔 활로를 찾는 걸로 해석됩니다. 2일 현대백화점은 ‘현대백화점-한큐한신백화점 VIP 혜택 제휴를 위한 업무협약’을 체결했다고 밝혔습니다. 한큐한신백화점이 VIP 교류를 위해 해외 유통업체 손을 잡은 건 이번이 처음이라고 합니다. 오사카에 있는 한큐한신백화점 우메다본점은 일본 내 백화점 점포 중 매출 2위로 VIP 고객층이 탄탄한 것으로 알려져 있죠. 두 회사의 VIP 고객은 앞으로 양국의 점포에서 여권과 함께 현대백화점 애플리케이션(앱)이나 한큐백화점 실물 VIP 카드를 내밀면 혜택을 받을 수 있습니다,,,
214,8097e89e17d1,2017-09-04,연합뉴스,통신사/방송,경기침체,대형 악재로 '위기관리' 시험대 오른 김동연 경제팀,"(서울=연합뉴스) 한국경제에 '악재 쓰나미'가 덮쳤다. 도널드 트럼프 미국 대통령의 한미자유무역협정(FTA) 폐기 시사 발언과 북한의 6차 핵실험 등 악재가 잇따라 터지면서 회복세를 타지 못하고 주춤거리던 한국경제에 큰 부담을 주고 있다. 중국의 사드보복, 미국 금리 인상 가능성, 높은 가계부채 부담, 고용·소비 부진, 건설경기 침체 조짐 등 불확실성이 산재했던 터라 정부의 리스크 관리에도 비상이 걸렸다. 최고조의 지정학적 리스크와 통상 리스크로 원화 가치와 주가가 내려갔고, 안전자산인 금값이 오르는 등 불안 심리가 커지고 있다. 김동연 부총리 겸 기획재정부 장관은 4일 북한 핵실험과 관련한 거시경제금융회의를 주재하고 ""이번 핵실험의 금융·외환시장 영향이 단기에 그치지 않고 실물에도 부정적 영향을 미칠 가능",,,
215,fff64a1d959e,2017-09-04,연합뉴스,통신사/방송,환율_달러,북핵 리스크에 원/달러 환율 10원 넘게 급등,"(서울=연합뉴스) 홍정규 기자 = 북한 6차 핵실험 여파로 4일 원/달러 환율이 급등했다. 이날 서울 외환시장에서 원화는 달러당 1,133.0원에 거래를 마쳤다. 전 거래일 종가보다 10.2원(0.91%) 높은 수준이다. 전날 이뤄진 북한 핵실험이 외환시장을 강타한 결과다. 원/달러 환율은 6.2원 오른 달러당 1,129.0원에 개장하고 나서 점차 상승폭을 키웠다. 오전 중 1,130원대로 상승한 환율은 이후 등락을 거듭하다 장 마감을 앞두고 1,133.8원까지 올랐다. 국제 시장에서 달러화 가치는 소폭 상승한 데 그쳤다. 유럽 중앙은행(ECB) '테이퍼링(양적완화 축소)'이 지연될 것이라는 전망 때문이다. 그런데도 달러화 대비 원화 가치가 급락(환율이 급등)한 것은 전적으로 북한 핵실험 영향이었다고 시장 ",,,
216,15b1db590bc5,2025-02-04,연합뉴스,통신사/방송,GDP_성장률,"한은 ""무역갈등 격화 땐 더 위축""…올해 1%대 중반 성장 우려","지난달 '1.6~1.7% 전망'엔 美 관세 정책 영향 충분히 반영 안돼 작년 11월 ""미중 갈등 심화시 0.2%p 추가 하락"" 언급 (서울=연합뉴스) 한지훈 기자 = 글로벌 무역 갈등이 격화할 경우 올해 한국의 실질 국내총생산(GDP) 성장률이 1%대 중반까지 하락할 수 있다는 우려가 제기된다. 비상계엄 사태로 인한 국내 정치 불확실성에 더해 미국의 주요 교역 상대국 관세 인상까지 악재가 겹치며 한국 경제 성장 전망이 나날이 어두워지고 있다. 4일 한국은행에 따르면 한은 조사국은 지난해 11월 28일 경제전망에서 글로벌 무역 갈등 격화에 따른 성장 전망 경로상의 리스크를 '시나리오2'로 소개했다. 당시 한은은 올해 한국의 경제성장률을 1.9%로 예상하면서, 미국과 중국 등의 무역 갈등이 심해지면 성장률이 0",,,
217,1d025e151961,2025-08-18,SBS,통신사/방송,GDP_성장률,"""근로자 52%, 업무에 AI 활용…2년 반 GDP 성장률 최대 1%p↑""","근로자 절반 이상이 생성형 인공지능을 업무에 활용하는 것으로 조사됐습니다. AI가 업무 시간을 줄여 생산성을 키우면서, 2022년 말 이후 국내총생산 성장률을 최대 1%포인트 끌어올렸을 가능성까지 제기됐습니다. 한국은행이 공개한 'AI의 빠른 확산과 생산성 효과' 보고서에 따르면 생성형 AI를 한 번이라도 사용한 국내 근로자의 비율은 63.5%에 이르렀습니다. 사용 목적을 업무로 한정해도 근로자의 절반 이상이 AI를 쓰고 있고, 17.1%는 정기적으로 업무에 활용했습니다. 한은은 보고서에서 ""한국의 생성형 AI 업무 활용률은 미국의 약 2배 수준이고, 인터넷 상용화 3년 후 활용률보다 8배 높다""며, ""이런 빠른 확산은 기반 시설과 AI의 범용성에 기인한다""고 설명했습니다. 조사 대상을 특성별로 나눠보면 남",,,
218,ee7ad3290eb8,2018-02-23,연합뉴스,통신사/방송,환율_달러,"코스피ㆍ코스닥 상승, 환율은 하락","(서울=연합뉴스) 김현태 기자 = 23일 오후 서울 KEB하나은행 본점 딜링룸 상황판에 코스피, 코스닥 마감지수와 환율현황이 나타나고 있다. 이날 코스피는 전 거래일 대비 37.24 포인트(1.54%) 오른 2,451.52로 마감했다. 코스닥은 전 거래일 대비 4.56 포인트(0.52%) 오른 874.78로 마감했다. 원/달러 환율은 하락세를 보였다. 2018.2.23",,,
219,21f75ed5fa8a,2026-03-06,연합뉴스,통신사/방송,경기침체,"삼성증권 ""네이버, 탈팡의 유일한 대안…밸류에이션 매력 상승""","(서울=연합뉴스) 김지연 기자 = 삼성증권은 6일 네이버에 대해 '탈팡'(쿠팡 탈퇴) 효과가 지속되며 ""대외 변수가 내수 경기 침체로 이어지지 않는 한 네이버의 경쟁력은 유효하다""고 판단했다. 오동환 연구원은 이날 보고서에서 ""네이버가 커머스 부문의 높은 매출 성장을 기반으로 2026년에도 안정적인 매출과 이익 성장이 예상되는 가운데 최근 주가 하락으로 밸류에이션(평가가치) 매력이 상승했다""며 이같이 짚었다. 와이즈리테일에 따르면 지난달 네이버 쇼핑 거래액은 전년 대비 28% 증가해 1월(32%)에 이어 고성장을 지속한 반면, 같은 기간 쿠팡의 성장률은 10.4%에 그쳐 ""개인정보 유출 사태 영향이 이어지는 모습""이라고 전했다. 특히 작년 처음으로 연간 흑자 전환에 성공한 컬리와 함께 탈팡 효과를 누리고 있",,,
220,5840aeb3678b,2020-03-04,매일경제,경제지,국채_금리,10년물 금리 사상최저…美채권펀드 담아볼까,불확실성 커지자 안전자산몰려 연초 이후 평균 4%수익 `선방` 침체 장기화되면 수익률 불리 코로나19 확산으로 시장 불확실성이 고조되자 투자자들이 안전자산인 미국 국채에 몰려들면서 미 국채 10년물 금리가 연일 사상 최저치를 경신하고 있다. 국채 금리 하락세에 힘입어 북미 채권에 투자하는 펀드 상품도 양호한 수익률을 기록하고 있다. 특히 경기 침체를 우려한 미 당국이 기준금리를 긴급 인하하면서 당분간 대표적인 안전자산으로 꼽히는 미 채권 펀드의 수익률 전망이 나쁘지 않다는 분석이다. 지난 3일 미국 재무부에 따르면 미 국채 10년물 금리가 1.02%를 기록해 사상 최저치로 떨어졌다. 이날 장중 한때 10년물 금리가 0.914%까지 내려가는 등 처음으로 1%를 하회했다. 미 국채 1년물과 3년물 금리도 각각 ,,,
221,99fd35c043a4,2023-08-07,서울경제,경제지,경상수지,"""인구 감소로 생산성 낮아져 경상수지 흑자 감소 불가피""","◆한은, 지난달 금통위 의사록 공개 2020~21년 같은 흑자달성 어려워 외국인 채권투자 확대 등 대책 시급 [서울경제] 대외 건전성 핵심 지표인 경상수지가 더 이상 우리 경제의 든든한 버팀목이 될 수 없다는 전망이 연달아 나오고 있다. 인구 감소로 생산성이 낮아지는 상황에서는 경상수지 흑자 감소를 피할 수 없다는 것이다. 시장 충격을 최소화하려면 외국인 채권 투자 확대 등 외환 수급 대책 마련이 시급하다는 지적이다. 7일 한국은행이 최근 공개한 지난달 금융통화위원회 의사록에 따르면 한 금통위원은 “우리나라는 향후 경상수지 흑자 규모의 축소가 불가피하다”고 밝혔다. 그는 미국·캐나다·호주 등 경상수지 적자 또는 소규모 흑자 국가들의 외환 수급이 안정적인 것은 투자 자금이 유입되기 때문인데 우리는 흑자가 점차",,,
222,dcbb821c7579,2020-08-21,한국경제,경제지,반도체_수출,8월 1∼20일 수출 7% 감소…일평균 기준 3.7%↓,"올해 8월 들어 지난 20일까지 수출금액이 지난해 같은 기간보다 7% 감소한 것으로 집계됐다. 신종 코로나바이러스 감염증(코로나19)에 따른 수출 충격이 다소 누그러든 것으로 평가된다. 21일 관세청에 따르면 이달 1∼20일 통관 기준 잠정 수출액은 231억달러로 7.0%(17억4000만달러) 줄었다. 해당 기간 조업일수(14일)는 지난해 8월(14.5일)보다 0.5일 적었다. 조업일수 차이를 반영한 1일 평균 수출액 감소율은 3.7%를 기록했다. 조업일수를 고려하지 않은 통계에서 무선통신기기(-29.3%), 석유제품(-39.0%), 승용차(-10.1%) 등의 수출품목이 부진한 것으로 나타났다. 반면 컴퓨터 주변기기(99.4%)가 급증했고, 반도체(2.9%)는 소폭 증가했다. 수출 상대국별로는 일본(-9.7",,,
223,fb8400f65698,2021-02-04,연합뉴스,통신사/방송,물가_인상,"코로나 속…창녕군의회, 의원 국외 여비 28.5% 인상 '빈축'","김해시의회도 17.5% 올려…진주·사천·산청은 '0원' 책정 (김해·창녕=연합뉴스) 김동민 박정헌 한지은 기자 = 경남지역 일부 의회가 신종 코로나바이러스 감염증(코로나19) 사태로 어려움을 겪는 사회 분위기를 고려하지 않고 의원 국외 여비를 슬그머니 인상해 빈축을 사고 있다. 일각에서는 해외 방문 자체가 불투명한 시기에 현실과 동떨어진 행태라는 지적이다. 김해시의회는 지난해 8천900만원으로 책정한 국외 여비와 자매·우호 협력도시 방문 여비를 올해는 1억465만원으로 인상했다. 인상률은 17.58％다. 23명인 전체 시의원 한 명당 455만원이라는 적지 않는 예산이다. 김해시의회 관계자는 ""예산 편성 과정에서 찬반 의견이 있었지만, 예산편성 지침에 따라 물가상승률 등을 종합적으로 검토해 소폭 증액했다""고 ",,,
224,08ec328b7b79,2016-07-22,한국경제,경제지,부동산가격,'부동산 법칙' 거스르는 오피스텔,"수익률 예전만 못한데…매매가 '꿋꿋' ""그래도 은행 금리보다 낫다"" 서울 마곡지구·송파 문정 등 오피스텔 공급과잉 걱정에도 수익률에 갈증난 돈 몰려 [ 문혜정 기자 ] “오피스텔 입주물량이 쏟아지면서 당초 보증금 1000만원에 매월 55만~60만원을 받을 예정이던 오피스텔 월세를 45만원으로 10만원 이상 낮췄습니다. 그러면 보통 매매가도 조정받기 마련인데 가격 하락은커녕 일부 웃돈까지 붙었어요.”(서울 강서구 M공인중개업소 관계자) 서울 일부 지역에서 오피스텔 공급물량이 크게 늘어나 임대수익률이 떨어지는데도 매매가격은 강세를 유지하는 이상 현상이 벌어지고 있다. 임대수익률에 따라 매매가격이 오르내리는 수익형 부동산의 일반적인 가격 법칙이 깨지고 있다는 지적이다. 일부 지역 오피스텔 임대수익률이 연 3%대로",,,
225,1dacb162b3a1,2021-08-28,SBS,통신사/방송,물가_인상,"연내 자산 매입 축소 공식화…""금리 인상은 멀었다""","<앵커> 미국 중앙은행인 연방준비제도 의장이 시중에 돈 풀기를 줄여나가는 이른바 '테이퍼링'을 올해 안에 시작할 수 있다고 밝혔습니다. 하지만 금리 인상까지는 갈 길이 멀다고 선을 그었고, 이 말에 미 증시는 사상 최고가를 기록했습니다. 화강윤 기자입니다. <기자> 코로나 경제 위기가 닥친 지난해 3월, 미 연방준비제도는 기준금리를 제로 수준으로 낮추고 석 달 뒤부터는 매달 1천200억 달러의 국채 등을 사들였습니다. 돈을 풀어 경기를 부양한 것인데, 파월 미 연준 의장이 올해 안에 테이퍼링, 즉 자산 매입 축소에 나설 수 있음을 공식적으로 밝혔습니다. [제롬 파월/미 연방준비제도 의장 : 경제가 기대만큼 광범위하게 발전한다면 올해 중에 자산 매입 속도를 줄이기 시작하는 게 적절할 수 있다고 봅니다.] 파월",,,
226,78949b9eec72,2016-05-01,한국경제,경제지,고용동향,고용동향·FOMC 위원 연설 관심,[ 뉴욕=이심기 기자 ] 이번주 뉴욕증시는 지난 4월 고용 동향과 연방공개시장위원회(FOMC) 위원들의 연설 등에 좌우될 전망이다. 지난달 다우지수와 S&P500지수는 각각 0.5%와 0.27% 올랐다. 나스닥지수는 1.94% 하락했다. 3월 3대 지수 모두 7% 안팎의 상승세를 보인 것에 비하면 초라한 성적이다. 국제 유가 반등에도 정보기술(IT) 기업의 실적 부진이 투자심리를 위축시키며 지수를 끌어내렸다. 이번주에는 미국 경제의 펀더멘털(기초체력)을 보여주는 고용 등 경기지표가 주목받을 전망이다. 블룸버그통신 등은 지난달 신규 일자리가 고용시장 성장세를 보여주는 기준선인 20만명을 유지했을 것으로 추정했다. 실업률은 4.9%로 완전고용 수준을 유지한 것으로 예측했다. 지난주 끝난 FOMC 회의 분위기를 ,,,
227,971aba147c0d,2022-02-24,서울경제,경제지,반도체_수출,"인천시, 반도체산업 육성, 본격 시동","시, 24일 반도체 산업 육성 및 지원 조례 제정?공포 [서울경제] 인천시가 반도체산업 육성에 발 벗고 나섰다. 인천시는 24일 ‘인천시 반도체산업 육성 및 지원에 관한 조례’를 제정·공포했다고 밝혔다. 인천시 의회 김희철 의원이 대표 발의한 이 조례는 반도체산업 육성 종합계획과 연차별 시행계획의 수립, 반도체산업 육성을 위한 기술개발, 인력양성 등의 지원, 반도체산업 육성을 위한 산학연 협력체계 구축 등 포함돼 있다. 이로써 인천시는 반도체산업의 성장과 발전을 위한 기반조성, 생태계 구축을 통한 경쟁력 강화 등 다각적으로 시책을 추진할 수 있는 제도적 기반을 마련하게 됐다. 반도체는 인천 전체 수출의 약 27%를 차지하는 1위 효자 수출품목으로 지난해 122억 달러를 돌파하며 역대 최대 수출 실적을 기록했",,,
228,45c956410cd0,2022-03-04,연합뉴스,통신사/방송,반도체_수출,"속타는 車부품업계 ""부품 러 수출길 막히고 루블화 폭락에 피해""","""환적 어려워 부품 선적 줄취소""…현대차 러 공장 3월 생산량 절반으로 축소 ""결제대금 루블화로 받는데 약세 지속땐 피해 막심…환차손은 만회 어려워"" (서울=연합뉴스) 권희원 기자 = 러시아의 우크라이나 침공으로 국제사회의 대(對)러시아 제재가 본격화되면서 현지에 부품을 수출하는 중소 협력업체를 중심으로 자동차 업계의 어려움이 가중되고 있다. 4일 업계에 따르면 국제사회의 고강도 제재 여파로 러시아행(行) 수출 부품의 환적 통로가 막히면서 현재 국내 부품업체들은 현대차 러시아 공장에 공급해야 할 부품을 선적하지 못하고 있다. 현대차 러시아 공장은 이러한 상황을 고려해 이달 생산 계획을 기존의 절반 수준으로 축소한 것으로 전해졌다. 러시아 현지에는 현대모비스와 현대위아 등 현대자동차그룹 계열사를 포함해 세종공",,,
229,4933ed3b4368,2018-09-04,매일경제,경제지,가계부채,전세대출이 끌어올린 주택담보대출,8월 시중銀 가계대출 550조 돌파 빅3은행 8개월새 전세대출 7조↑ 주담대 한달새 4.6조 늘어 최대 올 들어 급등한 전세대출 영향으로 5대 시중은행 가계대출 규모가 550조원을 넘어섰다. 4일 KB국민·신한·우리·KEB하나·NH농협은행 등 5대 은행에 따르면 지난달 말 가계대출 잔액은 552조3921억원으로 전달보다 4조6549억원 늘었다. 작년 말과 비교하면 올해 들어 가계부채는 24조842억원 증가했다. 시중은행이 보유한 가계대출 중 71%는 주택담보대출이며 8월 말 기준 392조2794억원으로 집계됐다. 올해 늘어난 금액만 따져 보면 14조4822억원으로 주택담보대출 증가세가 가계대출 상승을 견인한 셈이다. 한 달 전과 비교해도 4조6549억원 늘어 월별 증가액으로는 2016년 11월 3조1565억,,,
230,7306ba6bb9d5,2017-02-06,동아일보,보수,소비자물가,먹거리 물가는 오르는데…식당 매출은 오히려 감소,[동아일보] 지난달 먹거리 물가 상승폭이 전체 소비자물가 평균을 2배 이상 웃돈 것으로 집계됐다. 장바구니 물가 급등에 사람들이 지갑을 닫으면서 외식 소비는 오히려 줄었다. 6일 통계청에 따르면 지난달 식료품 및 비주류음료 가격은 지난해 같은 달보다 5.3% 올랐다. 이는 2012년 5월(6.2%) 이후 약 4년 만에 가장 큰 폭으로 오른 것이다. 전체 소비자물가 상승률(2.0%)에 비해서는 2배 이상 높다. 조류 인플루엔자(AI)로 지난 연말부터 계란값이 크게 뛴 데다 설 명절을 앞두고 농수축산물 수요가 늘어난 결과로 풀이된다. 하지만 경기 침체 속에서 음식값만 올라 식당 매출은 오히려 줄고 있다. 지난해 4분기(10~12월) 일반 음식점업 생산은 1년 새 5.0% 줄어 2012년 2분기(4~6월·-8.0,,,
231,7a7decb0231e,2023-03-02,중앙일보,보수,반도체_수출,추경호 “반도체 반등 없인 수출 어렵다…K브랜드 위조 단속”,"추경호 부총리 겸 기획재정부 장관이 “반도체 경기 반등 없이는 당분간 수출 회복에 어려움이 크다”고 말했다. 지난달 일평균 수출이 1월보다 소폭 개선되긴 했지만, 여전히 불확실성이 크다는 평가를 하면서다. 정부는 수출 회복 방안으로 미디어‧관광 등 K-콘텐트 사업을 지목하고, K-브랜드 위조 등에 대해 단속을 강화하기로 했다. 추 부총리는 2일 비상경제장관회의 겸 수출투자대책회의를 열고 “전산업 생산 플러스 전환 등 긍정적 움직임이 있지만, 수출 부진이 지속하면서 향후 경기 흐름에 불확실성이 크다”며 “세계 경제와 우리 경제가 모두 어려운 상황”이라고 밝혔다. 정부는 전년보다 14억 달러 늘어난 6850억 달러를 올해 수출 목표로 설정했다. ━ K-콘텐트 육성 적극 지원 정부가 목표 달성을 위한 수출 돌파구",,,
232,03c52d7ab9c8,2025-03-02,연합뉴스,통신사/방송,기준금리,신한·KB·우리銀 이번주 대출금리 줄인하…가계대출에 기름?,"2월 5대은행 2.6조↑…금리인하·규제완화·잔금대출·정책대출 겹쳐 은행권 ""가계대출 불안한데 당국은 금리인하 압박…어쩌라는 건지"" (서울=연합뉴스) 신호경 한지훈 민선희 기자 = 한국은행의 기준금리 추가 인하에 당국 압박까지 더해지자 주요 은행들이 속속 대출 금리를 낮추고 있다. 하지만 지난해 하반기 내내 억눌렸던 대출 수요가 연초 금리 하락, 규제 완화와 함께 살아나면서 가계대출이 다시 들썩이는 추세라 은행들도 섣불리 금리를 큰 폭으로 내리기는 어려운 형편이다. 더구나 최근 토지거래허가구역 해제와 7월 3단계 스트레스 DSR(총부채원리금상환비율) 규제 시행 등의 영향으로 상반기 주택거래와 가계대출이 전반적으로 늘어날 가능성이 있는 만큼, '금리를 낮추되 대출 증가도 관리하라'는 당국의 모순적 주문 속에 은",,,
233,404ba624c166,2020-02-12,연합뉴스,통신사/방송,경기침체,"광주 북구, 신종코로나로 경기침체 겪는 소상공인 지원","(광주=연합뉴스) 박철홍 기자 = 신종 코로나바이러스 감염증 확산으로 경기침체 불안감이 확산하자 광주 북구가 소상인 등을 대상으로 특례보증 조기 지원에 나선다. 북구는 광주신용보증재단·광주은행과 함께 관내 소상공인 경영피해 최소화를 위해 특례보증금을 출연하고, 13일부터 특례보증 대출과 이자 차액 보전을 하기로 했다고 12일 밝혔다. 소상공인 특례보증 지원은 북구 1억원, 광주은행이 5천만원을 출연하고 광주신용보증재단이 출연금의 15배인 22억 5천만원을 신용 보증한다. 소상공인들은 광주은행을 통해 최대 2천만원까지 대출을 받을 수 있고, 대출일로부터 2년간 연 2%의 이자 차액을 지원받는다. 북구 창업학교 수료자 중 신규 창업자는 최대 3천만원 대출받을 수 있다. 북구에 사업장이 있는 영세 소상공인 중 ▲",,,
234,50177fddcb38,2024-02-26,연합뉴스,통신사/방송,반도체_수출,"안덕근 산업장관 ""반도체기업 투자촉진 위해 인센티브 대폭확대""","산업장관-반도체CEO '핫라인' 개설…""정부-기업, 소통·협력 강화"" 내달 '첨단전략사업 특화단지 종합지원방안'·상반기 '팹리스 육성방안' 발표 (서울=연합뉴스) 김동규 기자 = 안덕근 산업통상자원부 장관은 26일 ""현재 조성 중인 반도체 산업단지들의 사업 기간 단축을 위해 관련 인허가를 신속히 추진하고, 반도체 기업의 투자 촉진을 위한 인센티브를 대폭 확대하겠다""고 밝혔다. 안 장관은 이날 오전 서울 중구 대한상공회의소에서 반도체 제조·소부장(소재·부품·장비) 기업인들과 간담회를 갖고 이같이 말했다. 안 장관은 ""기업이 현장에서 체감할 수 있는 산업정책 수립이 중요하다""며 ""정부와 기업이 원팀이 돼 소통과 협력을 강화해야 한다""고 강조했다. 이를 위해 안 장관은 반도체 관련 기업 최고경영자(CEO)들과 '",,,
235,6b630a9c1519,2017-08-23,SBS Biz,경제지,가계부채,다음 달 가계부채 종합대책 나온다…'미래 상환 능력' 초점,"<앵커> 8.2대책으로 한껏 달아오르던 부동산 시장 분위기가 한풀 꺾였다는 소식 저희도 여러차례 전해드린 바 있는데요. 이런 가운데 다음달에는 이미 예고된대로 정부의 가계부채 종합대책이 나옵니다. 어떤 대책들이 담겨질 지 취재기자로부터 자세한 얘기 들어보겠습니다. 경제부 강예지 기자 나왔습니다 강 기자, 이번에 나오는 가계부채 종합대책의 핵심은 뭔가요? <기자> 대출자의 빚 갚을 능력을 제대로 따져서 부실위험이 있는 대출을 처음부터 줄이자는 게 핵심입니다. 주요 내용을 몇가지 살펴보면, 먼저 기존의 DTI 총부채상환비율을 개선한 신DTI가 올해부터 시행됩니다. 신DTI는 소득을 산출할 때 미래소득과 사업전망 등을 감안하는데요. 이렇게 되면 미래 예상소득이 많아지는 젊은층은 대출이 쉬워지는 반면, 장년층은 지",,,
236,967c2752989f,2022-02-21,연합뉴스,통신사/방송,국채_금리,3년 만기 국채 금리 연고점 돌파…7년 5개월만에 최고(종합),"3년물 2.363%로 올라…10년물, 2018년 5월 이후 최고치 (서울=연합뉴스) 박원희 기자 = 3년 만기 국채 금리가 21일 연고점을 돌파하는 등 국고채 금리가 일제히 상승했다. 이날 서울 채권시장에서 3년 만기 국고채 금리는 전 거래일보다 4.1bp(1bp=0.01%포인트) 오른 연 2.363%에 장을 마쳤다. 종가 기준으로 지난 14일 기록한 연고점(연 2.347%)을 넘어서며 2014년 9월 19일(연 2.370%) 이후 최고치를 나타냈다. 10년물 금리는 4.2bp 상승한 연 2.770%로 2018년 5월 17일(연 2.796%) 이후 가장 높은 수준을 보였다. 5년물과 2년물은 각각 5.6bp, 2.1bp 상승해 연 2.566%, 연 2.159%에 마감했다. 20년물은 연 2.768%로 4.3",,,
237,5e6629b11a61,2017-08-09,한국경제TV,경제지,반도체_수출,"韓 7월 수출 ↑, 증시 상승 동력 될까","[출발 증시 830] - 마켓 진단 출연 : 최배근 건국대 경제학과 교수 Q. 수출 증가로 인한 향후 증시 방향은? 기본적으로 매크로 경제변수가 주가에 미치는 영향은 크게 약화되고 있을 뿐 아니라 매크로 경제변수의 근본적 변화는 당분간 기대하기 어려운 상황이다. 따라서 수출 및 투자 증가세와 소비 부진의 완화가 지속되어도 증시에 미치는 영향은 제한적일 가능성으로 본다. 반면, 기업 수익이 주가에 미치는 영향은 커지는 상황이다. 즉, 금융시장의 리스크가 증가하기 전까지는 3분기 기업 실적이 결정할 것이다. 예를 들어, 수출 호조가 지속될 반도체는 3분기에도 실적 강세가 예상된다. 본격적인 경기회복은 새 정부의 경제정책 효과가 확인될 수 있는 내년에나 확인 가능한데 일자리 창출이 관건이 될 것이다. 참고로 현재",,,
238,131c35daf2ea,2017-08-14,연합뉴스,통신사/방송,최저임금,"文대통령 ""최저임금·알바비 근로감독 강화해야""","""알바비 미지급, 청년에게 사회에 선입견 품게 할 수 있어"" (서울=연합뉴스) 김승욱 기자 = 문재인 대통령은 14일 ""최저임금과 알바(아르바이트)비 미지급에 대한 근로감독을 강화할 필요가 있다""고 말했다. 문 대통령은 이날 청와대 본관에서 김영주 고용노동부 장관에게 임명장을 수여하는 자리에서 ""근로감독관의 숫자가 부족할 텐데, 근로감독관 확충 예산확보를 위해 노력해 달라""며 이같이 밝혔다. 또 문 대통령은 ""전담 근로감독관 배치도 검토해 달라""고 당부했다. 문 대통령은 ""알바비 미지급은 노동의 대가라는 차원에서 알바비 자체도 중요하지만, 사회에 첫걸음을 내딛는 청년, 학생들에게 자칫 우리 사회에 대한 왜곡된 선입견을 품게 할 수 있다는 측면에서도 중요하게 다뤄져야 한다""고 강조했다고 박수현 청와대 대변인이",,,
239,340477be4690,2023-08-27,SBS Biz,경제지,국채_금리,고공행진 미국 국채 금리의 경고,경고를 경고로 받아들이지 않다가 '큰 위험'을 맞곤 합니다. 우리는 위험에 처하고서야 '맞아 미리 경고가 있었지'라고 한탄하곤 합니다. 지난주 월가의 이목은 엔비디아의 호실적과 뛰는 국채 금리에 쏠렸습니다. 현지시간 21일 10년 만기 미국 국채의 금리는 연 4.336%로 마감했습니다. 연초(연 3.879%)보다 0.457%포인트 오른 것입니다. 이는 채권가격의 하락을 의미합니다. 장중에는 연 4.355%로 치솟으며 고가 기준으로 2007년 11월 이후 가장 높았습니다. 30년물 미국 국채 금리(연 4.449%)도 2011년 4월 이후 최고치를 기록했습니다. 현지시간 24일에는 이런 급등세가 좀 진정됐습니다. 10년물 미국 국채금리는 4.19%로 전일의 4.33% 대비 3.24%나 낮아졌습니다. 美 국채금리,,,
240,53fe137b55d0,2025-09-01,중앙일보,보수,반도체_수출,"대미수출 -12%, 첫 두자릿수 감소…트럼프 관세쇼크 세진다","8월 수출이 작년보다 1.3% 증가하면서 석 달 연속 전년 동월 대비 증가세를 이어갔다. 반도체 수출액은 사상 최대 실적을 올렸다. 산업통상자원부는 1일 이 같은 내용의 8월 수출입 동향을 발표했다. 8월 수출액은 584억달러로 작년 같은 달과 비교해 1.3% 올랐다. 월간 수출은 지난 5월 잠시 전년 동월 대비 감소(-1.3%)했으나 6월에 반등해 석 달 연속 플러스 흐름을 이어가고 있다. 8월 반도체 수출은 151억달러로 작년 동월보다 27.1% 증가하며 사상 최대 실적 기록을 달성했다. 자동차 수출은 55억달러로 8.6% 증가했다. 주요 국가별로는 대미 수출이 트럼프 관세 여파로 87억4000만달러로 12.0% 감소했고, 대중 수출도 110억1000만달러로 2.9% 줄었다. 한국의 8월 수입액은 518",,,
241,023f096d4ffe,2024-09-01,대전일보,기타,반도체_수출,"8월 수출, 작년 8월 대비 11.4% 상승… 11개월 연속 '플러스'","올해 8월 수출이 작년 8월보다 11.4% 증가한 것으로 나타났다. 1일 산업통상자원부가 발표한 8월 수출입 동향에 따르면, 8월 수출액은 579억달 러다. 지난해 동기와 비교할 때 11.4% 증가한 수치다. 특히 반도체의 경우 120억 달러에 육박하는 119억 달러를 나타내며 작년보다 38.8% 증가한 수치를 나타냈다. 이는 역대 8월 중 최대 규모다. 수출 플러스 흐름도 11개월 연속 이어졌다. 우리나라 수출은 지난해 10월 플러스로 전환한 이후 11개월 연속으로 증가하는 흐름을 보이고 있다. 8월 수입액은 540억7000만 달러로 작년 대비 6.0% 늘어났다. 이에 따라 8월 무역수지는 38억3000만달러다.",,,
242,98f7909af4ac,2017-08-01,한국경제,경제지,부동산_대출,"카카오·K뱅크, 계좌개설·가입 간편…위비뱅크, 사업자·부동산 대출도","기자가 직접 8개 은행앱 써보니 [ 이현일 기자 ] 카카오뱅크의 인기 비결 중 하나는 간편한 계좌 개설 및 가입 절차다. 카카오톡 등 메신저 서비스를 십분 활용해 사용자 편의성을 높였다. 카카오뱅크 앱(응용프로그램)을 K뱅크, 신한은행, 우리은행, 국민은행, 하나은행, 농협은행과 씨티은행 등 7개 은행 앱과 비교 분석해봤다. 먼저 가입 절차다. 인터넷전문은행은 가입 과정에서 공인인증서와 보안카드, 일회용 비밀번호생성기(OTP)를 쓰지 않아도 된다. 하지만 대부분 시중은행의 모바일뱅킹 앱은 이들 보안매체를 이용해야 했다. 일부 앱은 이 과정에서 오류가 발생해 결국 영업점 방문을 요구하기도 했다. 시중은행에서 비대면 계좌를 만들면 이체한도 30만원의 대포통장 방지 목적의 ‘거래제한계좌’로 개설된다. 반면 카카오",,,
243,3d5ac8db700e,2016-09-05,연합뉴스,통신사/방송,국채_금리,연고점 오른 코스피 안도랠리 지속되나,"커진 기대감…추석 연휴 징크스, 네 마녀의 날 등은 걸림돌 (서울=연합뉴스) 임수정 기자 = 증시를 무겁게 짓누르던 미국의 9월 금리 인상설이 수그러들면서 코스피의 안도랠리 지속 여부에 시장이 주목하고 있다. 글로벌 증시가 모두 상승세로 전환하며 위험자산 선호 심리에 다시 '파란불'이 켜진 가운데 코스피도 5일 1% 넘는 상승 폭을 기록했다. ◇ 美 고용지표 부진에 힘 받는 증시…""완만한 상승세 지속"" 금융투자업계에 따르면 한국 시간으로 지난 2일 밤 발표된 미국의 8월 고용지표가 예상치를 밑돌자 미국 연방준비제도(Fed·연준)가 9월에는 기준금리를 인상하기 어려울 것이라는 전망이 급격히 힘을 받았다. 이에 지난 주말 글로벌 증시도 상승세를 보이며 호전된 투자심리를 나타냈다. 지난 주말 뉴욕증시의 다우존스3",,,
244,89602611ed0c,2025-08-28,한국경제,경제지,물가_인상,"""한국 美관세 인상 여파 커…내년 성장률 깎을 것""","한은 ""한미FTA 무관세였다가 15%로…영향 커"" ""車·금속·기계 등 타격"" 자유무역협정(FTA)에 따라 면제되던 미국 관세가 최근 협상을 통해 높아지면서, 우리나라 경제에 큰 타격을 줄 것이라는 분석이 나왔다. 한국은행이 28일 발표한 '미국 관세정책이 우리 경제에 미치는 영향' 보고서에 따르면 미국 트럼프 정부 출범 이전 평균과 비교해 협상 후 우리나라 관세율 인상 폭은 약 15%포인트(p)로, 50개 나라 가운데 18위로 집계됐다. 한은은 보고서에서 ""(인상 폭이) 중상위 그룹에 속해 결과적으로 관세 영향이 클 것""이라며 ""유럽연합(EU)·일본과 달리 우리나라는 한미FTA 적용으로 기존 관세율이 0%였던데다, 철강·자동차 등 품목 관세의 노출도가 상대적으로 커 (평균 관세율의) 인상 폭도 크다""고 설명",,,
245,10562c139b25,2020-09-03,조선일보,보수,부동산가격,"경기도, 외국인·법인 대상 토지거래허가구역 지정...내국인은 제외","연천 안성 등 일부지역 제외하고 10월 중 지정 “외국인, 법인 취득 부동산 상당수가 투기 목적” 경기도가 이르면 10월 중 투기 우려가 낮은 연천과 안성 등 경기도 일부지역을 제외한 주요 지역을 외국인·법인 토지거래허가구역으로 지정한다. 경기도는 매각이 아닌 취득행위에 대해서만 규제를 적용할 예정이어서 사실상 ‘토지취득허가구역’을 지정하는 셈이라고 밝혔다. 김홍국 경기도 대변인은 3일 오후 경기도청에서 온라인 기자회견을 열고 이런 내용을 담은 ‘부동산 투기수요 차단을 위한 외국인·법인 토지거래허가구역 지정 계획’을 발표했다. 경기도의 이번 조치는 외국인과 법인의 부동산거래가 급증한 가운데 이들이 취득한 부동산의 상당수가 업무용이나 실거주용이 아닌 투기목적이라는 판단에 따른 것이다. 경기도에 따르면 올해 1",,,
246,f87f2ce9f242,2026-03-05,한국경제,경제지,국채_금리,기름값이 아니라 '달러'가 문제…에너지 쇼크의 숨은 폭탄,이 기사는 국내 최대 해외 투자정보 플랫폼 한경 글로벌마켓 에 게재된 기사입니다. 미국과 이스라엘의 이란 공격으로 촉발된 중동발 글로벌 에너지 공급망 위기가 전 세계 외환과 자본 시장을 흔들고 있다. 에너지 수입국의 대외수지 악화와 중앙은행의 통화정책 한계를 미리 반영하면서다. 원유 부족으로 물가 상승까지 이어지면 그 충격파는 더 커질 전망이다. 원유값 급등 5일 로이터통신에 따르면 아시아 거래 시간대 기준 글로벌 벤치마크인 브렌트유 선물 가격은 배럴당 82.57달러로 거래됐다. 최근 이틀간 5% 이상의 상승을 보였다. 미국 서부텍사스산원유(WTI) 역시 배럴당 75.28달러로 치솟았다. 직전 거래일인 3일 장중 브렌트유는 배럴당 85.12달러를 터치하며 2024년 7월 이후 1년 8개월 만에 최고치를 기록,,,
247,79228c323c9e,2024-02-04,경향신문,진보,GDP_성장률,지난해 GDP 1.4%…저성장 늪에 빠진 한국,"심각한 내수 부진·수출 둔화 영향 1.4%. 지난해 한국의 국내총생산(GDP) 성장률이다. 외환위기, 글로벌 금융위기, 코로나19 사태 등과 같은 경제위기를 제외하면 사실상 최저 수준이다. 일본을 비롯한 주요 선진국과 비교해도 낮다. 대외 요인과 함께 국내적으로 내수가 얼어붙고 수출이 경쟁력을 잃어버린 탓이 크다. 저성장 위기를 경고하는 목소리가 커지고 있다. 성장률 1.4%의 의미 성장률 1.4%는 경제 규모가 큰 미국(2.5%), 일본(1.9%)보다 낮은 수준이다. 일반적으로 경제 규모가 클수록 성장률은 낮다. 반대로 신흥개도국 성장률은 주요 선진국 대비 높은 편이다. 지난 1월 30일(현지시간) 국제통화기금(IMF)이 발표한 ‘1월 세계경제전망(WEO)’을 보면, 인도(6.7%), 러시아(3.0%), ",,,
248,08b694a6f81a,2021-02-25,한겨레,진보,기준금리,"기준금리 0.5%로 동결…고용·소비 고려, 통화정책 유지","한은, 수정 경제전망 발표 기준금리가 0.5%로 동결됐다. 한국은행 금융통화위원회는 25일 통화정책방향 회의를 열어 기준금리를 현행 연 0.5%로 유지하기로 결정했다. 지난해 7, 8, 10, 11월과 올해 1월에 이어 여섯번째 연속 동결이다. 코로나19 영향으로 소비와 고용 부진이 지속되고 있어 완화적 통화정책을 유지한 것으로 풀이된다. 그렇다고 금리를 추가로 인하하기에는 가계부채가 1700조원을 넘어서는 등 과잉 유동성 문제가 부담이 된 것으로 보인다. 이날 한은은 경제 전망도 발표한다. 최근 수출이 늘고 설비투자도 회복되고 있어 성장률이나 물가 전망치를 상향 조정할 것인지에 관심이 모아진다. 지난해 11월 전망에서 제시한 올해 경제 성장률은 3.0%, 소비자물가 상승률은 1.0%다. 이주열 한은 총재는",,,
249,642b0407ca2c,2016-09-02,SBS,통신사/방송,소비자물가,8월 소비자물가 상승률 0.4%…14개월 만에 최저,"[경제 365] 저유가 영향이 계속되면서 지난달 소비자물가 상승률이 16개월 만에 가장 낮은 수준으로 떨어졌습니다. 통계청 조사결과 지난달 소비자물가지수는 지난해 같은 달보다 0.4% 오르는 데 그쳤습니다. 소비자물가 상승률은 올해 2월부터 4월까지 1%대를 기록한 뒤 4개월 연속으로 0%대를 벗어나지 못하고 있습니다. 특히, 석유류 가격은 1년 전보다 8.8%나 떨어져 낮은 물가상승률의 원인이 됐습니다. --- 중소기업의 절반 가까이가 추석 자금 사정이 좋지 않은 것으로 조사됐습니다. 중소기업중앙회가 867개 중소기업을 대상으로 조사한 결과 45.5%가 ""자금 사정이 안 좋다""고 답했습니다. 사정이 여의치 않으면서 업체의 21.4%는 추석 상여금 지급계획이 없다고 응답했습니다. --- 내년부터 전기자동차에",,,
250,0e9edf3abeb4,2021-07-05,한국경제TV,경제지,GDP_성장률,"글로벌IB, 하반기 美 GDP 성장률 7.3% 전망","글로벌IB, 하반기 美 GDP 성장률 7.3% 전망 Fed, 美 올해 성장률 6.5% → 7% 상향 조정 英 옥스퍼드경제연구소 ""개인 소비·기업 투자·정부 지출 견고"" 올 하반기 미국 경제 성장률 전망이 잇따르고 있습니다. 블룸버그통신이 최근 69개 투자은행의 올 상반기 미국 국내총생산(GDP) 증가율 추정치를 평균 낸 결과 6.8%로 집계됐습니다. 올 1분기에 6.4% 성장한 미 경제가 2분기엔 성장에 더 속도를 냈을 것으로 본 것입니다. 투자은행들은 더 나아가 올 하반기엔 평균 7.3% 성장할 것으로 내다봤습니다. 그 외에도 Fed는 지난달 연 연방공개시장위원회(FOMC)에서 올해 성장률을 3개월 전의 6.5%에서 7.0%로 상향 조정했습니다. 영국 옥스퍼드경제연구소(OEF)는 미 경제가 1984년 기록",,,
251,24bbc52413ba,2020-02-06,SBS Biz,경제지,반도체_수출,반도체 부진에 수출한파…경상수지 흑자 7년만에 ‘최저’,"[앵커] 지난해 세계 교역량 부진으로 경상수지 흑자 규모가 2012년 이후 가장 작았던 것으로 확인됐습니다. 수출 부진으로 상품수지 흑자는 줄었지만, 여행수입 증가로 서비스수지 적자는 오히려 축소된건데요. 장지현 기자, 작년에 경상수지 흑자 폭이 큰 폭으로 줄어들었다고요, 어느 정도 감소한 건가요? 네, 한국은행에 따르면 지난해 우리나라의 경상수지 연간 흑자 규모는 599억7000만 달러로 전년도 보다 150억 달러, 22% 이상 감소했습니다. 유럽발 재정위기 영향이 컸던 2012년 이후 7년 만에 최저치입니다. 다만 외환위기 시기였던 1998년 이후 이어온 흑자 기조는 22년째 이어졌습니다. [앵커] 왜 이렇게 흑자 규모가 줄어든 건가요? 미·중 무역갈등에 따라 세계경기 둔화된 데다 수출 주력 품목인 반도",,,
252,b5c281b622eb,2016-06-10,연합뉴스,통신사/방송,국채_금리,"뉴욕증시, 국제유가ㆍ국채금리 하락 속 약세 출발","(뉴욕=연합뉴스) 신은실 연합인포맥스 특파원 = 뉴욕증시는 10일 국제유가와 국채금리 하락 속에 약세 출발했다. 오전 9시40분(미 동부시간) 현재 다우존스 30 산업평균지수는 전장보다 124.44포인트(0.69%) 하락한 17,860.75를, 스탠더드앤드푸어스(S&P) 500 지수는 17.23포인트(0.81%) 떨어진 2,098.25를 각각 나타냈다. 시장은 국제유가와 독일과 일본 등의 국채금리 하락, 이날 발표되는 경제 지표 등을 주목하고 있다. 독일 10년물 국채금리는 이날 오전 0.018%까지 하락하며 사상 최저치를 기록했다. 이는 이번 주 초 기록했던 0.070%에서 급격한 하락세를 보인 것이다. 일본의 10년물 국채금리도 마이너스(-) 0.13%까지 떨어졌다. 개장 후에는 미국의 6월 미시간대 소",,,
253,61dce58568f0,2026-01-22,중앙일보,보수,국채_금리,일 장기국채 금리 4%대로 치솟아…미 국채도 5% 육박,"조기 총선을 앞둔 일본 정치권의 감세 추진과 미국 트럼프 대통령의 그린란드 관세 위협 등으로 세계 국채 시장이 크게 흔들리고 있다. 두 나라의 국채 금리는 폭등(채권 가격은 급락)했다. 한국 국채금리도 상승하며, 기존 대출자들의 금리 부담이 커질 거라는 전망이 나온다. 21일 인베스팅닷컴에 따르면, 일본 40년 만기 국채 금리는 연 4.042%로 이틀 연속 4%대를 기록했다. 전날엔 장중 4.246%까지 뛰며 2007년 발행 이후 사상 최고치를 기록했다. 10년 만기 국채 금리도 27년 만에 최고 수준이다. 이는 채권시장에서 매도세가 거세졌기 때문이다. 다음 달 8일 조기 총선 앞두고 일본 정치권은 소비세 감세 공약을 내세웠는데, 재정 악화 우려가 커졌다. 재정을 메우기 위해서는 일본 정부가 국채를 추가로 ",,,
254,469a0155eaca,2023-08-24,연합뉴스,통신사/방송,기준금리,가계부채·성장·물가…복합 위기에 7개월간 금리동결 행진,"올리지도 내리지도 못하는 '딜레마' 한은 연말까지 동결 기조 유지할 듯…내년 인하 가능성 (서울=연합뉴스) 신호경 박대한 민선희 기자 = 한국은행이 1월 이후 약 7개월 동안 기준금리를 3.50%에서 올리지도 내리지도 못하는 것은 한국 경제가 그만큼 현재 여러가지 위기를 한꺼번에 맞고 있기 때문이다. 한은은 그동안 여러 차례 ""3.75%까지 열어놨다. 못 올린다고 생각하지 말라""며 시장에 경고했고, 실제로 2.0%까지 벌어진 미국과의 금리 격차나 다시 불어나는 가계부채 등을 고려하면 당장 인상이 단행돼도 이상할 것이 없다. 하지만 중국·미국 등 세계 주요국의 경기 불안 속에 하반기 성장 경로가 매우 불투명한 데다 소비자나 기업, 부동산 프로젝트 파이낸싱(PF) 등이 더 높은 금리를 감내하기 어려운 만큼, 인",,,
255,596f9db93751,2022-09-05,SBS Biz,경제지,경상수지,"외환보유액 감소세…""경상수지 흑자 축소 가능성""","■ 경제와이드 백브리핑 시시각각 '헤드라인' ◇ 원달러 환율 장중 연고점 경신…1370원 넘겨 미국의 긴축 속도에 관심이 쏠린 가운데 코스피가 소폭 상승세를 이어가며 2천410선을 회복했습니다. 원달러 환율은 장중 연간 최고치를 경신하면서 1370원을 넘겼습니다. ◇ 외환보유액 감소세…""경상수지 흑자 축소 가능성"" 이런 가운데 국내 외환보유액은 한 달만에 감소세로 돌아서 지난달 3조원가량 줄었습니다. 추경호 경제부총리는 대외 불확실성 확대로 경상수지 흑자 규모가 축소될 수 있다고 밝혔습니다. ◇ '차등가격제' 합의 속도…이제 우윳값 오른다 정부와 우유 관련 업계가 새로운 가격 제도 합의에 속도를 내면서 다음 단계인 원유 가격 협상이 본격화될 것으로 관측됩니다. 협상 결과에 따라 올해 우유 가격이 리터당 33",,,
256,dc45462c5dc0,2017-08-31,한국경제TV,경제지,기준금리,대내외 환경 '불투명' 기준금리 14개월째 최저,"[한국경제TV 박두나 PD] [증시 라인 11] - 앵커 : 김동환 경제 칼럼니스트 / 경희대학교 국제지역연구원 객원연구위원 - 출연 : 이태규 / 한국경제연구원 연구위원 Q.> 바로 오늘 한은 금융통화위원회가 '금리동결' 했는데, 연내 인상 가능성에 대해선 어떻게 판단하는가. 이태규 : -현재 경기회복세가 아직 미미하기 때문에 한은으로서는 기준금리 인상은 부담스러운 선택임은 분명함. -하지만 미 연준이 이미 점진적이지만 향후 금리 인상과 통화정책의 정상화를 시사한 바가 있으므로 우리나라도 현재의 저금리 수준을 계속 유지하기에도 부담스러운 상황임. -이미 지난 6월 연준의 금리 인상으로 한미 간의 금리 차는 없는 상황임. -따라서 향후 경기회복 정도에 따라 금리 인상의 가능성이 있으나 연내는 쉽지 않을 것으",,,
257,d0c2e6836af1,2020-02-26,매일경제,경제지,환율_달러,`코로나19 팬데믹 우려에` 원달러 환율 상승,"코로나19 대유행(팬데믹·pandemic) 우려에 뉴욕증시가 급락, 원달러 환율이 상승 출발했다. 26일 서울 외환시장에서 원달러 환율은 전일대비 6.2원 오른 1216.5원에 개장해 장 초반 우상향 곡선을 그리며 10시 36분 현재 1218.9원에 거래되고 있다. 환율은 전날 9.9원 하락 마감한 이후 하루 만에 상승하고 있는 것. 코로나19로 인해 이탈리아, 이란, 동아시아 등에서 신규 확진자가 늘어 나면서 글로벌 금융시장에서는 감염병 확산 우려가 커졌다. 이날 아침 한국에서도 신규 환자가 169명 증가하면서 국내 확진자는 1146명을 기록했다. 전일 이탈리아는 93명 늘었고, 이란에서는 코로나19 사망자가 15명으로 늘었다. 이 외 스위스, 오스트리아 등 유럽과 쿠웨이트, 바레인 등 중동에서도 코로나1",,,
258,7514cea6e51d,2022-03-05,매일경제,경제지,반도체_수출,러시아 때문에 반도체 대란?…핵심소재 가격 얼마나 올랐길래,"러시아·우크라이나 전쟁 나프타, 러시아 점유율 11% 전쟁 이후 22% 급등세 팔라듐은 소폭 상승만 산업계 수요·심리 영향 ""품목 수입 다변화해야"" [나기자의 데이터로 세상읽기-3] 러시아의 우크라이나 침공에 대응하기 위한 미국, 유럽연합(EU)의 러시아에 대한 경제 제재가 강화되고 있습니다. 국제은행 간 결제망에서 러시아 은행이 배제된다고도 하죠. 그러면 러시아 은행을 통한 기업 대금 결제가 원활히 이뤄지지 못할 가능성이 커서 러시아 수출·수입을 하는 국내 기업들이 타격이 됩니다. 정형곤 대외경제정책연구원 선임연구위원은 최근 발표를 통해 러시아 의존도가 20% 이상인 수입 품목이 전체 품목 2075개 중 118개에 달한다고 했죠. 반도체 업계에선 우크라이나로부터 수입을 의존한 크립톤, 네온 등의 품목이 최",,,
259,562e8f5f5466,2018-08-08,서울경제,경제지,물가_인상,우유가격 인상 신호탄,"서울우유, 리터당 90원 ↑ 커피·빵도 연쇄인상 우려 [서울경제] 국내 유업체 1위인 서울우유협동조합이 우유 가격을 5년 만에 인상한다. 올해 축산농가에서 사들이는 원유 가격이 ℓ당 4원 인상된 데 따른 것이다. 서울우유의 가격 인상으로 다른 업체들도 조만간 가격 인상에 나설 것으로 보인다. 아울러 우유가 들어가는 커피나 유제품, 빵 등의 연쇄 가격 인상도 우려된다. 8일 서울우유협동조합에 따르면 이달 16일부터 ℓ당 우유 가격을 약 90원 인상한다. 인상률은 흰 우유 1ℓ기준 3.6%다. 최종 가격은 마트나 편의점 등 유통 채널에서 정하기 때문에 가격 인상폭은 더 줄거나 늘어날 수도 있다. 서울우유 측은 생산비용의 증가를 가격 인상 이유로 설명했다. 가장 최근 가격을 올린 것이 5년 전인 2013년이고, ",,,
260,74566f2de069,2018-08-20,연합뉴스,통신사/방송,반도체_수출,반도체 경기 하강 전조?…반도체 장비업체 주가 부진,"어플라이드, 실적 하락 전망에 주가 석 달새 19%↓ (서울=연합뉴스) 김지연 기자 = 반도체 경기 전망의 바로미터로 여겨지는 주요 반도체 장비업체의 주가가 급락하고 있다. 연간 매출 기준으로 세계 2대 업체로 꼽히는 어플라이드 머티리얼스와 램 리서치 주가는 지난 3개월 사이 주가가 각각 18.8%, 16.4% 내렸다. 특히 어플라이드 머티리얼스는 2018회계연도 3분기(5∼7월) 실적을 발표한 직후인 지난 17일(현지시간) 하루에만 주가가 7.7% 급락했다. 월스트리트저널(WSJ)은 20일 반도체 제조업체의 설비투자로 먹고사는 반도체 장비업체가 최근 몇 년간 메모리칩 등 수요 급증세를 타고 호황을 누렸지만, 최근엔 삼성전자·TSMC 등 제조업체의 투자가 주춤한 영향을 받고 있다고 풀이했다. TSMC는 지난",,,
261,92b1b20ad602,2023-08-18,매일경제,경제지,최저임금,"""최저임금 집착하다 져"" 野 뒤늦은 반성","을지로委 '재집권 보고서' 대선 패배 17개월만에 발간 지난해 대선에서 패배한 후 문제점을 되짚어보는 백서조차 내지 않은 더불어민주당 내부에서 1년5개월 만에 지난 정권을 돌이켜보고 정책적 노선을 제시한 '민주당 재집권전략 보고서'가 나왔다. 중소기업과 자영업자의 비판을 무시한 최저임금 인상, 당내 86세대(1980년대 학번·1960년대생)의 민생에 대한 무관심 등을 신랄하게 지적한 '반성문'이다. 18일 민주당 을지키는민생실천위원회(을지로위원회)는 출범 10주년을 맞아 정책 제안을 담은 녹서 형태 보고서를 발표했다. 보고서의 부제는 '왜 실패했고, 무엇으로 도전하는가'다. 민주당의 공식적인 대선 평가 보고서는 아니지만 대체적인 당내 생각이 담긴 것으로 평가된다. 을지로위원회는 우원식·박홍근·진성준·박주민 ",,,
262,a462c450515e,2016-08-11,서울경제,경제지,반도체_수출,수출 16.4% 늘었지만...저유가·원화강세에 불안 불안,"관세청, 10일 기준 수출 통계 수출이 8월 들어서도 여전히 불안한 모습을 보이고 있다. 지난 10일까지의 수출액은 지난해 같은 기간과 비교할 때 다소 늘었지만 조업일수를 고려하면 여전히 감소세다. 월별 수출의 최장 마이너스 기록이 20개월로 연장될 것이라는 우려가 나오고 있다. 11일 관세청에 따르면 8월 들어 10일 현재 수출은 96억9,600만달러로 지난해 같은 기간보다 16.4% 늘었다. 그러나 8월1~10일 조업일수는 8.5일로 지난해 같은 기간(7일)보다 1.5일이 많다. 이 같은 영향을 제외하면 실제 전년 동기 대비 수출액은 4.2% 줄어든 것으로 분석된다. 수출은 지난해 1월부터 올해 7월까지 19개월째 마이너스 행진을 하고 있다. 월간 수출 통계가 집계되기 시작한 1970년 이후 최장기간이다",,,
263,e72829deb467,2026-03-06,머니투데이,기타,소비자물가,"""2월 소비자물가 2.0%↑…축산물 6%·수산물 4.4% 올라""","지난달 소비자물가가 전년동월대비 2.0% 상승했다. 국가데이터처가 6일 발표한 '2026년 2월 소비자물가동향'에 따르면 지난달 소비자물가지수는 118.40(2020=100)으로 전년 동월 대비 2.0% 상승해 전월 2.0%와 동일했다. 전월 대비로는 0.3% 상승했다. 품목 성질별로 보면 농축수산물은 전년 동월 대비 1.7% 상승했다. 농산물은 1.4% 하락했고 축산물은 6%, 수산물은 4.4% 올랐다. 농산물 중 채소류는 5.9% 하락했다. 세부 품목 중에서는 △쌀(+17.7%) △돼지고기(+7.3%) △국산쇠고기(+5.6%) △고등어(+9.2%) △달걀(+6.7%) △조기(+18.2%) △사과(+4.9%) 등이 상승했다. 반면 △귤(-20.5%) △배추(-21.8%) △무(-37.5%) △배(-26.0",,,
264,b3aa9664aec1,2025-02-21,서울경제,경제지,경기침체,건설 침체·내수 한파에 2월 기업 체감경기 더 악화,"■한은 기업심리지수 건설경기·내수 부진에 비제조업 위축 심화 3월에는 제조업·비제조업 모두 개선 전망 [서울경제] 수출 호조에도 건설경기 침체와 내수 한파가 맞물리며 기업심리가 넉 달째 악화되고 있는 것으로 나타났다. 한국은행이 21일 발표한 기업경기조사 결과에 따르면 2월 전산업 기업심리지수(CBSI)는 지난달보다 0.64포인트 낮은 85.3으로로 집계됐다.이 지수는 지난해 10월 92.5에서 11월 91.8로 내렸고, 12월 87.3으로 뚝 떨어졌다. 올해 들어서도 2월까지 4개월 연속 하락세가 멈추지 않았다. 그 결과 팬데믹이 한창이었던 2020년 9월(83.4) 이후 가장 낮은 수준이 석 달째 지속됐다. CBSI는 기업경기실사지수(BSI) 가운데 주요 지수(제조업 5개·비제조업 4개)를 바탕으로 산출",,,
265,f7266ccf063a,2025-02-27,연합뉴스TV,통신사/방송,가계부채,"정부 ""가계부채 증가율 3.8% 내로 일관되게 관리""","금융당국이 올해 연간 가계부채 증가율을 경상성장률 3.8% 이내로 관리하기로 했습니다. 금융위원회는 오늘(27일) 관계기관 등과 가계부채 점검 회의를 열고, 현 GDP 대비 90.5% 수준인 가계부채 비율을 하향·안정화 하기 위해 이같이 관리하겠다고 밝혔습니다. 이를 위해 금융위는 금융권의 가계부채 자율 관리 기조 확립과 정책대출에 대한 체계적인 관리를 주문했습니다. 지방에 자금공급을 하기 위해선 지방은행과 2금융권에 여유 있는 대출 여력을 부여하기로 했습니다. 또, 오는 7월부터 스트레스 DSR 3단계를 도입해 금리 인하기에 따른 가계부채 증가세 등에 대응한다는 방침입니다. #금융위 #가계부채 #관리방안 연합뉴스TV 기사문의 및 제보 : 카톡/라인 jebo23",,,
266,178beb6cdd2d,2025-02-23,연합뉴스,통신사/방송,GDP_성장률,"한은, 올해 성장전망 대폭 낮출 듯…전문가들 ""1.9→1.6%""","물가 전망치는 2%대로 상향 가능성…""적정 추경으로 맞춤형 지원"" (서울=연합뉴스) 신호경 한지훈 민선희 기자 = 한국은행이 25일 수정 경제전망을 발표하면서 올해 실질 국내총생산(GDP) 성장률 전망치를 대폭 하향 조정할 것으로 예상된다. 전문가들은 민간 소비와 건설투자 부진으로 내수 경기 회복이 지연되고 수출 증가율 둔화가 뚜렷해진 점을 고려할 때 전망치 수정이 불가피하다고 진단했다. 비상계엄 사태와 탄핵 정국으로 인한 국내 정치 불확실성이나 도널드 트럼프 미국 대통령의 관세 정책에 따른 수출 타격 우려 등 대내외 악재도 현재 진행형이다. 국제 유가와 환율이 나란히 상승하면서 소비자물가 상승률도 애초 한은 전망치보다 가팔라질 수 있다고 다수 전문가가 내다봤다. ""애초 1.9% 실현 가능성 크지 않았다"" ",,,
267,362320534682,2022-02-24,서울경제,경제지,물가_인상,"한은, 물가 목표 10년만에 '3%대'…‘스태그플레이션’ 결국 현실화하나",■한국경제 살얼음판 우크라 리스크에 원자재값 치솟아 올 소비자물가 2%→3.1%로 상향 [서울경제] 한국은행이 올해 소비자물가 상승률 전망치를 기존 2.0%에서 3.1%로 대폭 상향 조정했다. 한은이 3%대 물가 전망치를 내놓은 것은 지난 2012년 4월 이후 10여 년 만이다. 러시아의 우크라이나 침공으로 글로벌 원자재 시장이 요동치면서 물가는 오르는데 경기는 침체 국면으로 접어드는 ‘스태그플레이션’이 현실화하는 것 아니냐는 위기감이 커지고 있다. 한은은 24일 금융통화위원회를 열고 기준금리를 1.25% 동결한 후 발표한 수정 경제 전망에서 올해 소비자물가 상승률을 3.1%로 제시했다. 지난해 11월에 밝힌 기존 전망치(2.0%)보다 1.1%포인트나 높은 수치다. 1년 전인 지난해 2월 전망치(1.4%)보,,,
268,2e2467622b23,2019-09-02,한겨레,진보,반도체_수출,일본 수출 규제 지지 여론 67%…한달 새 9%p 상승,"닛케이 여론조사, 강경 여론 확산 아베 내각 지지율 58% 올해 최고치 수출규제에 대해 일본인 67%가 지지하고 있다는 여론조사 결과가 나왔다. 한달 새 9%p 지지 여론이 상승했으며. 일본 내 대 한국 강경론이 확산하고 있음을 엿볼 수 있다. <니혼게이자이신문>은 지난달 30일부터 1일까지 18살 이상 948명(응답자 기준)을 대상으로 전화 여론조사를 해보니 이런 결과가 나왔다고 2일 보도했다. ‘일본 정부가 한국에 반도체 소재 수출 관리를 강화한 것에 대해 지지하느냐’는 물음에 ‘지지하지 않는다’는 응답은 19%에 지나지 않았다. 지난 7월 26∼28일 조사 때 비슷한 질문에 대해 지지한다는 응답은 58%였으며, 지지하지 않는다는 응답은 20%였다. 지지한다는 응답이 9% 증가한 배경에는 유보적 태도를 ",,,
269,abf4bb77033e,2022-08-30,연합뉴스,통신사/방송,물가_인상,"울산공무원노조 ""내년도 보수, 실질적 삭감…물가상승 반영해야""","(울산=연합뉴스) 허광무 기자 = 울산광역시 공무원노동조합은 ""2023년도 공무원 보수를 실질적으로 삭감하려는 윤석열 정부를 규탄한다""고 30일 밝혔다. 공무원노조는 이날 울산시청 프레스센터에서 기자회견을 열어 ""최근 5년간 생활물가 상승률은 3.9%인데, 공무원 보수 평균 인상률은 1.9%에 불과해 실질적으로 보수가 줄었다""라면서 ""그런데도 오늘 열린 국무의회에서는 내년도 공무원 보수 인상률을 1.7%로 결정했고, 이는 터무니없이 낮은 수준""이라고 주장했다. 노조는 ""내년 최저임금이 201만580원임을 고려하면, 연차가 낮은 8·9급 직원들은 최저임금보다 낮은 보수를 받게 되는 상황이 생긴다""고 지적했다. 그러면서 ""사용자인 정부는 겸업 금지 등의 공직사회 특수성, 민간 대비 임금 수준, 최소한 생계유지 ",,,
270,05f69761afe6,2025-02-24,매일경제,경제지,기준금리,"김병환 ""낮아진 기준금리 대출금리에도 반영할 때""","내달 말 공매도 전면 재개 과열종목 지정은 확대 운영 김병환 금융위원장이 24일 기준금리가 내려가도 대출이자 인하로 이어지지 않고 있는 은행권을 향해 ""이제는 (기준금리 인하를 대출금리에) 반영할 때""라고 강조했다. 이날 김 위원장은 기자간담회에서 ""대출금리도 가격이기 때문에 시장 원리는 작동해야 한다""며 이같이 말했다. 작년 8월부터 빠르게 증가하던 가계부채를 잡기 위해 은행들은 가산금리를 올리는 방식으로 대응했다. 이에 김 위원장은 ""작년에는 가계부채 관리 부분도 있었지만, 올해 들어 시간도 지났고 이제는 반영할 때가 됐다""고 말했다. 최근 서울시가 토지거래허가구역을 해제한 이후 강남 부동산 가격 오름세와 관련해 그는 ""주택 가격 동향을 면밀히 보고 있다""면서 ""가계대출은 이달 다시 조금 늘어나는 모양새",,,
271,d56b2bc3c2a6,2019-02-28,한국경제,경제지,기준금리,"한은, 기준금리 연 1.75%로 동결…""韓 경제 흐름 1월 전망에 부합""","[ 오정민 기자 ] 한국은행이 28일 올해 두 번째 금융통화위원회(금통위)를 열고 기준금리를 연 1.75%로 동결했다. 한은은 올해 한국 경제 성장세가 잠재성장률 수준에서 크게 벗어나지 않는 범위에서 움직여 1월 제시한 전망치(2.6%)에 부합할 것으로 전망했다. 통화정책 방향에 대해서는 완화 기조를 유지하겠지만 기준금리 인하를 검토할 단계는 아니란 입장을 재확인했다. ◆금통위, 기준금리 만장일치로 동결…연 1.75% 한은은 이날 이주열 총재 주재로 금융통화위원회(금통위) 회의를 개최하고 기준금리를 연 1.75%로 유지했다. 이 총재는 이날 금통위 이후 기자간담회에서 ""금통위원 전원이 기준금리 동결에 대해 만장일치 의견을 나타냈다""며 ""통화정책의 완화기조를 유지해 나갈 것""이라고 밝혔다. 이어 ""통화정책 완",,,
272,c8171260f5a7,2022-02-08,한국경제TV,경제지,부동산_대출,"미국증시, 기업 실적 발표 속 혼조…나스닥 0.58%↓","다우 1.39포인트 올라 미국 뉴욕증시는 기업들의 분기 실적이 발표되는 가운데 다우지수가 보합 수준에서 장을 마쳤으나 대체로 하락했다. 7일(미 동부시간) 뉴욕증권거래소(NYSE)에서 다우존스30산업평균지수는 전장보다 1.39포인트(0.00%) 오른 35,091.13으로 거래를 마쳤다. 스탠더드앤드푸어스(S&P)500지수는 전장보다 16.66포인트(0.37%) 하락한 4,483.87로, 기술주 중심의 나스닥 지수는 전장보다 82.34포인트(0.58%) 떨어진 14,015.67로 장을 마감했다. 개장 초 주가는 강세를 보였으나 장중 등락을 거듭하다 장 막판 약세쪽으로 가닥을 잡았다. 투자자들은 지난주 후반 발표된 미국의 1월 고용이 크게 개선된 가운데, 이번 주 발표되는 1월 소비자물가지수(CPI) 발표에 대",,,
273,b65952b5a054,2022-04-08,중앙일보,보수,부동산_대출,"부동산 대출규제, 섣불리 풀면 위험하다",여기 온몸에 고질병이 퍼진 환자가 있다. 새로 환자를 맡은 의사로선 치료법을 찾는 게 여간 어렵지 않다. 이때 병의 근원을 외면하고 진통제만 처방하는 건 최악의 방법이다. 당장 환자의 통증은 덜겠지만 병은 계속 깊어지고 환자의 몸 상태는 더 악화한다. 한국 경제에도 이런 고질병이 있다. 과도한 가계부채가 대표적인 문제다. 이미 경계 수준을 넘어 상당히 위험한 지경에 접어들었다. 신종 코로나바이러스 감염증(코로나19) 이전에도 심각했지만 코로나19 이후 더욱 빠른 속도로 문제가 커졌다. ‘영끌’이니 ‘빚투’니 하는 신조어의 유행은 현재 상황이 얼마나 엄중한지 말해준다. 코로나 이후 가계빚 366조원 급증 LTV 규제 완화 공약에 집값 들썩 시장에 잘못된 신호 보내면 안돼 이런 가계부채는 통계 수치를 살펴보기부,,,
274,7a0040ed97f6,2022-09-02,동아일보,보수,물가_인상,지난달 물가상승률 5.7%로 주춤…공공요금-채솟값은 ‘고공행진’,"8월 소비자물가 상승률이 5.7%로 집계되며 7개월 만에 상승세가 둔화됐다. 국제유가 상승세가 주춤한 게 주된 원인이었다. 하지만 농축수산물, 전기·가스·수도 등 공공요금, 외식과 장바구니 물가 등은 여전히 높은 상승 폭을 보여 서민 경제 부담은 여전한 것으로 보인다. 2일 통계청이 발표한 8월 소비자물가 동향에 따르면 지난달 소비자물가지수는 108.62(2020=100)로 지난해 같은 달보다 5.7% 올랐다. 1998년 11월(6.8%) 이후 24년 만에 최고치를 기록했던 7월(6.3%)보다 증가세는 다소 둔화했다. 물가 상승률이 전월보다 낮아진 건 올해 1월 이후 7개월 만이다. 물가 상승률은 올해 1월 3.6%를 시작으로 계속 올라 3월(4.1%)에 4%대로 올라선 뒤 6월(6.0%)과 7월에 6%대를",,,
275,11fbdc4d6e2f,2020-08-13,동아일보,보수,고용동향,"코로나와 장마, 이중고 겪는 건설근로자",11일 오후 2시 반 서울 중구 건설근로자공제회. 투박한 작업화를 신은 김진현(가명·54) 씨가 민원창구를 찾았다. 손에는 ‘건설근로자 긴급 생활안정자금 대부’ 신청서가 들려 있었다. 앞서 김 씨는 이날 오전 5시 건설현장에 출근했다. 비 소식이 있었지만 날이 개면 일을 할 수 있다는 희망이 있었다. 하지만 궂은 날씨로 인해 결국 작업이 취소됐다. 김 씨와 동료들은 빈손으로 현장을 떠나야 했다. 김 씨는 “신종 코로나바이러스 감염증(코로나19)과 긴 장마 때문에 지난달에 단 5일만 일했다. 수입의 3분의 1 이상이 줄었다”며 긴 한숨을 쉬었다. 그러면서 “10년 동안 건설 일을 했지만 이렇게 오래 쉰 적이 없었다”고 덧붙였다. 코로나19 여파로 많은 업종에서 고용 위기가 닥치고 있다. 여기에 역대 최장기간 ,,,
276,3b8f16708874,2016-08-28,서울경제,경제지,환율_달러,연준 연내 금리인상 예고...달러강세에 투자해볼까,"보수적 투자자, 안전한 달러예금·RP 적당 중수익 추구땐, 달러기준 펀드 관심가질만 공격적 투자자, ETF·ETN·ELS 등 제격 재닛 옐런 미국 연방준비제도(Fed·연준) 의장이 연내 금리 인상을 시사하면서 달러 강세에 투자하는 상품에 관심이 쏠린다. 투자자들이 선택할 수 있는 상품들은 펀드, 달러 예금, 환매조건부채권(RP) 등으로 전문가들은 각자의 투자성향에 따라 상품을 골라야 한다고 조언한다. 박형중 대신증권(003540) 리서치팀장은 “앞으로 안전자산 선호 심리가 강화되면서 달러 강세 흐름은 이어질 것으로 전망된다”며 “얼마나 빠른 속도로 갈 것인지가 관건”이라고 분석했다. 보수적인 투자자라면 금리는 낮지만 가장 안전한 달러 예금과 RP에 주목할 만하다. 시중에서 판매되는 달러 투자 상품 중 가장 ",,,
277,cb6c3b6b2964,2017-02-24,한국경제,경제지,환율_달러,원·달러 환율 속락…1달러 1131원,나흘째 하락 연중 최저 [ 김유미 기자 ] 원·달러 환율이 나흘째 하락해 장중 달러당 1130원 아래로 내려갔다. 24일 서울외환시장에서 원·달러 환율은 전일보다 5원80전 하락한 달러당 1131원50전으로 마감했다. 연저점이면서 작년 10월24일(1131원) 이후 4개월 만에 최저치다. 환율은 지난 21일(1146원10전)부터 나흘 연속 하락세를 이어가고 있다. 원·엔 환율도 한때 100엔당 1000원 밑으로 하락했다. 강달러 행진이 주춤해지면서 원화가치가 가파르게 올랐다. 최근 발표된 미 연방공개시장위원회(FOMC) 의사록에 미 기준금리 인상 시기에 대한 새로운 언급이 없어 달러 약세 요인이 됐다. 스티븐 므누신 미 재무장관의 세제개편안 발표가 예상보다 늦어질 것이란 전망도 달러가치를 끌어내렸다. 미 정,,,
278,520982230e97,2017-02-27,연합뉴스TV,통신사/방송,반도체_수출,수출회복 불씨 살리자…베트남 등 신흥 시장 개척,"수출회복 불씨 살리자…베트남 등 신흥 시장 개척 [앵커] 무역투자진흥회의에서는 최근 나타난 수출 회복세를 이어가기 위한 대책들도 논의됐습니다. 정부는 상반기중 수출지원사업을 집중적으로 시행하고 미국과 중국 등 각국의 보호무역주의에 대응하기 위해 수출 지역과 품목 다변화에도 나서기로 했습니다. 김동욱 기자입니다. 세계 경기ㆍ교역 둔화 추세 속에서도 최근 우리 수출이 4개월 연속 증가했습니다. 하지만 이는 반도체 업황 호조에 따른 것으로 언제까지 수출 증가세가 이어질지는 미지수입니다. 이에 따라 정부는 세계 각국의 수입규제 등 보호무역주의에 직접 대응하기 위한 '현지대응반'을 가동하고, 상반기 중 수출지원사업을 집중해 수출 회복의 불씨를 살려나가겠다는 계획입니다. 수출마케팅은 작년보다 1천억원 가까이 늘린 3천",,,
279,c8eb03792ee4,2022-12-10,한겨레,진보,가계부채,"고금리, 무역 적자, 가계부채…‘회색 코뿔소’가 달려오고 있다","이코노미 인사이트 _ Economy insight 알기 쉬운 금융 이야기 ㅣ 한국경제 성장률 전망 http://www.economyinsight.co.kr/com/com-spk4.html 고물가 상황이 좀처럼 풀리지 않으면서 미국 연방준비제도(연준)는 2022년 6월 이후 11월까지 네 차례 연속 자이언트스텝(각각 0.75%포인트)을 밟았다. 한국은행 금융통화위원회도 기준금리를 급격히 인상(2022년 5월 1.75% → 10월 3.0%)했다. 급격한 기준금리 인상으로 글로벌 경제가 경기침체에 빠질 우려가 커지고 있다. 코로나19 대유행 극복을 위한 완화적 재정·통화 정책의 영향으로 차입을 통한 레버리지 투자가 확대되고, 자산가격의 거품이 커지는 등 과도한 ‘금융 불균형’이 초래할 상황을 충분히 예측하지 못했",,,
280,eff555b3d85b,2024-09-05,경향신문,진보,가계부채,"“민간부채 부실 위험 수준, 금리 인하해야”…한경연, 보고서 발간","한국경제인협회 산하 한국경제연구원 보고서 통해 한국은행의 기준금리 인하 요구 최근 물가 상승률이 둔화하며 한국은행이 미국 연방준비제도(연준)에 앞서 기준금리를 인하해야 한다는 목소리가 경제계 안팎에서 나오고 있다. 한국경제인협회 산하 한국경제연구소는 코로나19 팬데믹 이후 이어지는 고금리·고물가에, 지정학적 리스크 등에 따른 자본시장 변동성 확대로 가계·기업 등 민간부채 부실이 위험 수준에 도달했다며 이를 해결하기 위해서라도 기준금리를 선제적으로 인하해야 한다는 보고서를 냈다. 한국경제연구원이 5일 발간한 ‘민간부채 부실화 위험 증가와 시사점’ 보고서를 보면, 가계 취약차주와 한계기업의 연체율이 최근 크게 상승했다. 올해 1분기 기준 가계 취약차주 연체율은 10.0%로, 2020년 1분기(7.7%)보다 2.",,,
281,1208d9923c22,2016-08-27,한국경제,경제지,기준금리,"옐런, 금리인상 시사 “경제 여건 강화됐다”..구체적 시점은 안 밝혀",옐런 의장이 연준의 금리인상 가능성을 시사했다. 26일(현지시각) 재닛 옐런 연방준비제도(Feb) 의장은 이날 와이오밍 주(州) 잭슨홀에서 ‘미래를 위한 회복력 있는 통화정책 구상’을 주제로 열린 연준의 연례 경제정책 심포지엄에서 이처럼 추가 금리 인상 가능성을 시사했다. 그는 “견고한 고용시장과 미국 경제전망 개선 등의 측면에서도 볼때 연준은 금리를 인상하는 방향으로 움직이고 있다”면서 “최근 몇 달간 금리인상을 위한 여건이 강화됐다”고 설명했다. 이어 “(금리 인상 판단의 주요 지표인) 물가 상승률은 여전히 목표치인 2.0%를 밑돌고 있지만 이는 주로 일시적인 요인들에 기인한 것”이라면서 “몇년 뒤에는 물가상승률이 목표치에 도달할 것”이라고 전망했다. 다만 옐런 의장은 구체적인 금리 인상 시점은 밝히지 ,,,
282,606bd1b5dd24,2017-08-07,한국경제TV,경제지,물가_인상,"美 고용 호조, 물가지표 주목 … 외국인 매도 진정될까","[한국경제TV 양경식 PD] [증시라인 10] [마켓진단] 출연 : 마주옥 한화투자증권 투자전략팀 팀장 Q. 美 고용 서프라이즈…9월 긴축 힘 받나? - 연준 9월 자산매각 계획 주목, 12월 중 금리 인상 전망 - 美 향후 소비자물가 상승 제한적 예상 - 지난해 12월 이후 美 임금 상승률 둔화세 - 9월 금리 인상 시기상조, 물가·경기 반등 강화돼야 Q. 美 소매업체 실적 주목…증시랠리 지속할까? - 美 소매업체 실적 예상치 부합 전망 - S&P500 기업 실적 개선세…전년比 12% 증가 Q. 7~8일 OPEC 회의, 국제유가 영향은? - OPEC 회의 촉각, 유가 영향 제한적 - 국제유가 배럴 당 50달러 내외 등락 전망 - 美 원유 생산 증가세, 과잉공급 우려 해소 어려워 Q. 외국인 차익실현 이후,",,,
283,49d29e789b57,2025-08-29,연합뉴스,통신사/방송,국채_금리,"내년 국채발행 232조원…시장 ""예상부합"" 안도 속 WGBI '촉각'","""실제 발행 과정서 금리 변동성 커질 수도"" 경계감은 여전 10월 WGBI 편입시기 재확인 필요…금리는 당분간 박스권 전망 (서울=연합뉴스) 배영경 기자 = 정부의 내년도 예산안을 확인한 채권시장은 수급에 주요 변수였던 국채 발행 규모가 전망치에 부합한 데 안도했다. 다만 예상 범위 내라고 하더라도 발행 규모 자체가 큰 만큼 향후 시장금리 변동성을 키우지 않고 무난히 소화될지는 별개의 문제라는 분위기다. 이런 맥락에서 시장 참여자들은 오는 10월 확인될 세계국채지수(WGBI·World Government Bond Index) 편입 일정에 촉각을 세우고 있다. 기획재정부가 29일 발표한 2025∼2029년 국가재정운용계획에 따르면 내년 국채 총발행 규모는 232조원이 될 것으로 예상된다. 여기에는 순발행 규모",,,
284,cc062020bb4f,2019-02-19,연합뉴스,통신사/방송,환율_달러,미중 3차 고위급 협상 앞두고 긴장감…원/달러 환율 상승,"(서울=연합뉴스) 정수연 기자 = 미중 3차 고위급 무역협상을 목전에 두고 원/달러 환율이 상승했다. 19일 서울 외환시장에서 원/달러 환율은 전일보다 2.4원 오른 1,128.2원에 장을 마쳤다. 환율은 0.2원 오른 1,126.0원에 거래를 시작해 상승 폭을 키워나갔다. 무역갈등을 해결하기 위한 미중 장관급 협상을 앞두고 긴장감이 유지되며 위험 선호 심리가 힘을 얻지 못하는 것으로 풀이된다. 미국 백악관은 성명을 통해 장관급 협상은 워싱턴에서 21일(현지시간)부터, 차관급 협상은 19일부터 시작된다고 밝혔다. 달러 대비 위안화가 약세를 보인 점도 원/달러 환율 상승에 영향을 미친 것으로 분석된다. 이날 중국 인민은행은 달러화 대비 위안화 가치를 0.03% 절상한 달러당 6.7642위안에 고시했으나, 장중",,,
285,605160307255,2016-08-25,한국경제,경제지,부동산_대출,"우정사업본부 예금사업단, 해외부동산 선순위대출 투자 나서","이 기사는 08월24일(05:02) 자본시장의 혜안 ‘마켓인사이트’에 게재된 기사입니다 ----------------------------------------------------------- 우정사업본부의 예금사업단이 해외 부동산 선순위 대출에 4억5000만달러(약 5100억원)을 투자한다. 24일 투자은행(IB)업계에 따르면 예금사업단은 미국 등 핵심 국가 소재의 우량 상업용 부동산에 선순위대출 투자 전략을 활용하는 사모펀드(PEF) 위탁운용사 3곳을 선발한다. 운용사별로 1억5000만달러(약 1700억원)씩 출자할 예정이다. 이번 펀드는 별도운용 계정(Separately Managed Accounts, SMA) 형태로 운용된다. SMA는 기관투자가(LP)가 구체적으로 정한 대상이나 조건에 맞게 펀드를",,,
286,b7bdea557493,2021-09-03,중앙일보,보수,반도체_수출,하반기 수출전망 낙관할 수 없어,"세계무역기구(WTO)는 2016년부터 상품무역과 서비스무역의 활력을 진단하는 선행지표(Leading Indicator)인 ‘무역 바로미터(Trade Barometer)’를 발표하고 있다. ‘상품무역 바로미터(Goods Trade Barometer)’는 전 세계의 수출주문, 국제항공화물, 컨테이너 처리와 자동차, 전자부품, 농산물 및 원자재 생산과 판매 등을 종합적으로 고려하여 산출된다. 그 수치가 100이 넘으면 상품무역의 활력이 실제 실적에 비해 더 크다는 것을 의미하고 100보다 적으면 그 반대다. WTO는 지난 7월 ‘상품무역 바로미터’가 110.4로 산출되었다고 발표했다. 이 수치는 1년 전과 비교해 20% 증가한 것으로 세계 상품무역이 강한 회복세를 보이고 있음을 의미한다. 또한 ‘상품무역 바로미터",,,
287,228bf8fc0c5b,2017-02-16,연합뉴스,통신사/방송,고용동향,"윤호중 ""정치 불확실성 경제에 악영향…국회보이콧 與 한심""","""수사 미진하면 재특검 상황…黃권한대행, 특검연장 결단해야"" (서울=연합뉴스) 이상헌 박경준 기자 = 더불어민주당 윤호중 정책위의장은 16일 ""수사가 미진한 상태에서 특검을 마치면 새 정부는 재특검을 안 할 수 없는 상황에 빠진다""며 ""황교안 총리는 특검 연장에 대한 결단을 내려야 한다""고 말했다. 윤 정책위의장은 이날 국회에서 열린 정책조정회의에서 ""정치적 불확실성으로 인한 민생경제 위기를 새 정부 이후까지 늦추려 하느냐""며 이같이 밝혔다. 그는 ""한국은행이 발간한 통화신용정책 보고서를 보면 노태우 정부의 수서 택지비리, 김영삼 정부의 친인척비리, 노무현 정부의 탄핵, 이명박 정부의 쇠고기 파동 등의 시기에 취업자·자영업자 증가율이 대폭 하락했고 설비 투자와 소비도 줄었다""며 ""정치적 리더십이 상실되면 경",,,
288,0f7f7a52c76f,2017-08-16,경향신문,진보,가계부채,김동연·이주열 “한은도 가계부채 대책논의 적극 임하기로”,"김동연 부총리 겸 기획재정부 장관과 이주열 한국은행 총재가 16일 북한 리스크와 관련해 금융시장 안정을 위해 필요할 경우 단호한 조치를 취하겠다는 입장을 밝혔다. 기재부 요청으로 마련된 이날 자리에서 양측은 북·미 갈등을 둘러싼 지정학적 리스크 관련 금융시장 동향과 예산 편성, 가계부채, 부동산 대책 등 전반적 경제상황을 놓고 의견을 교환했다. 특히 이달 말쯤 나올 가계부채 대책과 관련 앞으로 한은도 적극 논의에 임하기로 했다. 김 부총리와 이 총재는 이날 서울 명동 은행회관 뱅커스클럽에서 가진 오찬모임에서 북한 리스크와 관련한 금융시장 동향을 논의했다. 본격 회동 직전 언론에 공개한 자리에서 이 총재는 “다행히 금주 들어서는 다소 진정되는 모습을 보이고 있지만 북핵 리스크 전개 양상에 따라서 앞으로도 시장",,,
289,2a5c4f4a934a,2017-12-24,연합뉴스,통신사/방송,가계부채,대출금리 더 올린다…가계부채가 위험요인,"""미국 연준이 3번 올려도 한국은 1번…은행 대출·금리 상승 폭 소폭에 그칠 것"" 북핵 리스크, 각국 통화정책 정상화 속도, 부동산 연착륙 여부도 변수 (서울=연합뉴스) 금융팀 = 국내 주요 은행장들은 내년 시장금리 상승에 따라 대출금리를 지속적으로 올릴 것이라고 밝혔다. 정부가 내년 도입할 신(新) DTI(총부채상환비율) 등 규제의 여파로 가계부채 급증 속도는 둔화하겠지만, 가계부채의 부실 가능성이 우리 경제를 뒤흔들 수 있는 최대 위험요소라고 입을 모았다. 국내 5대 은행 은행장들은 24일 연합뉴스와 서면 인터뷰에서 내년 기준금리와 시장금리가 상승할 것으로 전망되는 만큼 은행의 예금과 대출금리도 올라갈 것이라고 답했다. 위성호 신한은행장은 ""기준금리와 시장금리가 은행의 예대 금리를 결정하는 주요 요인인데",,,
290,867f8267b9a2,2016-09-01,연합뉴스,통신사/방송,물가_인상,"'주민세 인상 거부' 이재명 ""정부가 간접증세 강요""","""복지 없는 우회 증세로 지자체 수탈 목적"" 비판 (성남=연합뉴스) 김경태 기자 = 주민세 인상을 거부한 이재명 성남시장이 ""정부가 지방자체단체를 압박해 사실상 간접증세, 우회 증세를 강요하고 있다""고 비판하고 나섰다. 이 시장은 1일 연합뉴스와의 통화에서 주민세 인상 논란과 관련해 ""중앙정부가 할 일(국가사무)을 지방정부에 떠넘기고 빼앗아간 재원을 돌려주지 않으면서 세수 공백을 주민에게 메우게 하려는 의도""라며 이같이 말했다. 나아가 ""주민세 인상 강요는 잡아먹을 닭을 살찌우는 것과 같고, 식민지처럼 지자체를 수탈하는 것""이라고 원색적으로 비유했다. 그는 ""주민세를 1만원으로 올려도 전국적으로 2천억∼3천억원에 불과하고 소득 재분배 효과도 없다""고 잘라 말했다. 그러면서 ""성남은 부동산 가격이 높아 재산세",,,
291,948ad62f72c5,2024-02-15,한국경제TV,경제지,GDP_성장률,韓 경제성장률 25년만에 日에 뒤집혀,"2023년 한국 경제성장률이 25년 만에 일본에 뒤진 것으로 나타났다. 일본 내각부는 15일 지난해 일본의 실질 국내총생산(GDP) 성장률(속보치)이 1.9%라고 발표했다. 한국은행이 지난달 발표한 한국의 지난해 GDP 성장률은 1.4%로, 일본이 한국보다 0.5% 포인트 높았다. 한국이 일본에 경제성장률에서 뒤진 것은 외환위기 때였던 1998년 이후 25년 만에 처음으로 기록된다. 그러나 올해는 한국이 다시 일본에 앞설 것으로 예상되고 있다. 국제통화기금(IMF)은 지난달 내놓은 세계경제전망에서 한국의 올해 실질 GDP 성장률을 2.3%, 일본은 0.9%로 각각 예측했다. 일본 니혼게이자이신문은 지난해 한일 경제성장률 역전에 대해 ""반도체 불황 같은 일회성이 아닌 (한국 경제의) 구조적 문제도 드러나기 시",,,
292,9b4a87d97d72,2017-01-30,한국경제,경제지,부동산_대출,"최석종 KTB투자증권 사장 ""FICC 분야를 IB와 투톱으로 육성할 것""",상하수도 처리부문서 대체투자 기회 예금유동화 시장 진출 추진 유럽 신재생에너지에도 관심 [ 김태호 기자 ] “투자은행(IB)과 FICC(채권·외환·파생상품) 분야를 회사 성장의 양대 축으로 삼을 생각입니다. 시장 상황이 순탄치 않겠지만 새로운 기초자산에서 차별화된 상품을 고민하고 개발한다면 기회는 충분합니다.” 최석종 KTB투자증권 사장(사진)은 지난 23일 한국경제신문과의 인터뷰에서 이같이 말했다. 최 사장은 국내 증권시장에서 부동산 항공기 등의 자산영역을 IB 분야인 대체투자로 끌고 온 ‘구조화 금융전문가’로 평가받는다. 지난해 6월 KTB투자증권 사장으로 취임한 뒤에도 이 분야 강화를 위해 꾸준히 노력해 왔다. 짧은 시간이지만 성과는 좋았다. 1억7200만달러 규모의 해외 항공기 투자 주선을 시작으로 ,,,
293,7d707e8c51f3,2017-02-26,연합뉴스,통신사/방송,가계부채,은행 주담대 2개월 연속 안정세…2금융권 불안은 지속,"이달 20일까지 6대 은행 주택담보대출, 전월 말 대비 1조3천억원 줄어 (서울=연합뉴스) 이상원 박초롱 박의래 기자 = 지난달에 이어 2월에도 은행권의 주택담보대출 잔액이 감소하고 있다. 정부가 가계부채 관리를 강화하고, 부동산 시장도 침체 국면에 들어서면서 지난 2년간 폭증했던 주택담보대출이 안정을 찾는 모습이다. 그러나 여신심사 가이드라인 적용을 앞둔 상호금융은 문턱이 높아지기 전에 대출을 받으려는 수요가 몰리는 상황이다. 26일 은행권에 따르면 KB국민·신한·우리·KEB하나·농협·기업 등 6대 은행의 지난 20일 주택담보대출 잔액은 377조4천135억원을 기록했다. 이는 지난 1월 말(378조7천142억원) 대비 1조3천7억원 감소한 금액이다. 지금 추세가 이어지면 6대 은행 주택담보대출 잔액은 두 ",,,
294,bf3b9cc56268,2025-12-14,서울경제,경제지,부동산_대출,"한은, 내년부터 부동산 대출채권 담보로 은행에 유동성 지원","한은, '긴급여신에 관한 규정' 의결 적격 담보에 신용대출 채권 등 포함 뱅크런 등 유동성 리스크에 대비 [서울경제] 내년부터 시중은행은 부동산 대출채권, 신용대출 채권을 담보로 한국은행으로부터 긴급 유동성을 지원받을 수 있다. 대규모 예금인출(뱅크런) 등 유동성 경색에 대비할 수 있도록 한은이 적격담보의 범위를 확대한 것이다. 한국은행은 14일 이 같은 내용의 ‘금융기관 대출채권을 담보로 하는 긴급여신에 관한 규정’을 의결했다고 밝혔다. 이에 내년 1월 2일부터 법인기업의 부동산담보대출(주택담보대출 제외) 채권, 차주의 신용등급이 ‘BBB-’ 등급 이상이거나 예상 부도 확률이 1% 이내인 대출채권이 새로운 적격 담보에 포함된다. 한은이 적격 담보를 확대한 것은 지난 2023년 미국 실리콘밸리은행(SVB)에",,,
295,c3c47a34b1fe,2018-09-02,한국경제,경제지,경기침체,정부 규제에 늦어지는 가을 분양,"분양캘린더 [ 민경진 기자 ] 이번주에는 전국 4곳에서 4179가구(오피스텔 포함)가 1순위 청약을 받는다. 모델하우스는 지방 중소 규모 단지를 중심으로 전국 4곳에서 개장한다. 지방 부동산 경기 침체, 부동산 대책 등의 영향으로 가을 분양이 대거 미뤄지는 모양새다. 현대건설은 3일 경기 고양시 삼송지구 도시지원시설 S4-2, 3블록에 들어서는 ‘힐스테이트 삼송역 스칸센’ 오피스텔의 1순위 청약을 받는다. 전용면적 18~29㎡ 1381실(2블록)과 1132실(3블록)로 조성한다. 지하철 3호선 삼송역을 걸어서 이용할 수 있다. 단지 인근에 수도권 광역급행철도(GTX) A노선이 2024년 개통할 예정이다. 현대산업개발은 같은 날 경기 평택시 장당동 154의 2 일원에 짓는 ‘평택 고덕 아이파크’ 오피스텔의 청",,,
296,9ec99dbd636d,2024-12-25,매일경제,경제지,부동산_대출,“부실 대출 막아라”…부동산 대출 때 현장 확인 의무화,"서류 진위확인 비롯 대출 절차 강화하고 영업점 KPI에 반영 명령휴가도 대상확대 금융권 여신 사고가 대형화하자 금융당국이 제도적 해결책을 내놨다. 25일 금융감독원은 여신 프로세스를 개선하기 위해 은행연합회 자율규제안을 마련했다고 밝혔다. 금감원은 이를 위해 지난 9월부터 국내은행, 은행연합회와 함께 공동 태스크포스(TF)를 운영해왔다. 금융감독원이 내놓은 자율규제안에 따르면 은행은 향후 대형 여신사고가 재발하지 않도록 하기 위해 중요서류 진위확인 절차를 강화한다. 아울러 담보가치 산정과 검증 절차를 개선하고, 임대차계약의 실재성 확인도 강화한다. 이밖에 자금용도 외 유용 점검대상을 확대하는 등 금융권 여신 절차를 전반적으로 손본다는 방침이다. 특히 매매·분양·임대차계약서의 진위 확인을 철저히 한다. 담보가",,,
297,b4b87becdb75,2017-10-16,한국경제,경제지,부동산_대출,부동산 대출 문턱 높이니 지난달 자영업자 대출 26개월 만에 최대 증가,[ 김은정 기자 ] 지난달 자영업자의 은행 대출이 26개월 만에 최대 폭으로 증가했다. ‘8·2 부동산 대책’ 등의 여파로 가계대출 수요가 자영업자 대출로 옮겨갔다는 분석이 나온다. 한국은행이 16일 발표한 ‘금융시장 동향’을 보면 올 9월 말 기준 은행권 개인사업자(자영업자) 대출 잔액은 282조2000억원이다. 전월 대비 3조4000억원 늘었다. 증가액은 2015년 7월(3조7000억원) 이후 2년2개월 만에 최대다. 지난 8월 증가액(2조9000억원)과 비교하면 5000억원 많다. 부동산 전문가들은 8·2 대책 이후 가계대출 규제가 강화되자 대출 수요가 자영업자 대출로 이동하는 ‘풍선효과’도 일부 작용한 것으로 분석했다. 김은정 기자 [ 한경닷컴 바로가기 ] [ 글방 ] [ 모바일한경 구독신청 ] ha,,,
298,0d01f6873011,2021-02-28,서울경제,경제지,수출입동향,"기재부, 4차 재난지원금 추경안 발표","[서울경제] 정부가 이번 주 4차 재난지원금을 위한 추가경정예산안을 발표한다. 추경안에는 코로나19 확산에 따른 소상공인·자영업자 등 피해 계층 집중 지원, 고용 충격에 대응한 일자리 대책, 백신 확보·접종 등에 필요한 추가 예산이 포함될 예정이다. 한국은행은 3월 4일 지난해 1인당 국민소득을 집계해 발표한다. 1일(월) 경제: 산업통상부, 2월 수출입 동향 산업부, 중견기업 글로벌 지원 사업 305개사 선정 국토부, 분양가상한제 기본형 건축비 3월 고시 사회: 3·1절 기념식 2일(화) 경제: 기재부, 4차 재난지원금 등 추경안 발표 통계청, 1월 산업 활동 동향 산업부, 제3차 수소경제위원회 개최 산업부, 폐광 지역 장기적 지원 기반 마련 3일(수) 경제: 통계청, 데이터 리서치 브리프 발간 KDI, ",,,
299,f47e5adc3f79,2024-08-30,한국경제TV,경제지,반도체_수출,'자동차·반도체 위축' 산업생산 석달째 뒷걸음…소비도 부진,2024년 7월 '산업활동동향' 발표 자동차 14.4% 줄어...2020년 5월 이후 최대 감소폭 동행지수 5개월 연속↓…18개월 만에 최장 하락 반도체와 자동차 생산이 모두 줄면서 산업생산이 석달 연속 마이너스를 기록했다. 특히 자동차생산 감소 폭은 50개월만에 가장 컸다. 소매판매도 한달 만에 감소로 돌아서면서 내수 부진 상황도 이어졌다. 반면 설비투자는 두 자릿수대 증가세를 보였다. 30일 통계청이 발표한 '7월 산업활동동향'에 따르면 지난달 전산업 생산지수는 전달보다 0.4% 감소했다. 4월 1.4% 반짝 증가했던 전산업생산은 5월(-0.8%)과 6월(-0.1%)에 이어 석 달째 감소세를 이어갔다. 3개월 연속 감소는 2022년 8~10월 이후로 21개월 만이다. 부문별로 보면 광공업 생산이 전달보다,,,
300,b077fd100297,2025-08-31,SBS,통신사/방송,반도체_수출,"중국, 미국의 반도체 장비 통제 강화에 반발…""필요한 조치 취할 것""","▲ 삼성전자, SK 하이닉스 미국 반도체 장비 반입 제재 미국이 삼성전자와 SK하이닉스가 중국 내 공장에 미국산 반도체 제조 장비를 공급할 때 누려온 개별 허가 절차 면제를 폐지하기로 하자 중국은 미국이 글로벌 반도체 공급망을 불안정하게 만들고 있다며 '필요한 조치'를 취하겠다고 경고했습니다. 중국 상무부 대변인은 홈페이지를 통해 미국 상무부 산업안보국(BIS)이 인텔·삼성·SK하이닉스 중국 법인을 '검증된 최종 사용자'(VEU) 명단에서 제외할 것이라고 밝힌 것에 대해 ""중국은 관련 상황에 주목하고 있다""며 이같이 밝혔습니다. 대변인은 ""반도체는 고도로 세계화된 산업으로, 수십 년의 발전을 거쳐 서로 얽힌 산업 구도가 만들어졌다. 이는 시장의 규칙과 기업의 선택이 함께 작용한 결과""라며 ""미국의 이번 조치",,,
301,837a3091937e,2022-07-07,SBS Biz,경제지,경상수지,경상수지 흑자 전환했지만 원자잿값 상승에 흑자 폭 63% 감소,"[앵커] 5월 우리나라 경상수지가 38억 5000만 달러로 한 달 만에 흑자 전환했습니다. 그러나 흑자 폭은 1년 전보다 65억 5000만 달러나 줄었는데요. 원자재값 상승으로 수출보다 수입이 빠르게 늘어난 영향입니다. 윤지혜 기자, 지난달 적자를 기록했던 경상수지, 한 달만에 흑자로 돌아섰다고요? 한국은행은 5월 경상수지가 38억 6000만 달러, 우리돈 5조 411억 원 흑자로 집계됐다고 밝혔습니다. 우리나라 경상수지는 2020년 5월 이후 올해 3월까지 23개월 연속 흑자를 유지하다가 4월 수입 급증과 해외 배당이 겹치면서 적자를 냈고, 한 달 만에 다시 흑자로 돌아섰는데요. 다만 1년 전 104억 1000만 달러 흑자에서 65억 5000만 달러나 줄었습니다. 경상수지에서 가장 큰 비중을 차지하는 상품",,,
302,debc826abd39,2023-08-31,SBS,통신사/방송,가계부채,"가계부채 주범 '50년 주담대', DSR 40년 적용으로 가닥","<앵커> 최근 가계 대출이 늘어난 가장 큰 이유로 꼽혔던 50년 만기 주택담보대출을 당국이 손보기로 했습니다. 50년이라는 기간은 그대로 유지하되, 은행이 대출 한도를 계산할 때는 40년 만기를 적용하도록 해서 실제 대출액은 줄어들게끔 하겠다는 것입니다. 유덕기 기자가 자세한 내용 전해드립니다. <기자> 은행의 50년 만기 주택담보대출 상품은 두 달 사이 잔액이 3조 4천억 원에 달할 만큼 급증했습니다. 원리금을 50년에 걸쳐 상환할 수 있는 대출 상품으로, 만기가 길어지는 만큼 이자를 포함한 전체 원리금은 늘어나지만 월 상환액은 줄어듭니다. 총부채원리금상환비율 DSR 규제를 피해 대출을 더 받을 수 있어 대출자들이 몰렸고 가계 대출 급증의 주원인으로 지목됐습니다. [이창용/한국은행 총재 (지난 24일 기자",,,
303,d063d9798b6b,2025-02-21,중앙일보,보수,반도체_수출,"1∼20일 수출 16% 증가…반도체, 승용차 늘어","2월 들어 수출이 1년 전보다 증가한 것으로 나타났다. 하지만 조업일수를 고려한 일평균 수출액은 감소했다. 21일 관세청에 따르면 이달 1∼20일 수출액은 353억 달러로 1년 전보다 16% 증가했다. 조업일수를 고려한 일평균 수출액은 22억8천만 달러로 1년 전보다 2.7% 감소했다. 이달 20일까지 조업일수는 15.5일로 작년 같은 기간(13.0일)보다 2.5일 많다. 이달 1∼20일 수출액을 품목별로 보면 반도체(22.1%), 승용차(40.3%), 자동차 부품(9.1%) 등에서 늘었고 석유제품(-9.7%) 등은 줄었다. 국가별로는 중국(13.6%), 미국(16.0%), 유럽연합(EU·8.0%), 베트남(32.7%) 등은 증가했고 홍콩(-5.7%) 등은 감소했다. 1∼20일 수입액은 345억 달러로 1년",,,
304,1b01e73867c3,2022-08-25,서울경제,경제지,GDP_성장률,韓 GDP 5배 늘때 中은 35배↑…500대 기업도 中이 8배,"■전경련 한중 수교 변화 분석 中 급성장하며 주요지표 韓추월 ""對中 경쟁력 위해 FTA 개정 필요"" [서울경제] 한중 수교 30년 이후 중국의 경제력과 기술력이 급성장하면서 양국 격차가 점점 벌어지고 있다는 분석이 나왔다. 전국경제인연합회는 24일 발표한 ‘한중 수교 후 중국 경제 폭발적 성장, 다수 경제지표에서 한국 추월’이라는 보고서에서 “한중 간 경제력 격차가 계속되면 한국 기업이 중국에서 이익을 내기가 점점 어려워지고 대중 무역적자가 확대될 우려가 높다”면서 “한중 자유무역협정(FTA) 개정이 필요하다”고 강조했다. 먼저 주요 경제지표 가운데 국내총생산(GDP)의 경우 중국이 한국을 크게 추월했다. 명목 GDP는 한국이 1992년 3555억 달러에서 지난해 1조 7985억 달러로 약 5.1배 성장했다",,,
305,8752bad989dd,2020-01-21,연합뉴스,통신사/방송,최저임금,"소상공인 10명 중 7명 ""최저임금 일괄 적용 반대""","지난해 업체별 월평균 인건비 상승액 61만1천원 (서울=연합뉴스) 윤지현 기자 = 소상공인들 10명 중 7명 이상은 최저임금을 모든 사업장에 일괄 적용하는 것에 반대하는 것으로 나타났다. 소상공인연합회는 전국 17개 시·도의 1천200개 소상공인 사업체를 대상으로 한 '2019년 최저임금 인상 관련 소상공인·근로자 영향 실태 조사'에서 응답자의 76.3%가 이같이 답했다고 21일 밝혔다. 또 소상공인의 77.8%는 최저임금의 사업장 규모·업종별로 차등 적용이 필요하다고 응답했다. 최저임금 차등 적용 방법으로는 업종별 차등 적용이 필요하다는 응답이 80.3%로 가장 높았고, 이어 사업체 규모별로 다르게 적용해야 한다는 응답도 70.3%에 달했다. 조사업체의 66.4%는 최저임금 인상에 따른 인건비 부담이 크다",,,
306,e827cbd722e2,2019-09-05,연합뉴스,통신사/방송,최저임금,연천군 내년 생활임금 7.6% 인상…시급 9천780원,"(연천=연합뉴스) 우영식 기자 = 경기도 연천군은 생활임금위원회를 열어 내년도 생활임금을 올해보다 7.6% 오른 시급 9천780원으로 결정했다고 5일 밝혔다. 생활임금은 연천군과 출자·출연기관의 장이 직접 고용한 근로자와 출자·출연기관 고용 근로자에게 적용된다. 연천군의 올해 생활임금은 시급 9천90원으로 내년에 690원(7.6%) 오른다. 월급으로 환산하면 올해 189만9천810원에서 204만4천20원으로 인상된다. 생활임금은 최저임금 이상의 임금으로 최소한의 인간적인 생활이 가능하도록 근로자의 주거비, 교육비, 문화비 등을 종합적으로 고려해 지방자치단체가 정한다.",,,
307,d07bf811cfbe,2025-08-08,연합뉴스,통신사/방송,경상수지,일본 경상수지 흑자액 추이,(교도=연합뉴스) 이재윤 기자 = 일본의 올해 상반기 경상수지 흑자 규모가 작년보다 9.1% 늘면서 상반기 기준 역대 최대 규모를 기록했다. 재무성이 이날 발표한 2025년 상반기 국제수지(속보치)에 따르면 경상수지 흑자액은 작년 상반기보다 9.1% 증가한 14조5천988억엔(약 137조4천억원)으로 집계됐다. X(트위터) @yonhap_graphics 페이스북 tuney.kr/LeYN1,,,
308,72e28c76e2b3,2020-02-19,연합뉴스,통신사/방송,GDP_성장률,"S&P, 올해 한국 성장률 전망치 2.1%→1.6%로 낮춰","이마트 신용등급 보고서에서 밝혀…등급전망 '부정적' (서울=연합뉴스) 황재하 기자 = 국제 신용평가사 스탠더드앤드푸어스(S&P)는 19일 이마트의 신용등급 보고서에서 신종 코로나바이러스 감염증(코로나19) 여파로 한국의 올해 경제 성장률이 1.6% 수준으로 낮아질 것으로 예상했다. 이마트의 신용등급은 종전대로 'BBB-'를 유지하면서 신용등급 전망은 '안정적'에서 '부정적'으로 하향 조정했다. S&P는 ""신종 코로나바이러스(COVID-19)가 올해 한국경제에 악영향을 줄 것""이라며 ""이번 사태로 올해 국내총생산(GDP) 성장률이 기존 전망치인 2.1%에서 1.6%로 떨어질 것으로 추정한다""고 밝혔다. 그러면서 ""이는 작년의 1.9%, 2018년의 2.7%보다 낮은 수준""이라며 ""향후 소비 심리 약세는 지속할",,,
309,4a94d8d8af49,2018-02-14,매일경제,경제지,고용동향,서민일자리 또 11만개 사라져,"실업자수 7개월만에 100만명 넘어 ■ 통계청 1월 고용동향 매장계산원, 제빵원, 자동차 정비원 등 서민 일자리가 1년 사이 약 11만개 사라졌다. 지난해 12월보다는 상황이 다소 나아졌지만 3개월 연속 전년 동월 대비 10만개 넘는 감소폭을 기록했다. 제조·건설·공공서비스 분야 고용 증가로 전체 취업자 수가 늘었지만, 10만개 넘게 사라진 서민 일자리 재창출은 요원한 모습이다. 14일 통계청에 따르면 지난 1월 판매종사자와 기능원 및 관련 기능종사자 직업군의 취업자 수가 1년 사이 각각 5만9000명(-1.0%), 5만4000명(-2.3%)씩 감소했다. 판매종사자 직업군에는 매장계산원, 상품판매원 등이 들어가고 제빵원, 악기수리원, 용접원, 차 정비원, 전기공 등이 기능원 직업군에 포함된다. 대부분 시급으",,,
310,1a19e55b579d,2018-08-30,한겨레,진보,고용동향,1인 이상 사업체 노동자 7월에 21만6천명 증가,"[한겨레] 고용부 ‘사업체 노동력 조사’ 결과 평균 임금총액 11만6천원 오르고 노동시간은 12.8시간 줄어 지난 7월 1명 이상 고용하는 사업체의 노동자 수가 지난해보다 27만5천명 늘어난 것으로 나타났다. 30일 고용노동부는 상용노동자가 1명 이상인 국내 사업체 2만5천개를 표본으로 하는 사업체 노동력 조사 결과를 발표하며 지난 7월31일 기준 전체 노동자 수가 1779만5천명이라고 밝혔다. 지난해 7월과 견주어 상용직 노동자는 21만6천명, 임시·일용직 등은 59만명이 늘었다. 이는 지난 17일 통계청이 발표한 ‘7월 고용동향’과 다소 차이를 보인다. 두 조사 간에 대상이 다르기 때문이다. 고용부의 사업체 노동력 조사는 고정 사업장에서 일하는 임금노동자를 집계하며 농림어업, 가사서비스업, 국제·외국 기",,,
311,4d2f44a395ba,2021-02-03,한국경제TV,경제지,경기침체,"하나금융, 경기 침체 피해 계층 특별채용…""학력·업종·나이 제한 없다""","하나금융그룹(회장 김정태)은 하나은행, 하나금융투자, 하나카드 등 그룹 내 7개 관계사가 참여하는 특별채용 전형 프로젝트 '금융에서 희망을 쏘다! 사다리 프로젝트'를 실시한다고 밝혔다. 이번 특별채용은 오는 8일 하나은행을 시작으로 진행된다. 채용대상은 비금융권 경력을 가진 중소기업 퇴직자, 경력 단절자, 폐업 소상공인, 프리랜서 등 경기침체로 인해 피해를 입은 계층이다. 학력, 경력(업종), 성별, 나이, 지역 등의 제한을 두지 않고 서류전형과 면접전형 위주로 선발할 예정이며, 채용 시 경험과 역량에 맞는 직무에 배치될 예정이다. 하나금융그룹 관계자는 ""하나금융그룹이 처음 시도하는 이번 특별채용 프로젝트를 통해 금융 산업이 사회와 함께 성장하고 행복을 나누는 다양하고 새로운 방식을 제시하는 기회가 되기를 ",,,
312,70d0416bc62e,2021-02-25,조선일보,보수,기준금리,한은 이주열 총재 “물가 예의 주시 중”... 기준금리는 동결,"25일 오전 한국은행 금융통화위원회가 끝난 뒤 시작된 이주열 한은 총재의 온라인 기자간담회. 이 총재가 자리에 앉자마자 인플레이션(물가 상승) 우려에 대한 질문이 쏟아졌다. 미국 국채 금리가 1년 만에 1.4%(10년 만기 기준)를 넘어서고, 금리 상승으로 최근 증시가 불안한 흐름을 보이는 데 대한 이 총재의 진단과 처방에 관심이 몰린 것이다. 이 총재는 “유가와 곡물 가격이 오르고 있어 유의해서 관찰하고 있다. 인플레이션(물가 상승)이 당장 닥치지는 않겠지만 면밀히 주시하겠다”고 답했다. 한은 금통위는 이날 기준금리를 연 0.5%로 동결하고, 올해 경제성장률 전망치도 지난 11월 내놓은 3.0%로 유지했다. 그러나 소비자물가 상승률 전망치는 종전 1.0%에서 1.3%로 상향 조정했다. 글로벌 시장을 먹구름",,,
313,a08914d8cd80,2021-09-03,SBS Biz,경제지,기준금리,"KB국민은행, 주택담보·전세대출 변동금리 0.15%p 인상","[KB국민은행 제공, 연합뉴스] KB국민은행이 3일 가계대출 총량 관리 차원에서 주택담보대출과 전세자금대출 변동금리를 일제히 0.15%포인트(p) 올렸습니다. 금융권과 KB국민은행 홈페이지 등에 따르면 KB국민은행은 3일부터 신규 코픽스(COFIX)를 지표금리로 삼는 주택담보대출 변동금리(6개월주기 변동)의 우대금리를 0.15%포인트 낮췄고, 이날부터 새로 변동금리 대출을 받는 소비자는 0.15%포인트만큼 전날보다 대출 금리가 오르는 셈입니다. 아울러 지난달 26일 한국은행 기준금리 인상을 반영해 예·적금 수신금리도 0.15∼0.40%포인트 높이기로 했습니다.",,,
314,1b93718b3127,2018-02-28,동아일보,보수,기준금리,부담 금리 최저·탄탄한 재무 구조로 호평,"[동아일보] 미래에셋생명 보험업계가 2021년부터 도입되는 새로운 국제회계기준(IFRS17)에 촉각을 곤두세우고 있다. 새 기준이 도입되면 보험사가 지급해야 할 보험금 등 부채의 범위가 확대된다. 상품 구성을 바꾸는 등 보험사가 어떻게 대처하느냐에 따라 보험업계의 판도도 크게 바뀔 것으로 예상된다. 이런 가운데 차별화된 비즈니스 모델을 구축해 체질 개선 효과를 거두고 있는 미래에셋생명이 업계의 주목을 받고 있다. 미래에셋생명은 보장성보험의 수익과 안정적인 운용 수수료 기반 사업을 동시에 확보하는 ‘투 트랙 전략’을 통해 탄탄한 재무 구조를 갖췄다는 평가를 받는다. 미래에셋생명의 주요 매출 지표인 보장성보험과 변액보험의 APE(연납화보험료)는 작년 3분기(7∼9월) 각각 1830억 원, 2280억 원으로 모두",,,
315,b62b0ecd5cd5,2022-03-04,매일경제,경제지,경기침체,우크라 원전 참사 막았지만…전세계 증시는 '놀란 가슴',"자포리자 원전 공격 소식에 코스피 1.2%·닛케이 2.2% 뚝 유럽증시도 일제히 하락세 우크라이나 사태 장기화로 인한 경기 둔화 우려가 부각되며 국내 증시가 5거래일 만에 하락했다. 러시아가 우크라이나의 자포리자 원자력발전소를 공격했다는 소식에 투자심리가 얼어붙으며 4일 코스피는 1.22% 하락한 2713.43에 거래를 마감했다. 코스닥도 전날보다 1.25% 하락한 900.96에 장을 마쳤다. 게임, 2차전지주 등이 부진한 흐름을 보이며 한때 900선이 붕괴되기도 했다. 이날 아시아 증시는 일제히 급락했다. 일본 닛케이225 지수는 2.23% 급락 마감했고 대만 자취엔 지수도 1.10% 내렸다. 중국 상하이종합지수는 전날보다 0.96% 떨어진 3447.65에 마감했다. 러시아 공격에도 원전 필수장비가 영향을",,,
316,ba78c057bdcc,2021-05-07,SBS Biz,경제지,경상수지,3월 경상수지 78.2억 달러 흑자…“수출·운임 증가 영향”,[앵커] 올해 들어 우리나라가 다른 나라와의 거래에서 벌고 쓴 돈을 나타내는 경상수지가 1분기 기준 역대 3위 규모의 흑자를 냈습니다. 지난 3월까지 11개월 연속 흑자를 이어가기도 했는데 다만 지난달에는 적자로 전환했을 수 있다는 분석이 나왔습니다. 윤성훈 기자의 보도입니다. 지난 3월 수출은 지난해보다 18% 늘어난 543억8천만 달러를 기록했습니다. 수입은 464억6천만 달러로 19% 증가했습니다. 그 결과 수출과 수입의 격차를 의미하는 상품수지는 79억2천만 달러 흑자를 거뒀습니다. 서비스수지는 9억 달러 적자를 기록했습니다. 그러나 1년 전과 비교하면 적자폭이 크게 줄어들었습니다. 지난 3월 운임이 늘어나면서 운송 수지가 6억9천만 달러 흑자 전환했기 때문입니다. 본원소득수지도 배당소득이 1년 새 ,,,
317,bc3de189efaa,2021-09-01,동아일보,보수,최저임금,최저임금 차등 적용은 금기인가,"시행 33년 된 최저임금제 변화 필요 ‘공약’과 별개로 차등 적용 등 논의해야 최근 대선 주자들이 잇달아 최저임금 문제를 언급했다. 지난달 윤석열 전 검찰총장은 “최저임금 인상도 지역별, 업종별 차등 적용에 대한 전향적 검토가 시작돼야 한다”고 말했다. 앞서 최재형 전 감사원장은 7월 “일자리를 빼앗은 최저임금 인상은 범죄와 다름없다”고 말했다. 표현이 문제가 됐지만 자영업자들이 직원을 해고할 수밖에 없는 상황을 가리킨 것이다. 중도 하차했지만 윤희숙 의원도 공약으로 최저임금 차등 적용을 언급했다. 조금 더 과거로 가보면 김동연 전 경제부총리도 3년 전 현직 때 비슷하게 말했다. 2018년 10월 열린 국회 대정부질문에서 당시 김 부총리는 지역별 차등 적용 방안을 관련 부처가 검토 중이라고 설명했다. 공교롭",,,
318,2d2760933ca1,2022-07-09,한겨레,진보,가계부채,"투기 수요 적은 미국 가계부채 하락세, 한국은 위태",이코노미 인사이트 _ Economy insight 파이낸스 l 한-미 주택시장 거품 비교 http://www.economyinsight.co.kr/com/com-spk4.html 어떤 붐(호황)이든 생길 때는 그 실체가 철저히 은폐된다. 주식이든 코인이든 부동산이든 활활 타오를 때 지나치게 높은 평가는 정당화된다. 본질적 가치는 각종 논리로 무시되기 일쑤다. 장밋빛 미래는 현실의 그림자를 지우는 가장 좋은 도구다. 자고 일어나면 불어나 있는 자산을 보며 대중은 뒤처지면 추락한다는 두려움에 휩싸인다. 거의 모든 사람이 매수자가 되기 마련이다. 능력은 나중 문제다. 무리해서라도 매수자가 돼야 한다. 가진 돈이 없으면 빌리면 된다. 은행은 부채질한다. 이들에게 거침없이 빌려준다. 모두가 행복한 파티는 정점으로 치,,,
319,440dc7afd5b3,2019-02-04,연합뉴스,통신사/방송,부동산_대출,장사 안되는데 빚부담 늘고…자영업자 줄었는데 대출 증가,"생계형 대출받은 자영업자들, 시장에서 구조 조정된 듯 (서울=연합뉴스) 김수현 기자 = 자영업자가 줄었는데도 자영업자 대출 증가세는 꺾이지 않은 것으로 나타났다. 대출 증가에는 임대사업자들이 받은 부동산대출의 영향이 크지만, 빚을 내 창업했다가 영업 부진으로 부채를 갚지 못한 취약 자영업자들이 구조 조정된 영향도 있다는 분석이 나온다. 4일 통계청에 따르면 작년 3분기 자영업자는 568만7천명으로 전년 동기 대비 1.0% 감소했다. 자영업자 수는 작년 1분기 감소한 뒤 2분기 보합세를 보였다가 3분기 다시 줄어드는 등 감소세다. 반면 자영업자 대출은 불어나고 있다. 한국은행에 따르면 지난해 3분기 말 자영업자 대출은 609조2천억원이었다. 자영업자 대출은 꾸준히 증가하며 분기 기준으로 처음으로 600조원을 ",,,
320,78b17c93eeac,2022-02-14,동아일보,보수,물가_인상,물가 상승 압박 전방위 확산… 올해 상승률 11년만에 3% 웃돌듯,"유가 93달러로 급등… 물가 비상등 농수산물-석유류 제외한 근원물가 150개 품목이 작년보다 2%이상 ↑ 외식-가구-자동차 등 상승세 커 《우크라이나를 둘러싼 전운(戰雲)이 짙어지면서 국제유가가 치솟고 있다. 11일(현지 시간) 미국 뉴욕상업거래소에서 3월물 서부 텍사스산 원유(WTI)의 배럴당 가격은 전일 대비 3.58% 오른 93.10달러로 마감했다. 유가 상승, 글로벌 병목 현상 등으로 물가 상승 압력이 장기화되면서 정부의 물가 관리에도 비상등이 켜졌다. 올해 소비자물가 상승률이 2011년 이후 11년 만에 전년 대비 3% 이상 오를 것이라는 관측도 나온다.》 물가 상승 압력이 전방위로 확대되면서 올해 소비자물가 상승률이 3%를 넘어설 것이란 관측이 힘을 얻고 있다. 연간 소비자물가 상승률이 3%를 웃",,,
321,dc40b57c2e64,2019-09-01,한국경제TV,경제지,반도체_수출,日 수출규제 후 한국 기업보다 日 기업 더 타격,"수출이 9개월 연속 쪼그라든 속에서도 일본 수출규제의 영향은 아직 제한적인 수준에 그치고 있는 것으로 나타났다. 특히 일본이 수출규제 이후 한국에 대한 수출 감소폭이 한국의 대(對) 일본 수출 감소폭보다 23배 큰 것으로 나타났다. 한국 기업보다 일본 기업들이 더 큰 타격을 받고 있다는 점이 확인된 것이다. 산업통상자원부가 1일 발표한 8월 수출은 전년 동기 대비 13.6% 하락한 442억달러로 하반기 들어 수출 개선이 쉽지 않을 것이라는 전망에 힘을 실어줬다. 지난해 12월 이후 9개월째 이어진 마이너스 행진이다. 특히 6월 -13.8%, 7월 -11.0%에 이어 석 달째 두자릿수 하락률을 보여 수출 감소세가 심화되고 있는 점은 우려할만한 대목이다. 이런 가운데 7월 1일 일본의 반도체 소재 등 3대 품목",,,
322,0072850f1c0f,2022-02-28,경향신문,진보,반도체_수출,정부 “전략물자 수출 차단” 독자 제재 나섰다,"미 요구 강도 높이자 ‘선회’ 국제결제망 배제에도 동참 우크라엔 1000만달러 지원 정부가 우크라이나를 침공한 러시아에 대해 전략물자 수출을 금지하고 러시아에 대한 국제은행간통신협회(SWIFT·스위프트) 배제에도 동참하기로 했다. 또 우크라이나 정부와 국민에게 1000만달러(약 120억원) 규모의 인도적 지원을 하기로 했다. 외교부는 28일 수출통제 허가 심사를 강화하는 방식으로 러시아에 대한 전략물자 수출을 차단한다고 발표했다. 이 조치는 러시아에 대한 한국 정부의 독자 제재다. 정부의 대러 전략물자 수출 차단은 핵물질과 관련한 원자력공급국그룹(NSG), 재래식 무기 관련 바세나르 체제, 생화학무기 관련 호주그룹(AG), 미사일 기술 관련 미사일기술통제체제 등 ‘4대 국제수출통제체제’에서 정한 전략물자 품",,,
323,8bddffe92f4c,2018-09-04,서울경제,경제지,소비자물가,"19만4,000원 VS 24만5,000원...쌀 목표가 논란","정부, 현행 18만8,000원 대비 6,000원 인상으로 방향 잡았지만 농민단체 24만5,000원까지 요구 세수부담·물가인상 요인 우려속 농민요구 마냥 무시못해 전전긍긍 [서울경제] 정부가 2022년까지 적용되는 쌀 목표가격을 현행 18만 8,000원 대비 6,000원 인상으로 방향을 잡았지만 24만 5,000 원까지 올려야 한다는 농민단체와 야당의 요구에 고심이 깊어지고 있다. 쌀 목표 가격 인상은 쌀 값 인상 요인으로 작용해 ‘밥상머리 물가’를 높일 수 있다는 우려가 크지만 그렇다고 농민의 요구를 마냥 무시할 수 없기 때문이다. 4일 농림축산식품부에 따르면 정부가 기본적으로 설정한 2018~2022년의 쌀 목표가격은 19만 4,000원이다. 이 가격 역시 법률로서 정하고 있는 목표가격 산식보다도 높게 책",,,
324,66fdb4720595,2021-03-05,연합뉴스,통신사/방송,국채_금리,실망 준 파월에 미 국채 10년물 금리 또 1.5% 돌파(종합),"(서울=연합뉴스) 경수현 기자 = 미국의 주요 시장 금리인 미 국채 10년물의 수익률이 4일(현지시간) 다시 1.5%를 넘어섰다. 로이터통신 등의 보도에 따르면 제롬 파월 미국 연방준비제도(Fed·연준) 의장의 발언이 전해진 이날 오후 미 국채 10년물의 수익률은 1.54% 수준으로 치솟았다. 파월 의장은 이날 월스트리트저널 주최 온라인 행사에서 완화적인 통화정책을 상당 기간 유지할 것이라는 견해만 반복하고 시장금리의 상승세 억제에 대한 대응 의지를 특별히 밝히지 않았다. 그는 오히려 ""인플레이션이 일시적인 상승으로 여겨진다면 우리는 인내할 것""이라고 말했다. 미 국채 10년물 금리는 연초만 해도 1.0%를 밑도는 수준이었으나 지난달 급등세를 보여 지난 25일 장중 한때 1.6%를 넘어서면서 이미 한차례 세",,,
325,1caaa7a9a0b7,2025-09-02,연합뉴스,통신사/방송,가계부채,- 18:00,"■ 北김정은 탑승 열차, 베이징역 인근 도착…5차 방중 돌입 김정은 북한 국무위원장이 탑승한 것으로 추정되는 열차가 2일 중국 베이징역 인근에 도착한 것으로 확인됐다. 열차는 이날 오후 4시께(현지시간, 한국시간 오후 5시) 베이징 기차역 인근에 도착했다. 같은 시각 로이터와 AFP통신 등 외신도 김 위원장이 탄 열차가 베이징에서 목격됐다고 보도했 전문보기: https://www.yna.co.kr/view/AKR20250902150951009 ■ 이억원 ""필요시 추가 대출규제""…금융위 해체안엔 ""언급 부적절"" 이억원 금융위원장 후보자가 2일 ""6·27 대책을 차질 없이 추진하고 필요시 추가 대책도 즉각 시행하겠다""고 밝혔다. 금융위 해체 등을 골자로 한 조직 개편안 논의와 관련해서는 ""후보자로서 언급하는 것",,,
326,c3e3a982a88d,2020-08-06,매일경제,경제지,경상수지,6월 경상수지 68.8억달러로 8개월만 최대…코로나 짙은 상반기는 8년만 최악,"한국은행 `2020년 6월 국제수지(잠정)` 발표 6월 경상수지가 8개월 만의 최대치를 기록했다. 수출이 소폭 회복하며 상품수지가 전월대비 개선된 결과다. 코로나19의 충격이 컸던 올해 상반기 경상수지는 8년 만에 가장 적은 흑자폭을 나타냈다. 6일 한국은행에 따르면 6월 경상수지 흑자는 68억8000만달러로 전월 22억9000만달러의 3배를 기록하며 지난해 10월 이후 8개월 만에 가장 많은 수치를 나타냈다. 경상수지는 상품 및 서비스 수출입, 임금과 투자 소득 등을 포괄하는 통계다. 주요 원인은 상품수지 개선이다. 6월 상품수지 흑자는 58억7000만달러로 코로나19 발발 전인 전년 6월 62억7000만달러보다 줄었지만 전월 대비로는 33억7000만달러 늘며 2개월 연속 증가했다. 박양수 한국은행 경제통",,,
327,51049a42de19,2022-08-18,경향신문,진보,경기침체,경기 침체 우려에도 상반기 상장사 실적 역대 최대…하반기 부진 전망도,"코스피·코스닥 상장사 상반기 매출·영업이익·순이익 최대 코스피, 흑자기업이 80.10%…지난해 83.42%보다 감소 “경기둔화 본격화되며 하반기에는 기업이익 감소할 것” 우려도 경기 침체 우려 속에서도 코스피 상장사들이 올해 상반기 양호한 실적을 거둔 것으로 나타났다. 코스피·코스닥 상장사의 매출액, 영업이익, 순이익 모두 상반기 기준 역대 최대 규모를 기록했다. 다만, 하반기에는 경기 둔화가 본격화됨에 따라 기업 이익도 감소할 것이라는 전망이 나온다. 18일 한국거래소와 한국상장회사협의회에 따르면 유가증권시장(코스피) 12월 결산 상장기업 603개사(금융업 등 제외)의 올해 상반기 연결기준 매출액은 1361조8708조원으로, 지난해 동기 대비 25.09% 증가했다. 영업이익은 107조3084억원으로 16.",,,
328,71bb016d297c,2020-02-12,연합뉴스,통신사/방송,고용동향,1월 취업자 57만명 늘었지만 51만명은 60대 이상,"(세종=연합뉴스) 이 율 이대희 기자 = 1월에 취업자, 고용률, 실업률 등 3대 고용지표가 개선 흐름을 이어가면서 새해 첫 고용성적표가 선방했다. 취업자가 56만8천명 늘어 65개월 만에 최대폭 증가했지만, 늘어난 취업자 중 50만7천명은 60대 이상에 집중된 것에 대해 경제전문가들은 우려를 표명했다. 제조업 취업자는 22개월 만에 증가세로 전환했지만, 우리 경제의 허리 격인 40대 취업자 감소세는 이어졌다. 앞으로는 신종코로나 바이러스 사태 영향으로 서비스업 등 고용에 영향이 나타날 것으로 정부와 경제전문가들은 우려했다. ◇ 늘어난 취업자 56만8천명 중 50만7천명은 60대 이상 12일 통계청이 발표한 1월 고용동향을 보면, 1월 취업자수는 전년동기 대비 56만8천명 늘어 65개월 만에 최대폭 늘었다.",,,
329,9101903b7842,2019-03-05,연합뉴스,통신사/방송,소비자물가,"무역전쟁에 中, 올해 성장률 목표 '6~6.5%'로 낮춰(종합3보)","중국 전인대 업무보고…국방 예산 전년 대비 7.5% 증액 올해 재정적자 목표치 2.8%로…소비자물가 상승률 3% 유지 리커창 ""올해 상황 복잡…위험과 도전 많아 격전 치를 각오해야"" 적극 재정정책 펼치되 단기부양책은 자제…취업을 핵심정책으로 '중국제조 2025' 언급 안해…무역전쟁 美 의식한 듯 (베이징·홍콩=연합뉴스) 심재훈 김윤구 김진방 안승섭 특파원 = 미·중 무역 전쟁으로 경기 둔화에 직면한 중국이 올해 경제성장률 목표를 6~6.5%로 낮춰 제시했다. 이는 지난해 경제성장률 목표치인 6.5%보다 하향 조정한 것으로 중속 성장을 지속하되 미·중 무역 갈등과 내수 침체 등 다양한 변수를 고려한 것으로 보인다. 리커창(李克强) 중국 총리는 5일 시진핑(習近平) 국가 주석 등이 참석한 가운데 베이징(北京) ",,,
330,3e19adfa5075,2023-09-03,한국경제,경제지,GDP_성장률,사람 대신 장바구니 200개 '오픈런'…日서 '진풍경' 벌어진 이유,"글로벌 리포트 日경제, 정말 살아나나…겉과 속 다른 '다타키 경제' 서민들은 10엔 아끼려 슈퍼 오픈런 외국인·부유층은 명품점 오픈런 각종 지표 개선에 '잃어버린 30년 탈출' 전망 늦은 '리오프닝' 따른 착시효과 분석도 이 기사는 국내 최대 해외 투자정보 플랫폼 한경 글로벌마켓 에 게재된 기사입니다. 매주 일요일 아침 도쿄도 네리마구의 슈퍼마켓 아키다이 세키마치본점 앞에는 주인 없는 장바구니 200여개가 늘어선다. 9시 문을 열자마자 가게에 먼저 들어가려는 고객들이 장바구니로 벌이는 ‘오픈 런’이다. 도쿄의 여름은 아침에도 30도를 훌쩍 넘는다. 주인들이 그늘에서 땡볕을 피하는 동안 빈 장 바구니들만 200m 넘게 줄을 서서 가게가 열기를 기다린다. 네리마구 일대에 5개의 점포를 운영하는 아키다이는 같은 ",,,
331,3c46e893e036,2017-08-29,연합뉴스,통신사/방송,환율_달러,유로 환율 '심리적 마지노선' 1.2달러 돌파…2년7개월 만에 처음,유로존 경제 자신감에 美정정불안·허리케인·北미사일 등 겹쳐 달러 약세 가속에 中 위안화 가치도 달러당 6.6위안 깨지며 강세 (서울=연합뉴스) 김경윤 기자 = 한반도의 지정학적 위험에 다시 불이 붙은 가운데 유로화 환율이 심리적 저항선인 1.2달러를 돌파했다. 유로화 대비 달러 환율은 29일 오후 5시 7분(한국시간) 유로당 1.2063달러를 기록했다. 유로화 환율이 1.20달러 선을 넘긴 것은 2015년 1월 5일 이후 2년 7개월여 만에 처음 있는 일이다. 달러 대비 유로화 가치는 연초보다 무려 13.8% 상승했다. 최근 유로존(유로화 사용 19개국) 경제지표가 호조를 보이고 도널드 트럼프 미국 행정부가 러시아 스캔들과 인종갈등 발언으로 리더십을 잃은 틈을 타 강세를 보인 것으로 풀이된다. 유로존 실업률,,,
332,e33387ac8b57,2023-08-09,연합뉴스,통신사/방송,경기침체,경기침체에 SKC 3개 분기 연속 적자…동박·화학 등 부진(종합2보),"영업손실 369억원, 적자 폭 확대…""하반기 사업구조 재편 박차"" ""반도체 후공정 추가 M&A 검토…앱솔릭스 美 공장 보조금 신청 예정"" (서울=연합뉴스) 김기훈 기자 = SK그룹의 화학·소재 기업 SKC는 연결 기준 올해 2분기 영업손실이 369억원으로 작년 동기(영업이익 1천27억원)와 비교해 적자 전환했다고 9일 공시했다. 전 분기(영업손실 217억원)와 비교해 적자 폭이 더 확대됐다. 매출은 6천309억원으로 작년 동기(7천538억원) 대비 16.3%, 전 분기(6천691억원) 대비 5.7% 감소했다. 순손실은 248억원으로 적자로 돌아섰다. 이차전지용 동박과 반도체 소재, 화학 부문 등의 실적이 전반적으로 나빠진 것으로 풀이된다. SKC 관계자는 ""이차전지용 동박 사업의 경우 전기차 신차 출시가 줄",,,
333,1511c22cb1ac,2023-08-14,중앙일보,보수,GDP_성장률,"중국 관광객, 2019년 절반만 와도 한국GDP 0.2%P 상승","중국 정부가 약 6년 만에 자국민의 한국 단체여행 빗장을 풀면서 국내 경제에 훈풍이 불 거란 기대가 나온다. ‘유커(游客·중국 관광객)’의 입국이 본격화하면 국내총생산(GDP)·여행수지 개선에 기여할 수 있어서다. 반면에 악화한 한·중 관계와 부진한 중국 경제 상황을 고려하면 ‘유커의 귀환’에 따른 효과는 제한적이라는 전망도 제기된다. 중국 문화여유부는 지난 10일 한국과 일본·미국 등 78개국에 대한 단체여행을 허가한다고 발표했다. 한국행 단체여행 자유화는 2017년 한국의 사드(THAAD·고고도미사일방어) 체계 배치를 빌미로 중국이 제재에 나선 이후 6년5개월 만이다. 이에 급격히 꺾였던 방한 중국인 관광객 수의 반등이 기대된다. 한국관광공사에 따르면 방한 중국인 관광객은 2016년 807만 명, 201",,,
334,52cb7073cc1b,2026-03-04,한겨레,진보,환율_달러,원·달러 환율 한때 1500원 돌파…금융위기 이후 17년만,"미국과 이란 간 무력충돌 여파로 달러화 가치가 급등하면서 3일(현지시각) 원·달 환율이 야간 거래에서 장중 한때 1500원을 돌파했다. 글로벌 금융위기 당시인 2009년 3월 이후 17년 만에 처음이다. 인베스팅닷컴과 외환시장 집계에 따르면 원·달러 환율은 뉴욕증시 개장 직후 상승 폭을 빠르게 키우다 한국시각 4일 0시5분께 달러당 1500원을 넘어섰다. 이후 장중 한때 1506원선까지 치솟으며 심리적 저항선을 웃돌았다. 환율은 이후 1500원 아래로 반락했고, 한국시각 오전 2시께에는 서울 외환시장 주간 거래 종가(오후 3시30분 기준)보다 19.6원 급등한 1485.7원에 야간 거래를 마쳤다. 전날 서울 외환시장의 주간 거래 종가는 전 거래일 대비 26.4원 오른 1466.1원이었다. 원·달러 환율이 1",,,
335,d81517c3fea2,2016-08-23,한국경제,경제지,반도체_수출,중소·중견기업 상반기 수출 4.5%↓,"경기불황 여파 905억달러 그쳐 [ 이우상 기자 ] 중소기업청은 국내 중소·중견기업의 올해 상반기 수출액이 905억5000만달러로 지난해 같은 기간보다 4.5% 감소했다고 23일 발표했다. 대기업과 중소·중견기업의 수출액을 합친 총 수출액은 2417억9900만달러로 전년 동기 대비 9.9% 감소했다. 중견기업 수출액은 438억달러로 지난해 대비 6.8% 줄었으며, 대기업 수출액은 1508억달러로 12.9% 감소했다. 중소기업 수출액은 467억달러로 지난해보다 2.2% 줄었다. 총 수출액은 감소한 반면 상반기 총 수출액에서 중소·중견기업이 차지하는 비중은 37.4%로 지난해보다 2.1%포인트 올랐다. 총 수출액이 감소한 이유로는 세계적인 경기 불황과 저유가 상황 등이 꼽혔다. 주영섭 중소기업청장은 “석유화학제",,,
336,9e432618acf3,2021-02-22,경향신문,진보,반도체_수출,"2월1~20일 수출액, 반도체·승용차 호조에 17% 증가","2월 들어 20일까지 수출액이 1년 전보다 17% 가량 증가했다. 관세청은 이 기간 수출액(통관기준 잠정치)이 304억달러로 지난해 동기 대비 16.7% 증가했다고 22일 밝혔다. 품목별로는 반도체(27.5%), 승용차(45.9%), 무선통신기기(33.6%) 등의 수출액이 증가한 반면 석유제품(-5.7%), 컴퓨터 주변기기(-4.8%) 등은 감소했다. 이 기간 조업일수는 14일로 1년 전보다 1.5일이 적었다. 조업일수를 고려한 일평균 기준으로 수출액은 29.2% 증가했다.",,,
337,c65a38bfd93c,2017-02-16,한국경제TV,경제지,가계부채,"금융당국, 제2 금융권도 DSR도입 검토‥가계부채 급증 관리","금융당국이 제2 금융권의 주택담보대출에도 총부채원리금상환비율(DSR) 도입을 검토하는 등 비은행권의 가계부채 증가 속도늘 완화하기 위한 행보에 착수했습니다. 16일 금융위원회와 금감원은 2017 국회 정무위 업무보고를 통해 8·25대책 효과, 금리 상승 등으로 가계부채 증가세가 완화되고 있지만 예년에 비해 증가속도가 여전히 빠른 수준이라며 2금융권의 DSR도입을 통해 급증하는 가계부채 관리에 나선다고 밝혔습니다. 저축은행과 상호금융, 새마을금고 등 제2금융권의 주택대출 심사시 총부채원리금 상환비율인 DSR 기준을 도입하면 대출한도가 전반적으로 줄게 됩니다. DSR은 현재까지는 제1금융권인 은행권에서만 참고지표로 활용중입니다. 금융위원회는 올해 3대 핵심 과제 중 금융시장 위험요인에 대한 철저한 대응 중 하나",,,
338,d834abcae1ca,2020-09-03,매일경제,경제지,GDP_성장률,"25년뒤 나랏빚 GDP의 99%, 이조차 낙관적 전망 아닌가",우리나라 국내총생산(GDP) 대비 국가채무비율이 올해 40% 선에서 2045년 99%로 높아진 뒤 2060년에는 80% 수준으로 다시 낮아질 것으로 전망됐다. 기획재정부는 2일 '2020~2060년 장기재정전망'에서 가파른 인구 감소와 경제성장률 하락 추세를 반영해 이같이 전망했다. 정부는 경제협력개발기구(OECD) 평균 국가채무비율이 108%라는 점을 들어 한국의 재정건전성을 강조하고 있지만 문제는 우리나라 국가채무 증가 속도와 그것을 관리하는 정부의 자세다. 우리나라 국가채무비율이 2005년 25.9%에서 10%포인트 더 높아지는 데 걸린 기간은 12년이었다. 그런데 문재인정부 들어서는 불과 4년 만에 10%포인트가 높아졌다. 앞으로도 이런 추세가 지속될 것이라니 걱정이다. 국가재정법에 따라 정부가 향후,,,
339,879cbea31ed1,2025-08-29,SBS Biz,경제지,GDP_성장률,"백악관, 2분기 3.3% 잠정치 성장률에 ""긍정적 경제지표 많다""","[캐롤라인 레빗 미 백악관 대변인 (워싱턴 EPA=연합뉴스)] 미국 백악관은 28일(현지시간) 미국의 2분기 국내총생산(GDP)이 3.3% 증가(직전분기 대비 연율)한 것으로 집계(잠정치)된 데 대해 ""노동절(9월 1일) 연휴를 앞두고 미국 국민들이 희망을 가질만한 긍정적인 경제 지표가 많이 나타나고 있다""고 밝혔습니다. 캐롤라인 레빗 백악관 대변인은 브리핑에서 ""우리는 '하나의 크고 아름다운 법안'(One Big Beautiful Bill Act·OBBBA)이 제정되면 이 거대한 친성장 법안의 효과가 나타날 것이라고 했다""며 이같이 말했습니다. 지난달 초 발효된 '하나의 크고 아름다운 법'은 각종 감세 등 도널드 트럼프 대통령의 핵심 공약을 담고 있습니다. 레빗 대변인은 ""우리는 전임 (바이든) 정부가 4",,,
340,d1baae813c7c,2016-08-16,동아일보,보수,최저임금,2017년 최저임금 못 받는 근로자 300만명 넘을 듯…6명중 1명꼴,"[동아일보] 내년에 시간당 6470원인 최저임금을 받지 못하는 근로자가 300만 명을 넘어설 것이라는 전망이 나왔다. 전체 근로자 6명 중 1명꼴이다. 또 최저임금이 올라도 전반적인 임금 상승으로 이어질 가능성은 크지 않은 것으로 분석됐다. 16일 한국은행이 금융통화위원회에 제출한 보고서에 따르면 최저임금을 받지 못하는 근로자는 올해 280만 명에서 내년 313만 명으로 11.8%(33만 명) 늘어날 것으로 추산됐다. 2010년 206만 명이던 최저임금 미달 근로자는 2012년 186만 명으로 감소했다가 이후 빠른 속도로 늘고 있다. 이에 따라 전체 근로자 가운데 최저임금을 받지 못하는 근로자 비중은 2010년 12.4%에서 올해 14.6%로 늘어났고, 내년에는 16.3%로 치솟을 것으로 전망됐다. 한은은 ",,,
341,2fc3adc816c9,2019-08-09,연합뉴스,통신사/방송,가계부채,"은성수號 금융위, 금융시장 안정·가계부채 관리 등 과제","인터넷은행 추가인가·금융혁신도 숙제…한일 경제전쟁도 주시해야 (서울=연합뉴스) 성서호 기자 = 대내외 불확실성이 확대된 상황에서 새로 등판할 은성수 금융위원회 후보자의 최우선 해결과제로는 단연 시장 안정이 꼽힌다. 가계 부채 문제 해결을 진두지휘해야 하고, 금융혁신과 제3인터넷전문은행 추가 인가 등도 차질 없이 진행해야 한다. 9일 개각으로 차기 금융위 수장으로 내정된 은 후보자가 당면한 첫번째 과제는 미중 무역분쟁, 일본과 경제전쟁 등으로 변동성이 증폭된 시장을 안정화하는 것이다. 코스피가 2,000선을 하회하고 원/달러 환율이 달러당 1,200원을 훌쩍 뛰어넘는 위기 상황에서 시장 심리를 진정시키는 것이 무엇보다 중요한 상황이다. 일본의 수출규제로 피해를 입는 기업에 긴급 유동성을 공급하는 것도 은 후보",,,
342,100311dc2789,2018-11-09,서울경제,경제지,국채_금리,"신한금융투자, 연 0.7~1.5% 표면 금리 미국 국채 판매","과세 표준 낮아 절세 효과 연 2.14~3.09% 수익 기대 [서울경제] 신한금융투자가 미국 기준금리 인상 전의 연 0.7~1.5%의 낮은 표면 금리로 발행된 미국 국채(T-Bond)를 판매한다. 최소 매수 단위는 액면 10만 달러 이상 만 달러 단위며 신한금융투자 영업점에서 매수 할 수 있다. 신한금융투자는 현재 표면 금리보다 높은 매수 금리로 거래되고 있어 만기 보유시 자본 차익을 얻을 수 있고 연 2.14~3.09% 수익이 기대되는 미국 국채를 판매한다고 9일 밝혔다. 매수 금리를 감안하면 지난 6일 기준 남은 만기에 따라 약 3개월은 연 2.14%, 10개월 연 2.59%, 1년 11개월 연 2.87%, 7년 9개월 연 3.09% (11월 6일 기준) 수익이 기대된다는 게 신한금융투자의 설명이다. 개",,,
343,f4309c48fdae,2019-03-05,한국경제,경제지,반도체_수출,"""수출 급감하는데 전기료까지 올린다니""…철강·석유업계 '울상'","산업용 심야 전기료 인상 추진 한전 ""인상폭 0%대""라지만…철강 대기업 부담 커질 듯 ""밤 대신 낮에 공장 가동 늘면 올해 전력수급 불안해질 수도"" [ 서민준 기자 ] 철강업계는 작년 한 해 내우외환에 시달렸다. 안으로는 주요 거래처인 자동차·조선 등의 부진으로 내수 판매가 위축됐고 밖으로는 미국, 유럽연합(EU), 캐나다 등의 수입 규제 공격을 받았다. 이 여파로 현대제철과 동국제강 등 주요 기업의 영업이익은 각각 25.0%, 14.5% 줄었다. 철강 수출도 2017년 19.9% 증가에서 작년 0.7% 감소로 뚝 떨어졌다. 올해는 한 가지 걱정이 더 늘어날 전망이다. 정부가 산업용 심야 시간 전기요금을 최대 10% 올리는 방안을 유력하게 검토하고 있기 때문이다. 5일 산업통상자원부와 한국전력공사 등에 따르",,,
344,4db5e2d14ed6,2017-02-22,한겨레,진보,고용동향,한은이 고용불안 해소에 적극 나서게 하자,[한겨레] 미국 연준 등 참고할 필요…한은법 고쳐 제도적 뒷받침 검토할 때 “자동화와 결부된 세금이 반드시 있어야 할 것이다. 지금 (미국에서) 공장 노동자가 가령 (한해) 5만달러를 받으면 그는 걸맞은 소득세와 사회보장세 등을 내야 한다. 로봇이 같은 일을 한다면 사람들은 로봇에도 비슷한 수준의 세금을 물려야 한다고 생각할 것이다.” “혁신이 초래할 결과와 관련해 사람들이 대체로 열광하기보다 두렵다는 생각을 더 많이 한다면 정말로 바람직하지 않은 일이다. 그것은 혁신이 낳을 수 있는 긍정적인 면들에 대해 (충분히) 고려하지 못한다는 것을 뜻한다. (이런 현실에서 로봇에) 과세하는 것은 혁신의 일부 요소를 금하는 것보다 혁신을 통제하는 데 확실히 더 좋은 방법이다.” “(로봇 과세와 자동화 진전에 따른 잉여,,,
345,1abd1d09977d,2026-01-01,조선일보,보수,최저임금,최저임금 1만320원으로 인상… 자녀 수에 따라 소득공제 한도 상향,새해부터 달라지는 정책·제도 만 5세만 받던 유치원 교육비와 어린이집 보육료 감면 혜택을 오는 3월부터 4세도 받는다. 직장 문제로 떨어져 월셋집에 사는 주말부부는 올해분 연말정산부터 따로 월세 세액공제를 받을 수 있다. 정부는 새해에 달라지는 27개 정부 기관의 제도와 법규 280건을 정리한 ‘2026년부터 이렇게 달라집니다’ 책자를 지난달 31일 발간했다. 인터넷(http://whatsnew.moef.go.kr)에서도 확인할 수 있다. 노동·복지·가족 ▲최저임금 시간당 1만 320원=최저임금이 시간당 1만30원에서 1만320원으로 2.9% 오른다. 주 근로시간 40시간을 기준으로 환산한 월급은 215만6880원이다. ▲유아 무상교육·보육비 지원 대상 확대=5세를 대상으로 한 유치원비·어린이집 보육료 감면,,,
346,788f1407a59e,2025-09-05,SBS Biz,경제지,경기침체,"금값 '고공행진'…월가 ""더 오른다""","■ 모닝벨 '비즈 나우' - 진행 : 최주연 / 출연 : 임선우 [앵커] 금값이 그야말로 금값인 요즘입니다. 연거푸 최고치를 새로 쓰며 랠리를 이어가고 있는데요. 오죽하면 오늘(5일)이 가장 싸다는 말도 나옵니다. 무슨 이유로 이렇게 오르고, 또 앞으로 전망은 어떨지 임선우 캐스터와 짚어보겠습니다. 계속된 랠리에 차익 매물이 나오며 잠깐 주춤하긴 했지만, 금이 지칠 줄 모르고 오르고 있어요? [캐스터] 온스당 3천500달러 선을 뚫고 연일 사상 최고치를 갈아치우는 요즘인데, 선물 가격은 3600달러 선까지 돌파했습니다. 올 들어 금값은 35% 가까이 올라 최고의 안전자산으로 떠올랐는데요. 연준의 금리 인하 기대감과 쉽게 잡히지 않는 인플레이션에 대한 우려, 지정학적 불안 등이 복합적으로 작용해 매력을 키우고",,,
347,770d3f32a956,2020-03-04,연합뉴스,통신사/방송,기준금리,美 금리 인하에 국고채 1∼5년물 금리 역대 최저(종합),"(서울=연합뉴스) 황재하 기자 = 미국 연방준비제도(Fed·연준)가 기준금리를 0.5%포인트(p) 인하한 영향으로 4일 국고채 금리가 일제히 급락했다. 이날 서울 채권시장에서 3년 만기 국고채 금리는 전 거래일보다 8.1bp(1bp=0.01%포인트) 내린 연 1.029%에 장을 마쳤다. 5년물과 1년물은 각각 8.2bp 하락, 7.9bp 하락으로 연 1.116%, 연 1.038%에 마감했다. 이로써 1년물과 3년물, 5년물 금리는 모두 역대 최저를 기록했다. 종전까지 역대 최저 금리는 미중 무역분쟁 격화, 한일 무역갈등, 홍콩 시위 등으로 안전자산 선호 심리가 강해졌던 지난해 8월의 1년물 연 1.080%, 3년물 연 1.093%, 5년물 연 1.127% 등이다. 이날 10년물 금리는 연 1.299%로 7.",,,
348,f2c30e682a8a,2020-03-04,전자신문,기타,기준금리,美 금리인하 '빅 컷'에 증시 변동성↑,"미국 연방준비제도(Fed)가 전격적으로 기준금리를 0.5%포인트(P) 인하했다. 코로나19 사태에 대응해 예정에 없던 긴급 FOMC를 열고 '빅 컷'을 단행했다. 코로나19가 경제에 미칠 악영향이 어느 정도인지 불투명하다는 점을 시사한 만큼 경기악화에 대한 불안감이 커졌다. 국내외 금융권에서는 연준이 3월과 4월에 걸쳐 추가로 금리를 인하할 가능성이 높다고 분석했다. 한국은행 기준금리 인하 가능성도 제기됐다. 연준은 이날 만장일치로 연방기금(FF)금리를 1∼1.25%로 0.5%P 인하했다. 글로벌 금융위기였던 2008년 12월 이후 최대 인하폭이다. 초과지준부리(IOER)는 1.6%에서 1.1%로, 익일물 역레포(역 환매조건부채권)금리(O/N RRP)는 1.5%에서 1%로 하향했다. 연준은 미국 경제 펀더멘",,,
349,c01061e13843,2021-03-05,서울경제,경제지,가계부채,"코뿔소·백조·황소·곰···경제 기사 속 동물들의 의미, 아는 분?","[서울경제] ? [아는분] 경제신문에 난데없는 동물원 개장? 이 동물들을 주목하세요!?? 코뿔소, 백조, 황소와 곰. 이 동물 친구들에겐 우리가 모르는 연결고리가 있습니다. 그 연결고리가 무엇인지, 아는 분? 이 동물들의 공통점은 바로 경제 기사에서 볼 수 있다는 점인데요. 회색 코뿔소, 블랙스완, 불마켓과 베어마켓이란 용어로 등장합니다. 먼저 회색 코뿔소부터 알아보겠습니다. 코뿔소가 달려오는 거 본 적 있으세요? 코뿔소가 달려올 때, 진동 때문에 저 멀리서부터 금방 알 수 있지만 두려움 때문에 허둥대다 큰 상처를 입게 되는 경우가 있습니다. 이렇게 예측할 수 있는 위험인데도 이를 피하지 못해 큰 재앙을 맞는 상황을 ‘회색 코뿔소’라고 합니다. 늘어나는 가계 부채와 부실한 은퇴 준비, 딱 봐도 위험해보이지 ",,,
350,3ab4d285c1b0,2025-08-31,매일경제,경제지,가계부채,차기 금융수장 가계부채 얼마나 누를까...2일 이억원 청문회,금융위 인사청문회서 정책 방침 밝힐듯 6·27 대책에도 8월 가계대출 4.2조↑ LTV·전세대출 보증비율 추가 규제 공산 9월 2일 이억원 금융위원장 후보자의 인사청문회가 열리며 향후 정부가 펼칠 가계부채 정책 방향 윤곽이 드러날 전망이다. 6·27 대출 규제 등 잇딴 대출 옥죄기 정책에도 지난달 가계대출이 전월보다 2조원 이상 증가한 것으로 나타났다. 이에 따라 추가 규제 여부와 금융당국 조직개편 등에 대한 질의가 이어질 전망이다. 31일 금융권과 정치권에 따르면 이 후보자의 인사청문회에선 6·27 대출 규제의 후속 조치에 대한 질의가 잇따를 것으로 관측됐다. 6·27 대출 규제 이후 확 꺾였던 가계대출 증가세가 다시 살아나는 조짐을 보여서다. 지난 6월 전 금융권 가계대출 증가폭은 6조5000억원까지 불,,,
351,49fb4749d201,2021-01-16,연합뉴스,통신사/방송,최저임금,인도네시아 최저임금 10년새 3배 상승…韓봉제업체들 한숨,"한인 봉제업체 317→258개로…""노사협의로 임금 정해야"" (자카르타=연합뉴스) 성혜미 특파원 = 인도네시아의 최저임금이 10년 새 3배 이상 상승하면서 한인 봉제 업체 수가 계속 줄고 있다. 특히 자카르타 외곽 서부자바주의 봉제 업체들은 올해 임금을 작년 대비 30% 이상 한꺼번에 올려야 하는 상황이 되면서 걱정이 크다. 16일 재인도네시아 봉제협의회(KOGA)와 서부자바 봉제인협의회(PPPTPJB)에 따르면 자카르타 주 최저임금은 2010년 111만8천 루피아(8만8천원)에서 2021년 441만6천여 루피아(34만7천원)로 295% 인상됐다. 서부자바주 보고르군의 경우 같은 기간 인상률이 299%, 푸르와카르타군은 368.9%를 기록했다. 낮은 임금을 찾아 인도네시아로 몰려왔던 한인 봉제업체 수는 201",,,
352,bd4a4cce9ff2,2022-09-04,연합뉴스TV,통신사/방송,반도체_수출,"반도체·중국 수출 적신호…""수출시장 다변화 필수""","[앵커] 지난달 무역적자가 100억 달러에 육박해 월간 기준 사상 최대에 달했죠. 원자재 폭등도 문제지만 주력 상품 반도체 수출의 뒷걸음질, 넉 달째 이어진 대중 무역적자가 큰 원인인데요. 반도체가 대중 수출 1위 품목이라 결국 중국 의존도를 낮춰야 한다는 지적이 나옵니다. 김종력 기자입니다. 8월 반도체 수출액은 107억 8,000만 달러. 1년 전보다 7.8% 줄어, 26개월 만에 마이너스 성장을 기록했습니다. 글로벌 인플레이션에 따른 첨단 전자제품 수요 감소와 이에 따른 과잉 재고로 반도체 수요도 줄어든 탓입니다. 더 큰 문제는 반도체 재고가 늘며 주력 수출품 D램과 낸드플래시 메모리 반도체값 하락세가 이어질 전망이란 점입니다. 최대 교역국 중국과의 무역수지도 적자 행진 중입니다. 8월 대중 무역적자는",,,
353,69c0c688d7e7,2017-08-09,서울경제,경제지,고용동향,여전히 눈물짓는 20대···청년실업률 9.3%,"전년 대비 0.1%포인트↑…2015년 이후 2년만 전체 취업자는 31만3,000명 증가 [서울경제] 청년층(15~29세) 실업률이 지난해 같은 기간보다 0.1%포인트 오른 9.3%를 기록했다. 반면 전체 취업자는 31만3,000명 증가했다. 9일 통계청이 발표한 ‘2017년 7월 고용동향’을 보면 지난달 청년층(15~29세) 실업률은 9.3%로 지난해 같은 기간보다 0.1%포인트 상승했다. 7월 기준으로는 2015년 7월(9.4%) 이후 최고치다. 전체 취업시장은 나아졌다. 지난달 전체 취업자는 전년동월대비 31만3000명 증가했다. 지난 6월에는 취업자수가 30만1000명 늘었다. 3개월 연속 30만명대의 증가폭이다. 제조업 취업자수는 증가폭이 커졌다. 지난달 제조업의 취업자수는 5만4000명 늘었다. 제",,,
354,c169fde4f4cd,2017-09-04,연합뉴스,통신사/방송,GDP_성장률,"라잔 前인도중앙은행 총재 ""화폐개혁 반대했다…경제적 대가 커""","(뉴델리=연합뉴스) 나확진 특파원 = 인도가 최근 저조한 경제성장률을 보이는 가운데 나렌드라 모디 정부의 경제개혁 조치들을 비판하는 목소리가 커지고 있다. 4일 인도 일간 타임스오브인디아 등에 따르면 라구람 라잔 전 인도중앙은행(RBI) 총재는 다음 주 출간 예정인 저서 '나는 내가 할 일을 한다'에서 지난해 11월 8일 단행된 모디 정부의 화폐개혁에 애초 반대 의견을 냈다고 밝혔다. 그는 자신이 RBI 총재로 있던 지난해 2월 정부로부터 화폐개혁에 관한 의견을 요청받았다면서 이에 ""단기적으로 치러야 할 경제적 대가가 장기적인 화폐개혁 이익보다 훨씬 크고 화폐개혁으로 추구하는 목적을 이룰 더 나은 대안이 있을 것""이라며 부정적 견해를 전달했다고 설명했다. 그는 또 자신이 RBI 총재를 떠나던 지난해 9월5일",,,
355,710105f0217d,2018-01-18,동아일보,보수,GDP_성장률,지난해 중국 경제성장률 6.9%…2010년 이후 7년 만에 반등,"[동아일보] 지난해 GDP 6.9% 기록, 목표치(6.5%) 상회 지난해 말 기준 인구는 13억9008만 명, 올해 14억 명 넘을 듯 지난해 중국 경제성장률이 중국 정부의 목표치였던 ‘6.5% 내외’보다 높은 6.9%를 기록했다고 중국 국가통계국이 18일 밝혔다. 2010년 이후 7년 만에 경제성장률이 반등세로 돌아선 것이다. 국가통계국은 지난해 중국 국내총생산(GDP)이 82조7122억 위안(약 1경3783조9881억 원)이었다며 이같이 발표했다. 위안화 기준 GDP 액수에서는 처음으로 80조 위안대를 넘어섰다. 중국의 경제성장률은 2010년부터 계속 하락세였으며 2016년에는 6.7%를 기록해 26년 만에 최저치를 기록한 바 있다. 리커창(李克强) 중국 총리는 11일 캄보디아 프놈펜에서 폐막한 ‘란창(",,,
356,198a6b61d405,2022-02-16,한국경제,경제지,국채_금리,100조 돌파한 국채 대차잔액…시장금리 더 뛰나,"국채금리 상승(국채값 하락) 노리고 빌려서 매도하는 대여금액 국채금리 오름세 전망 퍼진 영향 시장금리 상승 촉매제 역할하나 투자자들이 국채를 빌린 뒤 갚지 않은 물량인 대차(대여)거래 잔액이 100조원을 돌파하는 등 사상 최대치를 기록했다. 국채 대차는 주식의 공매도와 같은 개념이다. 주식의 하락을 내다보고 공매도를 하는 것처럼 국채 가격하락(금리는 상승)을 노리는 투자 기법이다. 국채를 빌려 매각하고, 향후 저렴하게 사들여 되갚아 수익을 거두는 기법이다. 대차거래 잔액이 많다는 것은 그만큼 국채 금리상승에 베팅하는 투자자가 늘었다는 의미다. 국채금리를 밀어올릴 변수로도 꼽힌다. 16일 기획재정부에 따르면 지난 15일 기준 국채 대차잔액 물량은 102조6037억원으로 집계됐다. 작년 말(97조6156억원)과",,,
357,e3bd8fac2090,2018-08-17,연합뉴스,통신사/방송,고용동향,'고용쇼크 6개월' 취업자↑ 5천명…실업자 7개월째 100만 넘어(종합),"제조업 취업자 12만7천명↓…40대 취업자 '20년만에 최대폭' 14만7천명 감소 고용률 61.3％, 0.3％p↓…3년 3개월 만에 최대폭 하락 (세종=연합뉴스) 이세원 민경락 이대희 기자 = 취업자 증가 폭이 금융위기 후 최소 수준으로 줄어드는 등 고용 상황이 이례적으로 악화했다. 작년에 월평균 30만명을 넘었던 취업자 증가 폭은 올해 들어 6개월 연속 10만 명대 이하에 머물렀고 실업자는 7개월 연속 100만명을 웃돌았다. 통계청이 17일 발표한 '2018년 7월 고용동향' 보고서를 보면 지난달 취업자는 2천708만3천 명으로 작년 7월보다 5천 명 증가했다. 전년 동월과 비교한 지난달 취업자 수 증가 폭은 한국 경제가 금융위기의 영향권에 있던 2010년 1월에 마이너스 1만 명을 기록한 후 8년 6개월",,,
358,2e1e3faf1c6e,2026-03-02,동아일보,보수,반도체_수출,지난달 수출 29% 늘어 역대 최대… 반도체 160% 증가,"반도체 11개월 연속 월간 최대 실적 자동차-석유화학-철강 등은 부진 중동 정세 불안에 불확실성 커져 올해 2월 수출이 전년 대비 30% 가까이 증가하며 역대 최대 금액을 경신했다. 반도체 수출은 1년 전보다 160% 넘게 늘었지만, 그 외 주력 품목들은 부진한 상황에서 중동 정세 불안이 심해지며 대외 불확실성이 커지고 있다. 1일 산업통상부가 발표한 2월 수출입동향에 따르면 지난달 수출은 1년 전보다 29.0% 증가한 674억5000만 달러(약 97조6000억 원)로 집계됐다. 올해 2월은 설 연휴가 낀 탓에 지난해보다 조업일수가 3일 적었지만, 하루 평균 수출액(35억5000만 달러)이 전년 동월 대비 49.3% 많아 역대 2월 중 최대 실적을 올렸다. 일평균 수출이 30억 달러를 넘어선 건 처음이다. ",,,
359,f4a6ad855fe9,2021-08-27,매일경제,경제지,경기침체,"""세번째 마통 만들었다…이번엔 정말 벼랑 끝"" 금리인상 절규 자영업자","시중은행, 2000년대 이후 3차례 금리인상기 여파 분석 2017년에 기준금리 올렸을때 가계 대출연체액 43% 급증 이번엔 집값 잡겠단 목적으로 경기 침체기인데도 금리 올려 빚내서 버티던 자영업자 울상 ""이젠 이자 부담도 늘어 막막"" ◆ 막내린 초저금리 시대 ② ◆ 자영업자 오 모씨(46)는 한국은행 금융통화위원회가 기준금리를 올린 지난 26일 울며 겨자 먹기로 마이너스통장(한도대출·마통)을 추가로 개설했다. 자녀 두 명이 모두 고등학교에 진학하면서 학비 부담이 크게 늘어 월 소득만으로는 생활비가 부족했기 때문이다. 오씨는 최근까지 마통 2개로 겨우겨우 버텼는데, 더 이상 대출한도 증액이 안되자 다른 은행에서 세 번째 마통을 개설한 것이다. 코로나19로 인한 경기 침체 영향으로 대출로 버텨온 서민들이 금융회",,,
360,a9a96a192e70,2018-09-03,연합뉴스,통신사/방송,부동산가격,"'민주당독식' 시의회의 박원순 비판…""서울페이, 요술램프 아냐""","""너무나도 한가한 추경예산…직접적 일자리 추경 150억 원뿐"" (서울=연합뉴스) 박초롱 기자 = 전체 110석 중 더불어민주당이 102석을 차지한 서울시의회가 같은 당 소속인 박원순 서울시장을 비판하고 나섰다. 민주당 서울시의원들은 박 시장이 제출한 서울시 사상 최대 추가경정예산에 대해 일자리를 늘리고자 하는 고민이 부족하며, 핵심 사업인 서울페이에는 뚜렷한 장점이 없다고 비판했다. 김용석 서울시의회 민주당 대표의원은 3일 시의회 제283회 임시회 대표연설에서 ""서울시가 제출한 추경 예산안에는 일자리·민생예산에 대한 고민의 흔적이 부족해 보인다""며 ""추경 규모가 역대 최대치로, 올해 예산 31조9천억원의 11.5%에 달하는 3조7천억원이지만 실제 직접적 일자리 예산은 150억원도 안 된다""고 지적했다. 이어",,,
361,d75aa3d9edd8,2022-07-26,연합뉴스,통신사/방송,최저임금,"한총리 ""최저임금 지역별 차등화, 충분한 사회적 논의 거쳐야""","(서울=연합뉴스) 김연정 홍준석 기자 = 한덕수 국무총리는 26일 최저임금의 지역별 차등화 정책에 대해 ""충분한 사회적 논의를 거쳐 검토해야 한다고 생각한다""고 말했다. 한 총리는 이날 국회 경제 분야 대정부질문에서 국민의힘 조명희 의원이 '지역 경제 발전 도모를 위해 최저임금의 지역별 차등화 정책에 대해 어떻게 생각하나'라는 질문에 ""최저임금 지역별 차등화 정책이 현행법에 의해 반영돼 있는 것이 아니기에 찬반 이견이 굉장히 큰 것 같다""며 이같이 답했다. 한 총리는 ""다만 (최저임금) 업종별 차등 적용은 올해 최저임금위원회에서 정부의 업종별 차등 적용 심의 관련 기초자료 연구를 권고하기로 의결했다""면서 ""아마 내년 3월 정도까지 제출될 것으로 본다. 이런 연구 결과를 토대로 심도 있는 검토가 이뤄지게 하겠",,,
362,b8ee19a37dba,2021-08-29,한국경제,경제지,부동산_대출,"'마통' 한도, 5000만원 이하로…""대출 미리 받자"" 은행에 줄섰다","연봉 이상 신용대출도 막혀 가수요 폭발에 총량관리 '비상' 정부의 가계대출 규제가 본격화하면서 지난 1주일 동안 신용대출 증가폭이 6배로 뛰는 등 우려했던 가(假)수요가 폭발하고 있다. 당장 다음달부터 은행들은 금융당국의 요구를 수용해 일반 신용대출은 연봉 이내, 마이너스통장(한도대출)은 5000만원 이내로 한도를 대폭 축소하기로 했다. 29일 금융권에 따르면 국민·신한·하나·우리·농협 5대 시중은행의 26일 현재 신용대출 잔액은 143조1804억원으로 1주일 만에 2조8820억원 급증했다. 증가폭이 직전 1주일(13∼19일·4679억원) 대비 약 6.2배 뛰었다. 특히 한도를 미리 설정해 놓고 자유자재로 빌렸다가 갚는 방식인 마이너스통장도 1주일 새 2조6921억원(48조9828억원→51조6749억원) 늘",,,
363,a4fd33e6b3ff,2016-09-01,연합뉴스,통신사/방송,고용동향,"서울시, 청년에 뉴딜 일자리 제공…스터디 공간·어학강좌 지원","청년수당 후속대책 발표…심리 상담 프로그램도 (서울=연합뉴스) 이태수 기자 = 서울시가 18∼39세 청년을 대상으로 대규모 신규 일자리인 '뉴딜 일자리'를 제공하고, 값비싼 카페 대신 편하게 공부할 수 있는 스터디 공간을 제공한다. 서울시는 ▲ 뉴딜 일자리 지원 ▲ 취업 지원 ▲ 창업 지원 ▲ 청년 공간 및 어학 학습지원 ▲ 심리상담 및 자존감 향상 등 5개 영역으로 나눠 청년활동 지원사업(이하 청년수당) 후속대책을 1일 발표했다. 이 대책에 따르면 우선 이달부터 18∼39세 청년을 대상으로 뉴딜 일자리 대상자를 추가 선발해 다음 달부터 일할 수 있게 한다. 업무 분야는 기존 일자리를 추가 선발하고, 신규 사업을 발굴해 청년 수요에 맞게 일자리를 늘린다는 계획이다. 18∼39세 서울 청년 미취업자 가운데 저",,,
364,4c994b1f0ec8,2024-02-16,조선일보,보수,GDP_성장률,"55년 만에… 日, ‘GDP 세계 3위’도 독일에 뺏겼다","한때 세계 2위, 中 이어 獨에도 밀려 세계 3위 경제 대국이던 일본이 지난해 독일에 밀려 4위로 추락했다. 일본이 경제 규모에서 독일에 뒤진 건 1968년 서독을 제치고 미국에 이어 세계 2위로 올라선 지 55년 만이다. 일본은 2010년 중국에 세계 2위 자리도 내줬다. 지속적인 인구 감소와 낮은 노동생산성, 산업 경쟁에서의 부진 등이 일본의 부(富)를 점차 위축시켰고 근래엔 엔화 약세의 영향까지 더해졌다. 15일 일본 내각부는 지난해 일본의 명목 GDP(국내총생산)가 591조4820억엔을 기록했다고 발표했다. 이를 달러로 환산하면 4조2106억달러다. 이는 독일의 지난해 달러 환산 명목 GDP 4조4561억달러(4조1211억유로)에 비해 2455억달러 적다. 일본 인구는 독일의 1.5배 수준이다. 일본",,,
365,5192be4571aa,2021-08-24,조선일보,보수,가계부채,"멈추지 않는 가계부채, 2분기 1800조 넘었다...증가액 사상 최대",한국은행 ‘2분기 가계신용’ 불어나는 가계부채를 관리하기 위한 정부의 여러 조치에도 불구하고 지난 2분기 가계대출 증가 폭이 전분기보다 커지며 전체 가계부채가 1800조원을 돌파했다. 2019년 4분기 이후 7분기 연속 증가로 사상 최대 기록을 또 경신했다. 한국은행이 24일 발표한 ‘2021년 2분기 중 가계신용(잠정)’ 자료에 따르면 2분기 말 가계부채(신용카드 사용액 포함) 잔액은 1805조9000억원으로 1분기보다 41조2000억원 늘었다. 증가폭이 전 분기(36조7000억원)보다 커졌다. 전년 동기 대비로는 168조6000억원(10.3%) 늘어 증가액이 2003년 통계 작성 이후 최대치를 기록했다. 증가율로는 2017년 2분기 이후 최대였다. 항목별로는 2분기 가계대출(1705조3000억원)이 38,,,
366,dc1f30e162ca,2023-03-03,한겨레,진보,경기침체,"지난해 부동산 침체, 창업 열기에도 찬물 끼얹었다","2022년 신규 창업 7.1%↓ 부동산업 35.2%↓ 지난 한 해 창업 실적이 이전에 견줘 매우 부진했던 것으로 나타났다. 부동산 경기 하락에 따른 부동산업의 신규 창업 감소세가 큰 영향을 끼쳤다. 중소벤처기업부가 3일 내놓은 ‘2022년 연간 창업기업 동향’을 보면, 창업기업 수는 131만7479개로 집계됐다. 전년보다 7.1%(10만494개) 적은 규모다. 중기부는 “글로벌 경기 침체가 창업 생태계에도 영향을 끼친 것”이라고 풀이했다. 창업기업 동향은 국세청 사업자등록 자료를 바탕으로 삼고 있다. 부동산업의 창업 감소세가 특히 두드러져 전년보다 35.2% 줄어든 20만5761개에 머물렀다. 부동산업 신규 창업은 2021년에도 전년보다 27.5% 줄어든 31만7384개로 부진했던 터다. 중기부는 “부동산 ",,,
367,6adcc7428dae,2020-02-06,한국경제TV,경제지,경상수지,수출 부진에 지난해 경상수지 흑자 '7년만에 최저',"우리나라 경상수지 흑자가 7년 만에 최저치를 기록했습니다. 한국은행이 발표한 지난해 12월 국제수지 잠정치에 따르면 연간 경상수지는 599억7천만 달러 흑자로, 1년 전보다 175억 달러 줄어든 것으로 집계됐습니다. 외환위기 당시인 1998년 이후 22년째 흑자 기조는 유지했지만 규모 면에서는 487억9천만 달러를 기록한 2012년 이후 최저 수준입니다. 이 같은 부진은 미중 무역분쟁과 반도체 불황 등의 여파로 상품 수출과 수입이 각각 10.3%, 6.0% 줄면서 상품수지 흑자폭이 1년 전보다 332억3천만 달러 감소한 768억6천만 달러에 그쳤기 때문입니다. 다만 국내 중국인, 일본인 관광객 증가로 여행 수입이 역대 최고인 216억3천만 달러를 기록했고 25억 달러 수준이던 운송수지 적자도 16억 달러대로",,,
368,36e59e076939,2020-08-25,연합뉴스,통신사/방송,가계부채,공급대책 발표에도 집값 상승 전망 '꿋꿋'…8월 소비심리 결과,"8월 주택가격전망 CSI 125, 사상 두번째 높은 7월 수준 전체 소비자심리지수는 넉달 연속 상승…코로나 재확산 이후 반영 안돼 (서울=연합뉴스) 성서호 기자 = 정부가 8·4 수도권 주택공급 확대 방안을 발표한 이후에도 집값 상승 전망은 꺾이지 않은 것으로 나타났다. 한국은행이 25일 발표한 소비자동향조사 결과를 보면 8월 주택가격전망 소비자동향지수(CSI)는 125로, 7월과 같았다. 지수 125는 2018년 9월(128) 이후 사상 두 번째로 높은 수준이다. 주택가격전망 CSI가 100보다 크면 향후 집값이 상승할 것으로 응답한 가구가 하락할 것으로 응답한 가구보다 많다는 뜻이다. 이번 조사는 지난 10∼14일 진행됐다. 수도권에 신규 13만2천가구 등 총 26만가구 이상의 주택을 공급하겠다는 8·4",,,
369,6632da09306a,2019-08-23,SBS Biz,경제지,고용동향,"부자 재산 늘어갈때 저소득층은 더 가난, 왜?","■ 경제와이드 모닝벨 '이슈분석' - 조경엽 한국경제연구원 선임연구위원 올해 2분기 고소득층과 저소득층의 소득 격차가 역대 최대 수준으로 벌어졌습니다. 전체 가구의 소득이 늘어난 반면, 저소득층만 근로소득이 급감했기 때문인데요, 이런 가운데 2분기 가계부채가 16조원 이상 늘어나면서 1550조원을 돌파했습니다. 소득 양극화와 가계빚 부담이 겹치면서 안 그래도 어려운 우리 경제를 우려하는 목소리가 커지고 있습니다. 한국경제연구원, 조경엽 선임연구위원과 이야기 나눠보겠습니다. Q. 어제(22일) 통계청이 가계동향조사 소득부문을 발표했는데요, 이게 뭔지, 간단하게 좀 정리해주시겠습니까? - 통계청이 발표한 가계동향조사(소득부문)란? - 통계청 2분기 가계동향조사 소득부문 결과 발표 - 가계동향조사…2인이상 일반가",,,
370,b75727a83144,2021-09-02,서울경제,경제지,기준금리,가파른 물가 상승에 인플레 현실화···금리인상 시계 빨라지나,"■8월 소비자물가 또 2.6% 뜀박질 ""물가상승 제한적"" 전망 또 빗나가 달걀 54%·시금치 35%·쌀 13%↑ 농축수산물 가격 7.8%나 껑충 월세는 0.9% 올라 7년만 최대폭 추석·가을장마에 추가상승 우려 [서울경제] “올해 들어 나타난 가파른 물가 상승 추세가 지속할 가능성은 제한적입니다. 하반기에 물가 여건이 개선되고 연간으로는 물가 상승률이 2%를 넘지 않을 것으로 예상됩니다.” (이억원 기획재정부 1차관, 지난 6월 1일 물가관계차관회의) 정부의 물가 전망은 여지없이 빗나갔다. 8월 소비자물가는 2.6% 올라 5개월 연속 2%대 상승률을 기록했다. 물가가 5개월 연속 2%대로 상승한 것은 2017년(1~5월) 이후 4년여 만에 처음이다. 체감 물가인 생활물가지수는 10년 만에 처음으로 4개월 연",,,
371,6bfdb3411df3,2024-02-08,매일경제,경제지,GDP_성장률,“삼성 힘 한번 강력하네”...잘팔리는 갤S24 덕에 GDP 1.5조 오를거라는데,첫 AI폰 판매에 생산·소비 반등 기대감 지난달 출시된 삼성전자의 첫 인공지능(AI) 스마트폰 갤럭시 S24 효과로 올해 국내총생산(GDP)이 최대 1조5000억원 올라갈 것으로 분석됐다. 올해 글로벌 판매량이 3000만대를 웃돌며 수출은 물론 내수 부양에도 힘을 보탤 것이라는 전망이 나온다. 8일 관가에 따르면 정부는 올해 갤럭시 S24 판매가 시장 전망에 부합한다고 가정했을때 GDP는 1조2000억~1조5000억원 늘어날 것으로 관측됐다. 정부가 개별 소비재 품목을 놓고 파급 효과를 분석한 것은 이례적인 일이다. 그만큼 삼성 스마트폰 판매가 국가 경제에 미치는 영향이 크다는 뜻으로 풀이된다. 지난해 전자업계에서는 올해 전 세계에서 갤럭시 S24가 3000만대 팔릴 것으로 봤다. 2019년 갤럭시S10 시,,,
372,e467bff55036,2020-02-20,경향신문,진보,부동산_대출,수원·안양·의왕 ‘핀셋 규제’…‘12·16 대책’ 풍선효과 차단,"정부, 조정대상지역 추가 지정 부동산 ‘대출규제 강화’가 핵심 수원시 영통·권선·장안구와 안양시 만안구, 의왕시 등 경기 남부 5곳이 조정대상지역으로 추가 지정됐다. 이곳을 포함해 전국 총 44곳 조정대상지역에서 주택담보인정비율(LTV)은 기존 60%에서 50%로 낮아지고, 이 중 9억원 초과분에 대해서는 LTV가 30%까지 낮아진다. 지난해 12·16 부동산대책 이후 ‘풍선효과’로 비규제지역에서 집값이 오르자 나온 조치다. 국토교통부와 기획재정부, 금융위원회는 20일 이 같은 내용을 담은 ‘2·20 부동산대책’을 발표했다. 지난해 12·16대책 이후 서울 집값은 안정된 반면 경기도는 개발호재 지역을 중심으로 집값이 빠르게 상승하자 두 달 만에 투기수요를 차단하기 위해 또다시 대책을 내놓은 것이다. 현 정부",,,
373,b7d1f02b5171,2019-08-15,매일경제,경제지,경기침체,1978년 이후 5차례…금리 역전뒤엔 어김없이 침체 왔다,"美채권시장發 `R의 공포` 경기흐름에 가장 민감한 집단 채권투자자가 비명 먼저 질러 G2분쟁 따른 中·獨 경제부진 글로벌증시 공포감 계속 키워 15조달러 외국국채 시장 교란 조기 침체 가능성엔 반론많아 이와중에…트럼프는 연준 탓 파월에 ""멍청하다"" 인신공격 ◆ 글로벌경제 위기감 확산 ◆ 2007년 하반기 서브프라임 사태로 점화돼 이듬해 리먼브러더스 등 대형 금융기관 파산으로 이어졌던 글로벌 금융위기에는 '전조'가 있었다. 2005년 12월 무렵 미국 국채 10년물과 2년물 간 금리가 역전되는 현상이 나타나기 시작한 것이다. 당시 미국 경제는 성장률 3%를 육박하는 호황기였고, 금융기관은 수많은 파생상품을 만들어 주택담보대출을 확대했다. 하지만 경기가 하강하기 시작하자 결국 숨겨져 있던 시한폭탄이 터지고 말았",,,
374,a43212298a99,2017-01-17,한겨레,진보,부동산가격,지난해 부동산 증여 건수 사상 최대치 왜?,"[한겨레] 증여 거래 26만9천건 최대치 기록 자산가들, 상속보다 절세 효과 기대 지난해 부동산 증여 건수(증여로 인한 거래 신고)가 27만건에 육박하면서 사상 최대치를 기록했다. 특히 상가·건물 등 수익형 부동산 증여가 전년보다 큰폭으로 늘어났다. 저금리 환경에서 수익형 부동산에 대한 가격 상승 기대가 커진 점이 작용했다. 이럴 경우 상속보다는 사전 증여가 세 부담을 줄일 수 있다. 17일 국토교통부와 한국감정원의 부동산 거래량 통계를 보면, 지난해 전국에서 부동산 증여로 인해 거래가 신고된 건수는 26만9472건으로 집계됐다. 이는 국토부가 2006년 부동산 실거래 신고 제도를 도입한 이후 가장 많은 것이다. 부동산 과열기였던 2006년의 증여 건수가 19만2361건이었던 점에 견줘볼 때 10년 만에 4",,,
375,339b02e0277c,2020-08-17,중앙일보,보수,가계부채,주담대보다 금리 낮은 신용대출…가계부채 증가 새 뇌관되나,"신용 대출이 가파르게 증가하고 있다. 신용대출 금리가 이례적으로 주택담보대출 금리보다도 낮아지면서다. 가용 자금을 최대한 끌어모아 주식이나 부동산 등에 투자하는 이가 늘어났다는 분석이 나온다. 17일 한국은행에 따르면 7월 말 기준 은행의 가계대출 잔액은 936조5000억원으로, 한 달 사이 7조6000억원 증가했다. 7월만 놓고 봤을 때 2004년 통계 집계 이후 가장 큰 폭의 증가액이다. 이 가운데 주로 신용대출인 가계 기타대출(잔액 245조6000억원)은 3조7000억원 불었다. 6월 증가액(3조1000억원)보다 6000억원이나 많고, 2018년 10월(4조2000억원) 이후 가장 큰 월별 증가 폭이다. 5대 시중은행으로 좁혀보면 신용대출이 6월 2조8374억원, 7월 2조6760억원 증가했다. 이달에",,,
376,612c9be38bc4,2026-03-05,한국경제,경제지,최저임금,웨이터도 들고 일어났다…유흥주점서 벌어진 최저임금 논란,"유흥주점 웨이터의 근무 형태가 '근로자'인지 애매하고 손님에게서 받은 팁 수입을 감안하면 시간당 최저임금을 한참 웃도는 경우엔, 이들에게 최저임금을 주지 않은 사업주를 형사처벌할 수 없다는 법원 판결이 나왔다. 5일 법조계에 따르면 창원지방법원은 최근 근로기준법 위반 혐의로 기소된 주점 업주 A씨에 대해 무죄를 선고했다. 경남 창원에서 유흥주점을 운영하던 A씨는 2023년 3월 7일부터 2024년 4월 24일까지 웨이터로 근무했던 D씨 등 퇴직 근로자 3명과 갈등을 빚었다. 웨이터들은 1부(오후 6시부터 다음 날 새벽 3시), 2부(새벽 1시부터 아침 7시), 3부(새벽 3시부터 다음 날 정오 12시까지)로 나눠 정해진 시간에 근무하면서 세 가지 항목으로 수익을 얻었다. △근속 기간에 따른 기본급(초보 기준",,,
377,5973af5022c5,2016-08-27,이데일리,기타,기준금리,"매파가 된 옐런‥""美 금리인상 여건 강해졌다""(종합2보)","- ""물가 몇년 내 목표치로 올라갈 것""..금리인상 시사 - ""실제 금리 변동은 지표에 달렸다""..8월 고용지표 주목 - 피셔 부의장 ""옐런, 올해 두번 금리인상 시사한 것"" 해석 재닛 옐런 미국 연방준비제도(Fed) 의장(사진=AP) [뉴욕=이데일리 안승찬 특파원] 재닛 옐런 미국 연방준비제도(Fed) 의장이 미국의 기준금리 인상 가능성을 강하게 시사했다. 26일(현지시간) 미국 와이오밍주 잭슨홀에서 열린 심포지엄에 참석한 옐런 의장은 “견고한 고용시장과 경제 활동과 물가 상승에 대한 우리의 전망으로 봤을 때 최근 몇달 간 기준금리를 올릴 수 있는 여건이 강해졌다고 믿는다”고 말했다. 옐런은 또 “(금리 인상 판단의 주요 지표인) 물가 상승률이 여전히 목표치인 2%를 밑돌고 있지만 이는 주로 일시적인 요인",,,
378,6583ca9cead6,2019-08-17,SBS,통신사/방송,GDP_성장률,"태국 ""경제성장률 3% 달성 위해 12조 3천억 원 투입""","태국 정부가 침체한 경기를 부양하기 위해 3천160억 바트, 우리 돈으로 12조3천800억원을 투입하기로 결정했습니다. 오늘(17일) 방콕포스트 등 현지 언론과 외신에 따르면 태국 정부는 어제 쁘라윳 짠오차 총리 주재로 경제내각 회의를 열어 이런 방침을 확정했습니다. 이번에 투입되는 3천160억 바트는 국내총생산(GDP) 성장률 3% 달성을 위한 긴급 경기부양 조치에 사용될 것이라고 우타마 사와나야나 재무장관은 밝혔습니다. 우타마 장관은 이와 관련, 10년 만의 최악의 가뭄으로 고통을 겪는 90만여 명 농민을 돕고 글로벌 경기 침체가 가져올 태국 경제에 대한 충격을 완화하며 생활고를 겪는 저소득층 및 고령 인구를 지원할 계획이라고 설명했습니다. 국내 관광 활성화를 위해 1천만 명에게 1천 바트, 약 3만 9",,,
379,27e7f7e66b42,2020-03-05,서울경제,경제지,기준금리,"민주당 ""美 기준금리 인하, 한은의 적절한 판단 기대""",[서울경제] 조정식 더불어민주당 정책위의장은 5일 미국 연방준비제도(Fed·연준)의 기준금리 전격 인하와 관련해 “통화당국의 적절한 판단을 기대한다”고 밝혔다. 조 정책위의장은 이날 국회에서 열린 민주당 정책조정회의에서 “신종 코로나바이러스 감염증(코로나19)의 전 세계 확산으로 경제 충격에 대응하기 위한 국제사회의 움직임이 빨라진다”며 이같이 말했다. 그는 주요 7개국(G7)의 정책 공조 강화와 미 연준의 금리 인하를 언급한 뒤 “이주열 한은 총재가 ‘정책여건의 변화를 적절히 감안할 필요가 있고 정부 정책과의 조화를 고려해 나가겠다’고 밝힌 것을 주목한다”고도 언급했다. 미 연준은 지난 3일(현지시간) 기준금리를 연 1.00∼1.25%로 0.50%포인트 긴급 인하했다. 연준이 정례회의가 아닌 시점에 금리를,,,
380,e62210ffd0da,2022-03-04,서울경제,경제지,GDP_성장률,"""中, 국방예산 7% 증액 전망""…우크라 사태 등 안보 위협 영향","군사전문가, 국제 정세 등 국방력 강화 필요 강조 대만·남중국해 등 美 안보동맹 영향력 확대 영향 [서울경제] 우크라이나 사태 등 글로벌 안보 위협에 대비하기 위해 중국이 올해 국방 예산을 7% 증액할 것이라는 전망이 나왔다. 최근 2년간 코로나19 영향 등으로 국방비 증액을 6%대로 제한했지만 국제 정세를 고려할 때 국방력 강화가 필요하다는 주장이 제기된다. 4일 중국 관영 영자매체인 글로벌타임즈는 군사 전문가들의 의견을 종합한 결과 5일 전국인민대표대회 개막식에서 공개될 예산 보고서 초안에 국방비가 전년 대비 7% 증가할 것이라고 전했다. 지난해에는 2020년 대비 6.8% 증가한 1조3500억 위안(약 258조 원)의 국방 예산을 발표했다. 중국은 2012~2015년(△2012년 11.2% △2013년",,,
381,c55ca8ae117d,2023-08-17,매일경제,경제지,국채_금리,"“금리 8% 된다는데 집 사겠나”...15년만에 최고, 미국채 금리 경악",2008년 6월 이후 가장 높아 서머스 “4.75%까지 간다” 매파적 7월 FOMC 의사록에 금리 상승 베팅 늘어 주담대 8% 갈수도 美부동산시장 타격 불가피 글로벌 채권시장의 기준 역할을 하는 미국 10년 만기 국채 금리가 16일(현지시간) 15년 만에 최고치로 치솟았다. 미 재무부에 따르면 이날 미 국채 10년물 금리는 4.28%에 마감하며 종가 기준 2008년 6월 이후 최고치를 기록했다. 이날 공개된 7월 연방공개시장위원회(FOMC) 의사록에서 연방준비제도(연준)가 긴축 통화정책을 상당 기간 계속할 것임을 시사하면서 국채 금리를 대폭 끌어올렸다. 래리 서머스 전 미국 재무장관은 10년물 국채 금리가 더 올라 향후 10년간 평균 4.75%에 달할 것이라고 경고하며 투자 심리를 억눌렀다. 국채 금리는 가,,,
382,707989fb77c5,2020-02-27,조선일보,보수,경기침체,뉴욕증시 4일만에 2400조원 증발...전문가들  '우한코로나발 美 경기침체' 경고,세계 1위 경제대국 미국도 우한 코로나(코로나19) 여파를 피해가기 어려울 전망이다. 27일(현지 시각) 로이터 통신에 따르면 미국에서 아직 우한코로나 확산이 본격화되기 않았지만 뉴욕 증시 시총은 2조달러(약 2433조2000억원)라 증발했다. 27일 종가 기준 스탠더드앤드푸어스(S&P)500지수는 현재 3116.39로 지난주 수요일 3386.15로 올해 최고치를 기록 했을 때와 비교했을 때 7.6% 하락했다. 4일만에 2조달러가 사라진 것이다. 이에 따라 미국 경제학자들의 근심도 커지고 있다. 옥스퍼드 이코노믹스의 그레고리 다코 수석 이코노미스트는 우한 코로나 확산으로 주가가 하락하고 달러화가 강세를 보이고 있다고 말했다. 바이러스 진원지인 중국의 생산 공장 폐쇄도 미국 경제 침체에 한 몫 했다. 미국 기,,,
383,6b12168bd6c1,2024-09-05,한국경제TV,경제지,국채_금리,지독한 불확실성…오늘밤 나올 美 지표들,"ISM 제조업 PMI가 촉발한 미국 경기 침체 우려를 되돌릴만한 신호는 아직까지 감지되지 않았습니다. 지난밤 미국 국채금리 2년물, 10년물 장단기 금리차는 정상 국면에 진입했습니다. 다만 10년물이 3.8% 아래로 떨어졌고, 엔화는 달러당 143엔대로 내려가며 불안감을 더했습니다. *美 국채금리 (현지시간 4일) -2년물 10.9bp 하락 3.75% -10년물 7.6bp 하락 3.76% *美 공포지수 (현지시간) VIX 20.72 (3일) → 21.32 (4일) 뉴욕증시와 우리 증시 모두 공포를 씻어내지 못하고 있습니다. *한국증시 마감 (5일) -코스피 5.30p(-0.21%) 하락 2,575.50 -코스닥 6.47p(-0.88%) 하락 725.28 지난달 폭락장 이후와 마찬가지로 앞으로 나올 미국의 경",,,
384,a63f8e376151,2016-11-23,연합뉴스,통신사/방송,수출입동향,울산 10월 수출입 동반 감소…불황형 흑자 유지,"(울산=연합뉴스) 허광무 기자 = 울산의 10월 수출과 수입이 지난해 같은 기간보다 감소하면서 무역수지는 '불황형 흑자'를 이어갔다. 23일 울산세관이 발표한 통관 기준 10월 수출입 동향을 보면 수출액은 47억5천만 달러로 지난해 10월보다 5.4% 감소했다. 이는 전달인 9월보다도 2.2% 줄어든 수준이다. 10월 수입액은 35억8천만 달러로 지난해보다 2.6% 감소했으나, 전달보다는 0.8% 증가했다. 이에 따라 10월 무역수지는 11억7천만 달러 흑자를 기록했다. 수출은 자동차가 현대자동차 노조 파업에 따른 생산 차질, 국외 현지 생산 증가 등으로 작년보다 12.3% 감소한 12억4천만 달러에 그쳤다. 유류도 수출 물량 감소로 13.9% 감소한 11억 달러를 기록했다. 그러나 선박은 탱크선과 화물선 ",,,
385,d9ccca073c66,2016-06-20,연합뉴스,통신사/방송,부동산가격,중국 부동산개발업자들 '주택부지 확보 전쟁'…땅값 상승 촉발,"(서울=연합뉴스) 문정식 기자= ""중국 부동산 시장에 지왕(地王)들이 되돌아오고 있다."" 최근 중국 대도시의 주택 가격이 상승하자 부동산개발업자들이 주택 부지 확보에 경쟁적으로 나서면서 또다시 땅값을 올려놓고 있다고 월 스트리트 저널이 19일 보도했다. '지왕'은 2010년대 초반에 땅값 폭등을 일으켰던 부동산개발업자들을 가리키는 말이다. 지난 8일 선전시 광밍(光明)신구의 토지 공개매각 과정에서 로간지산(龍光地産)은 무려 141억위안(21억4천만 달러)을 써내 주변을 놀라게 했다. 현지에서 이뤄진 토지 경매 가격으로는 사상 최고가였지만 로간지산은 ""상당히 좋은 가격""이었다고 주장했다. 이달초 선전시가 룽화(龍華) 지구의 한 토지를 경매에 부치자 무려 18개사가 응찰했고 국유기업인 중국전력건설집단의 지원을 ",,,
386,e064419c4fdc,2019-02-25,연합뉴스,통신사/방송,기준금리,"증권가 ""2월 한은 기준금리 동결 예상""","(서울=연합뉴스) 권수현 기자 = 오는 28일 열리는 한국은행 금융통화위원회에서는 만장일치로 기준금리가 현행 연 1.75%로 동결될 것이라는 전망이 증권가에서 우세하다. 이슬비 삼성증권 연구원은 25일 ""2월 금통위는 기준금리를 동결하고 지난 1월의 중립적 스탠스를 유지하 것""이라고 전망했다. 이 연구원은 ""1월 금통위 의사록에서 위원들이 좀 더 비둘기파(통화완화 선호)적 스탠스로 이동했음이 확인됐지만 지난해 11월 기준금리를 인상한 지 석 달 만의 정책 기조 변화는 부담스럽다는 점, 미국의 연내 금리 인상 가능성이 유효한 점 등을 고려하면 이번 금통위에서 추가로 비둘기파 신호를 피력하기는 쉽지 않다""고 분석했다. 이미선 부국증권 연구원은 ""미국 연방준비제도(연준)의 긴축이 마무리되지 않은 상황에서 한은이 ",,,
387,be6337397e4e,2021-02-23,연합뉴스,통신사/방송,반도체_수출,충남 1월 수출액 7조8천억원…5개월 연속 증가세 유지,"(홍성=연합뉴스) 양영석 기자 = 충남지역 수출액이 5개월 연속 증가세를 이어가고 있다. 23일 충남도가 한국무역협회 자료를 분석한 결과 지난달 도내 수출액은 70억5천만달러(7조8천360억원)로 집계됐다. 지난해 1월 수출액 62억4천400만달러와 비교해 12.9% 상승했다. 도내 수출액은 지난해 9월 증가세로 돌아선 뒤 5개월 연속 상승하고 있다고 도는 설명했다. 지난달 도내 무역수지는 48억4천900만달러 흑자를 기록해 전국 1위를 차지했다. 품목별로는 반도체 수출액이 31억5천100만달러로 가장 많았고, 평판디스플레이 및 센서 수출액이 10억5천만달러로 뒤를 이었다. <저작권자(c) 연합뉴스(https://www.yna.co.kr/), 무단 전재-재배포 금지>",,,
388,8ae557b95bd5,2022-09-01,연합뉴스,통신사/방송,반도체_수출,2분기 경제성장률 0.7%…수출 줄었지만 민간소비로 버텨(종합),"민간소비 2.9%, 속보치보다 0.1%p↓…수출 -3.1% 2분기 실질 국민총소득 1.3% 감소…교역조건 악화 등 영향 ""3·4분기 0.1∼0.2%씩 성장하면 연간 2.6% 가능"" (서울=연합뉴스) 신호경 기자 = 사회적 거리두기 해제로 민간 소비가 늘어나면서 2분기(4∼6월) 한국 경제가 0.7% 성장했다. 하지만 지금까지 성장을 이끌어온 수출은 글로벌 경기 둔화 등의 영향으로 3% 이상 뒷걸음쳤다. 한국은행은 올해 2분기 실질 국내총생산(GDP) 성장률(잠정치·전분기 대비)이 0.7%로 집계됐다고 1일 발표했다. 앞서 7월 26일 공개된 속보치와 같다. 분기별 성장률은 코로나19 발생과 함께 2020년 1분기(-1.3%)와 2분기(-3.0%) 마이너스(-)를 기록한 뒤 3분기(2.3%), 4분기(1.2%",,,
389,7855939088f1,2022-02-28,경향신문,진보,물가_인상,"러, 루블화 가치 폭락에 금리 9.5%서 20%로 인상",아시아 시장서 28% 떨어져 러 곳곳서 ‘뱅크런’ 조짐도 유가 등 세계적 인플레 압박 러시아의 우크라이나 침공에 따른 국제은행간통신협회(SWIFT·스위프트) 결제망 퇴출 등 서방의 경제 제재가 잇따르면서 러시아 루블화 가치가 급락했다. 이로 인한 인플레이션 조짐까지 나타나고 있다. 러시아 중앙은행은 루블화 방어를 위해 기준금리를 20%로 파격 인상했다. 영국 가디언에 따르면 28일(현지시간) 루블화는 아시아 외환시장에서 개장하자마자 달러당 가치가 119루블까지 떨어졌다. 전날 종가인 83.64루블보다 28.77% 폭락한 것이다.로이터통신은 아시아 시장에서 루블화 가치가 30% 가까이 폭락했다며 역대 최저 수준이라고 전했다. 루블화 폭락이 이어지자 러시아 중앙은행은 이날 모스크바 정권·선물시장을 폐장했다. 전,,,
390,3162e3544fba,2020-07-08,서울경제,경제지,가계부채,"국가·기업·가계부채 '4,539조'···빚 굴레에 짓눌린 대한민국","■대한민국 부채 리포트 국가부채 758조·기업부채 1,954조·가계부채 1,827조 작년 부채, GDP 대비 237%···올해는 5,000조 육박할 듯 [서울경제] 한국 경제가 국가·가계·기업 등 이른바 ‘3대 부채(debt)의 늪’에 빠졌다. 올해 세 차례나 추경을 편성하면서 국가채무는 840조원에 육박했고 사상 최저 금리 시대를 맞아 가계와 기업부채는 눈덩이처럼 불어나고 있다. 나랏빚은 결국 미래 세대에 짐으로 돌아간다. 신종 코로나바이러스 감염증(코로나19) 충격이 장기화될 가능성이 높아 가계와 기업의 악성부채가 금융 시스템까지 위협할 수 있다는 우려가 나온다. 8일 국제결제은행(BIS)에 따르면 한국의 지난해 말 가계부채는 1,827조원, 기업부채(금융회사 제외)는 1,954조원, 정부부채는 758조",,,
391,6fd7feb026b8,2017-08-30,연합뉴스,통신사/방송,기준금리,한은 내일 금통위…북핵 리스크에 금리동결 우세,소수의견 가능성에 관심 (서울=연합뉴스) 최윤정 기자 = 북핵 리스크가 불거진 가운데 한국은행 금융통화위원회가 31일 기준금리를 결정한다. 30일 금융시장에서는 경기 신호가 엇갈리고 불확실성 높아진 상황이라 기준금리가 연 1.25%로 동결될 것이라는 전망이 우세하다. 금융투자협회가 16∼21일 74개 기관 채권 관련 종사자 100명을 대상으로 한 설문에서 응답자 99%가 이달 기준금리 동결을 전망했다. 이번에 동결이면 기준금리는 작년 6월 0.25%포인트 인하된 이래 14개월째 제자리를 지키게 된다. 한은은 28일 국회 현안보고에서 북한 관련 지정학적 리스크와 미·중과 교역여건 악화 우려로 성장경로 불확실성이 높다고 밝혔다. 지난달 금통위 때 진단에 비해 반 발짝 물러난 태도다. 올해 성장률도 추경을 하더라,,,
392,91b6497df657,2016-08-29,연합뉴스,통신사/방송,물가_인상,"뉴욕증시, 미 금리 인상 경계 속 소폭 상승 출발","(뉴욕=연합뉴스) 신은실 연합인포맥스 특파원 = 뉴욕증시는 29일 미국 기준금리 인상 경계 속에 소폭 상승 출발했다. 오전 9시35분(미 동부시간) 현재 다우존스 30 산업평균지수는 전장보다 65.33포인트(0.36%) 상승한 18,460.73을, 스탠더드앤드푸어스(S&P) 500 지수는 6.87포인트(0.32%) 높은 2,175.91을 각각 나타냈다. 시장은 이날 발표되는 경제 지표와 지난주 있었던 재닛 옐런 연방준비제도(Fed·연준) 의장을 비롯한 연준 위원들의 잭슨홀 심포지엄 발언을 주목하고 있다. 옐런 의장은 기준금리 인상을 위한 근거가 강화되고 있다고 진단했지만, 기준금리 인상 시기에 대해서는 언급하지 않았다. 같은 날 스탠리 피셔 연준 부의장은 CNBC와의 인터뷰에서 9월 기준금리 인상도 가능할 ",,,
393,5569b612bdde,2024-02-21,서울경제,경제지,반도체_수출,수출액 8% 줄었지만…반도체는 40% 늘어,"◆관세청, 2월 1~20일 수출입현황 무역수지 12억弗 적자 보여 조업일수 고려 수출 9.9% ↑ 정부 ""월말 수출·무역수지 개선"" [서울경제] 이달 20일까지 수출액이 조업일수 감소와 중국 춘절 연휴 영향 등으로 8% 가까이 줄어든 것으로 나타났다. 다만 반도체 수출은 40% 가까이 늘어나는 등 호조세를 이어갔다. 21일 관세청에 따르면 이달 1~20일 수출은 전년 같은 기간보다 7.8% 감소한 307억 달러로 집계됐다. 무역수지는 12억 달러 적자를 기록했다. 다만 조업일수를 고려한 하루 평균 수출은 23억 6000만 달러로 9.9% 늘었다. 지난해에는 조업일수가 15.5일이었지만 올해는 설 연휴 영향 등으로 13.0일에 불과한 점이 영향을 미쳤다. 조업일수 감소에도 반도체 수출은 39.1% 증가했다. ",,,
394,2a7b1ae28146,2023-08-18,동아일보,보수,국채_금리,"국채금리 어디까지 오르나…뉴욕증시, 일제히 하락","치솟는 국채금리에 뉴욕증시가 맥을 못 추고 있습니다. 17일(현지시간) 뉴욕증시 3대 지수는 사흘 연속 하락을 기록했는데요. 다우지수 -0.84%, S&P500 -0.77%, 나스닥 -1.17%로 장을 마감했습니다. 이날 미국 10년물 국채 금리는 전날 4.258%에서 4.307%로 상승했는데요. 2007년 이후 최고 종가 입니다. 30년 만기 국채 금리 역시 4.411%로 상승해 12년 만에 최고치를 기록했고요. 이날 국채 금리 급등은 미국 경제가 상당히 강하다는 걸 보여주는 신호 가 나왔기 때문인데요. 일단 미국 노동부가 발표한 지난주 신규 실업수당 청구 건수가 23만9000건으로 예상치(24만건)를 밑돌았습니다. 여전히 고용시장이 뜨겁다는 뜻이죠. 또 월마트 분기 매출이 6.4% 증가해, 월가 예상치(",,,
395,aeac30d33022,2018-08-31,한국경제,경제지,부동산가격,"한은, 9개월째 금리 연 1.50%로 동결…경제지표 부진 여파(종합)",한국은행이 8월 금융통화위원회(금통위)에서 기준금리를 연 1.50%로 동결했다. 지난해 11월 6년5개월 만에 금리를 0.25%포인트 인상한 후 9개월 연속 동결 기조를 유지했다. 지난달 금통위에서 금리 인상 소수의견이 나왔지만 예상보다 심각해진 국내 경기 상황과 대외악재가 결정적인 변수로 작용한 것으로 풀이된다. 한은은 31일 오전 서울 중구 태평로 한은 본부에서 이주열 총재 주재로 금통위 회의를 개최하고 기준금리를 연 1.50%로 유지했다. 이로써 한은은 여섯 번 연속 금리를 동결했다. 지난달 이일형 금통위원이 0.25%포인트 인상 소수의견을 냈지만 이달에도 금통위는 금리를 동결했다. '고용쇼크'를 비롯한 국내 경기 악화와 미중 무역분쟁 등 대외변수가 이번 동결 결정에 영향을 미친 것으로 시장에서는 분석,,,
396,e454ffcd1052,2023-08-07,한국경제,경제지,최저임금,'근로자 보호 정책'은 왜 실업을 늘어나게 할까,"도일자리 할당과 탐색 이론…실업이 생기는 이유 최저임금과 강성 노조 입김에 임금이 균형점보다 높아지면 노동공급 늘고 수요는 줄어 사회적 약자 기회부터 박탈 실업급여, 취업 욕구 약화시켜 실직 장기화 초래 부작용 최저임금제, 노동조합, 실업급여는 모두 근로자 보호를 위한 정책 도구다. 최저임금이 있기에 일정 수준 이상의 급여를 보장받을 수 있고, 노조는 고용주의 부당한 횡포에 맞서는 방패가 될 수 있다. 실업급여는 실직에 따른 위험을 줄여준다. 그러나 최저임금, 노조, 실업급여는 뜻하지 않은 부작용을 낳기도 한다. 일자리를 줄이고 실업을 늘리는 것이다. 노동 약자를 위한 제도가 어째서 실업을 유발하는 것일까. 실업이 발생하는 이유를 설명하는 이론인 일자리 할당 이론과 일자리 탐색 이론을 바탕으로 살펴보자. 월",,,
397,5184ca9053a0,2020-09-02,매일경제,경제지,환율_달러,"삼성證, 18일까지 해외직구족에 환율 우대 이벤트","삼성증권이 해외 주식 온라인 투자자를 위해 환율 우대 이벤트 '해외 주식으로 부귀원화하라' 이벤트를 18일까지 진행한다고 밝혔다. 해외 주식 온라인 첫 거래 고객을 대상으로 진행되는 부귀원화 이벤트는 해외 주식을 온라인으로 100만원 이상 첫 거래 때, 추첨을 통해 총 50명에게 원·달러 환전 시 999원의 환율을 적용해 환전할 수 있는 혜택을 제공한다. 가령 환전 당시 환율을 1달러당 1200원으로 가정하고 이벤트에 당첨된 고객이 100만원을 달러로 환전한다면 일반 고객은 833달러를, 해당 이벤트에 당첨된 고객은 1001달러를 환전받을 수 있다. 해당 고객은 차액인 168달러만큼 페이백을 받을 수 있다. [",,,
398,8cda463d9686,2023-08-26,연합뉴스,통신사/방송,물가_인상,"""기존 메시지와 동일하다""…'물가잡기' 목표 재확인한 파월","매파적 입장 고수했지만 시장 전망과 대체로 일치 평가 ""향후 회의서 각종 경제 수치·전망·위험 요인 면밀 검토"" (뉴욕=연합뉴스) 고일환 특파원 = 전 세계 경제·금융계가 주목하는 잭슨홀 연설에서 제롬 파월 미국 연방준비제도(Fed·연준) 의장의 첫마디는 ""올해 연설이 좀 길 수는 있지만 메시지는 동일하다""는 것이었다. 그러면서 인플레이션 물가상승률을 2%로 떨어뜨리는 것이 연준의 정책목표이고, 연준은 이 목표를 달성하기 위해 해야 할 일을 하겠다고 덧붙였다. 연준이 물가를 끌어내리기 위해 기준금리를 22년 만에 가장 높은 수준인 연 5.25∼5.50%로 올렸지만, 필요할 경우 추가로 금리를 올릴 수 있다는 것이다. 그는 ""적절하다고 판단되면 우리는 기준금리를 추가로 올릴 준비가 돼 있다""고 못을 박았다. ",,,
399,565c76bd765a,2022-03-03,연합뉴스,통신사/방송,물가_인상,"연준 ""미 기업들, 향후 몇 달간 추가 물가상승 예상""","베이지북 공개…""연초 미 경제 완만 또는 보통 수준 성장"" (뉴욕=연합뉴스) 강건택 특파원 = 미국의 기업들은 당분간 물가가 더 오를 것으로 예상하는 것으로 나타났다. 미 중앙은행인 연방준비제도(Fed·연준)는 2일(현지시간) 공개한 경기동향 보고서 '베이지북'을 통해 ""소비자들에게 부과되는 가격이 미 전역에서 왕성한 속도로 상승했다""며 ""기업들은 앞으로 여러 달에 걸쳐 추가 가격상승이 나타날 것으로 예상했다""고 밝혔다. 기업들은 이러한 생산비용 상승분을 계속 소비자들에게 전가하고 있다고 베이지북은 전했다. 생산비용 상승은 대부분 운송비 때문이라고 미 기업들은 전했다. 이와 함께 인건비 상승과 원자재 부족 현상이 계속되면서 물가에 상방 압력을 가하고 있다는 것이다. 부족한 인력을 채우기 위해 올해 내내 임금",,,
400,dbad50f57df8,2018-09-02,연합뉴스,통신사/방송,최저임금,"경기도, 최저임금 인상 등 대응 중소기업 지원자금 확대","운전자금 1천200억 증액…총 중기 육성자금 1조9천200억 (의정부=연합뉴스) 권숙희 기자 = 경기도는 최저임금 인상 등으로 어려움을 겪는 도내 중소기업과 소상공인을 지원하기 위해 중소기업 육성자금 중 운전자금을 1천200억원 증액 운용하기로 했다. 도는 원부자재 비용, 물품구매비 등을 지원하는 운전자금 규모를 당초 7천억원에서 8천200억원으로 1천200억원 늘렸다고 2일 밝혔다. 최저임금 인상과 근로시간 단축 등으로 기업들의 자금 수요가 급격히 증가한 데 따른 조치이다. 이에 따라 이 운전자금과 창업 및 경쟁력 강화자금을 포함한 도의 올해 중소기업 육성자금은 1조8천억원에서 1조9천200억원(운전자금 8천200억원, 창업 및 경쟁력 강화자금 1조1천억원)으로 늘었다. 도는 앞서 지난 7월에도 올해 창업",,,
401,34983d7b09fc,2023-08-22,연합뉴스,통신사/방송,가계부채,"野 ""경제 폭망, 석고대죄하라"" 秋 ""가계부채 1위는 전 정부 탓""(종합)","기재위서 공방… 野 ""재정 가장 필요한 시기"" 與 ""재정 철학 달라"" (서울=연합뉴스) 곽민서 기자 = 22일 국회 기획재정위원회 전체회의에서는 정부의 재정정책과 가계부채 등을 둘러싸고 야당과 정부간 공방이 이어졌다. 더불어민주당 정태호 의원은 이날 전체회의에서 ""우리나라 경제성장률이 25년 만에 일본에 역전당할 것이란 전망이 나온다""며 ""국민들은 경제가 '폭망'하는 것 아니냐 생각할 수 있다""고 포문을 열었다. 정 의원은 ""재정이 가장 필요한 경기 침체기에 정부는 적극적으로 움직이지 않고 감나무 밑에서 홍시가 떨어지기만 기다린다""고 비판했다. 같은 당 김태년 의원은 ""최근 경제 성장에 있어서 정부가 마이너스, 역(逆) 기여를 하고 있다. 작년부터 계속 입에 달고 사는 감세와 긴축에만 몰두한 결과""라고 쏘아",,,
402,0cff60c54613,2023-02-22,경향신문,진보,국채_금리,"뉴욕증시, 국채금리 상승에 2%대 하락···S&P 한 달 만에 4000 하회","미국 뉴욕증시가 국채금리 상승, 대형 유통업체의 부진한 실적 전망 등에 영향받아 크게 하락했다. 뉴욕증권거래소(NYSE)에서 21일(현지시간) 다우존스30산업평균지수는 전장보다 697.10포인트(2.06%) 내린 33129.59에 장을 마감했다. 스탠더드앤드푸어스(S&P)500지수는 전장보다 81.75포인트(2.00%) 밀리며 3997.34로 거래를 마쳤다. S&P 지수가 4000 아래서 마감한 것은 지난달 20일(3972.61) 이후 한 달 만이다. 기술주 중심의 나스닥지수는 294.97포인트(2.50%) 하락한 11492.30에 장을 마감했다. 국채금리가 강하게 오르면서 투자심리가 위축됐다. 미국 2년물 국채금리는 전장 대비 0.10%포인트 이상 오른 4.74%까지 상승했고, 10년물 국채금리는 0.13",,,
403,6a7de8bdcf4f,2019-07-01,연합뉴스TV,통신사/방송,수출입동향,"산업부, 6월 수출입동향 발표…점검회의도 열려 外","[AM-PM] 산업부, 6월 수출입동향 발표…점검회의도 열려 外 오늘 하루 주요 일정을 살펴보는 보도국 AM-PM입니다. 오늘 주요 일정 함께 보시죠. 산업통상자원부가 지난달 우리나라의 수출입동향을 발표합니다. 앞서 관세청이 발표한 '6월 1∼20일 수출입현황'에 따르면 수출액은 272억700만 달러로 전년 동기 대비 10% 줄어 7개월 연속 감소가 유력한 상황입니다. 이와 관련해 오후 2시부터는 무역보험공사에서 산업부 장관이 참석하는 수출상황점검회의도 열릴 예정입니다. 문희상 국회의장과 여야 5당 대표가 오늘 국회에서 월례 모임인 초월회를 열고 정국 상황에 대해 논의합니다. 이번 회동에는 더불어민주당 이해찬과 바른미래당 손학규, 민주평화당 정동영, 정의당 이정미 대표를 포함해 국회 파행 이후 불참했던 자유",,,
404,05e2bc335a41,2016-08-26,SBS,통신사/방송,부동산_대출,가계빚 또다시 최대치…'부동산 대출' 추가 규제,"<앵커> 우리나라 가계 부채가 1,257조 원으로 또다시 사상 최대치를 기록했습니다. 정부가 주택 공급을 줄이고 부동산 대출을 어렵게 하는 내용의 대책을 내놨습니다. 손승욱 기자입니다. <기자> 금리가 낮아졌지만 서민들의 은행 대출 문턱은 여전히 높습니다. [박창규/시장 상인 : (시중은행에서는) 대출이 쉽지가 않으니까. (시중은행 대출) 그거 다 쓰고 나면 또 제2금융권, 제3금융권 찾게 되는 거죠.] 실제로 지난 2분기 제2금융권 대출은 10조 4천억 원으로 지난해 2분기보다 배나 많았습니다. [조영무/LG경제연구원 연구위원 : 상환 능력이 취약한 계층이 비은행권으로 밀려나고 비은행권 대출을 많이 늘리고 있는데요. 대출조건이 좋지 못하고 금리도 높고….] 전체 가계빚도 빠르게 늘면서 사상 최대인 1,25",,,
405,2abb3935a377,2020-08-31,한겨레,진보,가계부채,주담대 막히자…전세·신용 등 ‘우회대출’ 작년보다 30조 늘어,"올해 1~7월 가계부채 현황 분석 신용 12조·전세 18조·개인사업자 32조 “주택 구입자금 부족분 메운 듯” 올해 1~7월 은행권의 가계대출 순증가액 중에서 신용대출과 전세자금대출이 지난해 같은 기간에 견줘 큰 폭으로 늘어난 것으로 나타났다. 이는 정부가 주택시장 안정을 위해 주택담보대출(주담대) 중심으로 규제를 강화하자 다른 대출 통로로 우회해 주택 구입 자금을 마련했음을 보여주는 것으로 해석된다. <한겨레>가 31일 금융위원회·금융감독원과 한국은행이 공개한 가계부채 현황 자료를 토대로 분석해보니, 은행권 신용대출은 올해 1~7월 중 12조6천억원이 증가했다. 이는 지난해 같은 기간의 5조원보다 7조6천억원이나 많은 것이다. 시중은행 관계자는 “정부가 주택 담보인정비율(LTV) 규제를 강화하자 주택 구입",,,
406,ed8a6fc1b2e4,2025-09-04,연합뉴스TV,통신사/방송,경상수지,7월 경상수지 107.8억 달러 흑자 '역대 최대'…27개월 연속 흑자,"우리나라 경상수지가 역대 최대 흑자를 기록했습니다. 오늘(4일) 한국은행에 따르면, 지난 7월 경상수지는 107억8천만 달러 흑자를 나타냈습니다. 2000년대 들어서 두 번째로 긴 흑자 흐름이자, 7월 기준으로 역대 최대 흑자 폭입니다. 가장 많은 비중을 차지하는 상품수지는 102억7천만 달러 흑자를 기록했는데, 7월 기준으로 역대 3위 규모입니다. 상품수지의 수출은 597억8천만 달러로 작년 같은 기간에 비해 2.3% 증가했고, 수입은 495억1천만 달러로 0.9% 감소했습니다. 통관 기준으로 보면, 수출은 반도체와 선박 등의 호조로 608억1천만 달러를 기록하며 작년보다 5.8% 늘어났습니다. 품목별로는 반도체(+30.6%)와 선박(+114.0%)의 수출이 크게 늘었습니다. 수입도 자본재(+6.2%)와 ",,,
407,9677a01ce172,2017-03-04,국민일보,기타,최저임금,"유일호 “사회적 책무 위반하는 공공기관, 성과급 하향조정”","정부가 공공기관의 사회적 책임에 대한 평가를 강화할 방침이다. 유일호 경제부총리 겸 기획재정부 장관은 4일 서울지방조달청에서 열린 ‘2017년 공기업·준정부기관 경영평가단 워크숍’에 참석해 “최저임금 미준수, 고용차별, 불공정거래 행위 등 중요한 사회적 기본책무를 위반하는 기관에 대해서는 평가등급 및 성과급을 하향조정할 수 있도록 했다”고 밝혔다. 유 부총리는 이날 행사에서 평가단장을 맡은 박순애 서울대 행정대학원 교수와 평가위원에게 위촉장을 수여하고 방침을 설명했다. 올해 공공기관 경영평가단은 운영의 효율화 차원에서 역대 최소 규모인 100여명의 위원으로 구성됐다. 이어 유 부총리는 “불확실성이 큰 시기일수록 공공기관의 역할이 중요한만큼 공공기관이 경영효율을 높이고 경제회복 및 일자리 창출에 기여할 수 있",,,
408,b8f7a2665152,2024-08-11,연합뉴스,통신사/방송,국채_금리,'70조 효과' 세계국채지수 편입 내달 시험대…불발땐 내년 3월로,"편입땐 추종자금의 2%, 최소 70조원 유입…제도개선 '필요 요건' 충족 ""제도개선, 투자자 체감까진 시간 필요""…내년으로 늦춰질 가능성도 (세종=연합뉴스) 이준서 기자 = 한국이 세계 3대 채권지수인 세계국채지수(WGBI·World Government Bond Index)에 편입될지 여부가 다음 달 결정된다. 우리나라가 2022년 9월 관찰대상국(Watch List) 지위에 오른 지 2년가량 지난 데다, 국채시장 접근성을 높이는 제도적 기반을 사실상 완비했다는 점에서 이번에는 편입 가능성이 작지 않다는 관측이 나온다. WGBI를 관리하는 영국 런던 증권거래소그룹 산하 '파이낸셜타임스 스톡익스체인지(FTSE) 러셀'은 9월 중으로 FTSE 채권시장 국가분류를 발표한다. 편입이 결정되면 실제 지수 편입까지 6",,,
409,b73e20e4edbb,2018-08-23,연합뉴스,통신사/방송,환율_달러,브라질 헤알화 환율 '대선 부담'에 고공비행…달러당 4.056헤알,상파울루 증시 보베스파 지수는 모처럼 급반등 (상파울루=연합뉴스) 김재순 특파원 = 브라질 헤알화 환율이 연일 상승세를 거듭하고 있다. 22일(현지시간) 미국 달러화 대비 헤알화 환율은 전날보다 0.46% 오른 달러당 4.056헤알에 마감됐다. 헤알화 환율은 이날까지 최근 6거래일 연속 올랐다. 그만큼 헤알화 가치가 떨어진 것이다. 이날 헤알화 환율은 지난 2016년 2월 16일의 4.071헤알 이후 최고치다. 전날에는 2.01% 오른 달러당 4.037헤알에 마감되며 지난 2016년 2월 29일의 달러당 4.004헤알 이후 30개월 만에 처음 4헤알 선을 돌파했다. 외환 전문가들은 글로벌 무역전쟁이나 미국 금리 인상 등 외부 요인보다는 10월 대선을 둘러싼 불확실성을 헤알화 환율 상승의 주요인으로 꼽고 있다,,,
410,1ce3f0b77415,2016-08-25,연합뉴스,통신사/방송,가계부채,가계부채 1천250조 돌파…상반기 54조 늘어 사상 최대,"6월말 1천257.3조…2금융권 분기 10조원 늘어 최대폭 증가 (서울=연합뉴스) 김지훈 기자 = 올 상반기 국내 가계의 빚이 54조원 이상 증가해 총액이 1천260조원에 육박하는 사상 최대 행진을 이어갔다. 정부가 대출심사를 강화하는 여신심사 가이드라인을 시행했지만 2금융권의 가계대출이 2분기에만 사상 최대인 10조원 넘게 폭증하는 등 '풍선효과'가 더욱 커졌다. 한국은행은 2분기 말 현재 가계신용 잔액이 1천257조3천억원으로 집계됐다고 25일 발표했다. 이는 한국은행이 가계신용 통계를 작성하기 시작한 2002년 4분기 이래 잔액기준으로 최대 규모다. 가계신용은 가계가 짊어진 빚이 얼마나 되는지를 보여주는 통계다. 가계가 은행이나 보험, 대부업체, 공적금융기관 등 금융회사에서 받은 대출뿐 아니라 결제 전",,,
411,bb600a56fe96,2020-02-12,한국경제TV,경제지,반도체_수출,ICT 수출 15개월째 내리막…반도체 3.3% 감소하며 1년 만에 '한 자릿수대',"-1월 ICT 수출 134억달러…45.8억달러 흑자 -반도체·DP·휴대폰 주력품 전년비 7.2% 감소 -반도체 수출 감소 12개월만에 한 자릿수대 -신종코로나 변수 속 올해 ICT 수출 상승 기대 1월 정보통보통신기술ICT) 수출이 설 연휴에 따른 조업일수 감소와 중국 공급 과잉, 주력 품목 부진 등의 영향으로 14개월째 감소했다. 반도체와 디스플레이, 휴대폰 등 ICT 3대 주력품의 1월 수출 역시 동반 감소한 가운데 반도체는 12개월 만에 한 자릿수대 감소를 나타내며 반등의 여지를 남겼다. 12일 산업통상자원부에 따르면 2020년 1월 정보통신기술(ICT) 수출액은 134억달러, 수입액은 88억2천만달러, 무역수지는 45억8천만달러 흑자로 잠정 집계됐다. ICT 수출은 3대 주력품목인 반도체가 전년동기대",,,
412,144e5d2a5cff,2022-03-03,서울경제,경제지,가계부채,"저축은행, 자영업자대출 일년 만에 45% 증가","[서울경제] 지난해 저축은행의 개인사업자대출이 45% 급증한 것으로 드러났다. 시중은행보다 금리가 높은 데 금리 상승기까지 겹치면서 가계부채의 뇌관으로 작용할 수 있다는 우려가 나온다. 3일 국회 정무위원회 소속 강민국 국민의힘 의원이 금융감독원에서 받은 자료에 따르면 지난해 말 저축은행의 개인사업자대출은 28만7790건, 19조4850억원으로 집계됐다. 저축은행의 개인사업자대출은 지난 2018년, 2019년 모두 13조 원대 규모로 취급됐다. 그러다 지난해 말 6조 원가량(45.1%)이 급증한 것이다. 지역별로 보면 경기도가 18조5835억 원으로 개인사업자 대출이 가장 많았다. 이어 서울 17조 8532억 원, 인천 5조 4522억 원 순이다. 이들 지역 저축은행이 자영업자를 상대로 더 공격적인 대출 영",,,
413,db8476ff0680,2017-12-29,연합뉴스,통신사/방송,가계부채,"""가계부채 많을수록 금리인상 시 소비 크게 줄어""","한은 보고서…""통화정책 결정 시 경기 상황에 유의해야"" (서울=연합뉴스) 김수현 기자 = 가계부채 수준이 높을수록 금리를 올릴 때 총수요·소비가 큰 폭으로 줄어든다는 한국은행 내부 분석이 나왔다. 한은이 6년 5개월 만에 기준금리를 인상한 상황에 한은 안에서 금리 인상의 부정적 효과를 다루는 보고서가 나온 것이다. 한은이 29일 발간한 BOK 경제연구 '가계부채 수준에 따른 통화정책의 파급효과'에서 김영주 연구위원과 임현준 연구위원은 1984∼2015년 경제협력개발기구(OECD) 28개국을 대상으로 분석한 결과 ""가계부채 수준이 높으면 금리 인상 시 경기조절 효과가 큰 것으로 나타났다""고 밝혔다. 이는 금리를 인상하면 이자 부담이 가중되는 가구가 많아 소비를 줄이는 방식으로 대응하는 경우가 많아서다. 아울러",,,
414,e2acd545d7ca,2018-06-17,연합뉴스,통신사/방송,가계부채,지난해 가계부채 증가속도 세계 3위…가처분 소득의 1.6배,"가계 빚이 GDP의 95%…국내 전체 경제규모 육박 (서울=연합뉴스) 최윤정 김수현 기자 = 지난해 한국 가계부채가 주요 43개국 중 세 번째로 큰 폭으로 늘었다. 가계의 벌이보다 빠르게 증가하며 처분가능소득의 1.6배 규모로 불어났다. ◇ 소득보다 빨리 느는 가계 빚 17일 국제결제은행(BIS)과 한국은행 경제통계시스템을 보면 작년 말 한국 가계신용은 가계 처분가능소득의 159.8%를 기록했다. 이는 1년 전보다 5.2%포인트 높은 수준이다. 정부 규제에도 불구하고 가계부채가 소득보다 거의 두 배 빠르게 증가해서다. 지난해 가계신용은 108조3천여억 원(8.1%), 가계 처분가능소득은 39조3천억 원(4.5%) 늘었다. 처분가능소득 대비 가계신용 비율은 지난 3년간 23.4%포인트 치솟았다. 지난해 상승폭",,,
415,2e901fc36710,2026-02-26,연합뉴스,통신사/방송,경기침체,"아르헨, 4%대 성장에도 체감경기 냉랭…내수침체속 제조업 타격","농업·광업이 성장 견인…제조·유통은 역성장 아르헨 밀레이식 물가안정과 경제성장은 '고용 없는 성장의 역설' (부에노스아이레스=연합뉴스) 김선정 통신원 = 작년 아르헨티나 경제가 약 4.4% 성장하며 지표상 회복세를 보였지만, 내수 침체와 제조업 붕괴가 이어지면서 국민 체감경기는 오히려 악화하고 있다. 수출 주도산업이 성장률을 끌어올린 반면, 고용과 직결된 내수 산업은 급격히 위축되는 양극화 구조가 고착화되고 있다는 분석이 나온다. 24일(현지시간)자 아르헨티나 국립통계청(INDEC) 발표에 따르면, 2025년 성장의 핵심 동력은 농업·광업·금융 분야였다. 농업 및 축산업은 전년 대비 32% 이상 급증했고, 어업은 18.1%, 금융중개는 14.1% 그리고 리튬과 천연가스 개발 확대에 힘입은 광업·에너지 부문도",,,
416,383edd8ec174,2017-09-03,한겨레,진보,부동산가격,8·2 대책 이후 강남권 재건축 첫분양 촉각,"[한겨레] 서초 신반포센트럴자이 7일 1순위 청약 분양가 3.3㎡당 4250만원… 주변 시세보다 낮아 투기과열지구 지정 따라 가점제 적용 확대 입주 때까지 전매제한, 떳다방 불법전매 우려도 정부, 분양가 상한제 재도입 앞두고 예의주시 ‘8·2 부동산 대책’ 으로 서울 강남권이 투기과열지구·투기지역으로 지정된 뒤 처음 공급되는 재건축 아파트 일반분양에 눈길이 쏠리고 있다. 대책 이후 강남권 청약시장의 첫 반응을 확인해볼 수 있는데다, 흥행 여부가 분양을 앞둔 강남권 다른 재건축 단지에도 영향을 끼칠 것으로 보인다. 3일 금융결제원 등에 따르면, 서초구 ‘신반포6차’를 재건축한 지에스(GS) 건설의 ‘신반포센트럴자이’ 일반분양 1순위 청약이 오는 7일 이뤄진다. 일반분양은 전체 757가구 가운데 59~114㎡ ",,,
417,adbbfcc0793c,2019-02-28,조선일보,보수,부동산가격,"年7% 수익, 마트가 부동산 투자도 합니다","'홈플러스 리츠' 다음달 상장… 장 보던 마트가 부동산 임대사업 다음 달 29일 유가증권시장 상장을 앞둔 '홈플러스 리츠'가 28일부터 기관투자자들을 상대로 수요 예측에 돌입한다. 홈플러스 리츠는 전국에 있는 51개 홈플러스 매장을 기초 자산으로 해서 여기서 나오는 임대 수익 등을 투자자들에게 배당으로 돌려준다. 전체 공모 금액만 1조5650억~1조7274억원에 달한다. 이는 2017년 5월 상장한 넷마블(공모 금액 2조6617억원) 이후 가장 큰 공모 규모다. 리츠(REITs)는 다수의 투자자로부터 자금을 모아 부동산에 투자하고, 임대나 매각 등으로 수익이 나면 투자자에게 돌려주는 주식회사를 가리키는데, 증시에 상장되면 일반 주식처럼 쉽게 사고팔 수 있다. 리츠의 최근 연평균 배당률이 7~8%에 달해 투자",,,
418,3a7b2c55dbcc,2021-03-03,한국경제,경제지,부동산가격,속도내는 노량진뉴타운…'알짜' 3구역 승인,"서남부권 새 주거타운 기대 8개 구역 9116가구 건립 사업 '관리 처분' 6구역 가장 빨라 3·5구역 ""연내 시공사 선정"" 전용 84㎡ 입주 물건 11억~13억 서부선 경전철 2023년 착공 장승배기역 인근에 행정타운 서울 서남부권 요지로 평가받는 동작구 노량진뉴타운의 재개발 사업이 속도를 내고 있다. 가장 속도가 빠른 6구역이 관리처분인가를 받은 데 이어 3구역과 5구역이 나란히 사업시행인가를 받아 시공사 선정에 나선다. 총 8개 구역 중 7곳이 관리처분인가를 받았거나 관리처분을 준비하고 있다. 서울 아파트 공급이 충분하지 않은 상황에서 핵심 위치에 대규모 주거타운이 가시화되면서 일대 부동산 가격도 들썩이고 있다. 노량진 3, 5구역 사업시행인가 3일 노원구에 따르면 노량진 3구역과 5구역은 지난달 27",,,
419,c1909c53468c,2019-09-01,연합뉴스,통신사/방송,가계부채,'은성수號' 금융위 곧 출항…사모펀드 논란 정면돌파,"활성화 유지, 보완책 모색…""'조국펀드' 의혹 사실관계 파악"" 청문보고서 내일 채택될듯…野 ""정책소신·개혁의지 아쉽다"" (서울=연합뉴스) 홍정규 성서호 기자 = '은성수 체제'의 금융위원회 출범이 확정됐다. 당장 눈앞에 닥친 '사모펀드 논란'은 정면 돌파할 태세다. 1일 금융권에 따르면 국회 정무위원회는 오는 2일 전체회의를 열어 은성수 금융위원장 후보자에 대한 인사청문보고서를 채택할 예정이다. 더불어민주당 간사 유동수 의원은 '적격' 의견의 보고서 초안을 야당들에 보냈다. 자유한국당 간사 김종석 의원은 ""내일 보고서 채택을 협의 중""이라고 말했다. 바른미래당 간사 유의동 의원도 ""채택에 어려움은 없을 것""이라고 했다. 지난달 29일 청문회에서 은 후보자의 결격사유는 발견되지 않았다는 게 여야의 공통된 견해",,,
420,9324b0cc3c00,2024-02-17,한국경제,경제지,GDP_성장률,GDP 역전,"1960년대 욱일승천하던 일본을 얘기할 때 빼놓을 수 없는 두 사건이 있다. 하나는 아시아 최초의 올림픽인 1964년 도쿄올림픽이다. 신칸센 개통, 컬러TV 방송 등 전후 일본 현대사 최대 이벤트였다. 중국은 일본을 견제하기 위해 올림픽 기간에 핵실험을 했다. 또 하나는 1968년, 서독을 제치고 국내총생산(GDP) 세계 2위로 올라섰다. 서방의 ‘경제적 동물’이란 비난에도 아랑곳하지 않고 초고속 성장을 지속한 ‘메이드 인 재팬’ 파워였다. 일본의 G2(주요 2개국) 위상은 이후 42년간이나 지속하다가 2010년 중국에 그 자리를 뺏겼다. 파죽지세 중국 경제가 미국을 넘어서는 것은 시간문제일 뿐이라는 전망이 곳곳에서 대두됐다. 그러나 미국은 ‘넘사벽’이었다. 중국 GDP는 2021년 미국의 75.2% 수준까",,,
421,e3a965be1883,2018-02-28,동아일보,보수,기준금리,韓銀 기준금리 1.5%로 동결… 美와 금리역전 예고,"[동아일보] 이주열 총재, 금통위 마지막 주재 이주열 한국은행 총재가 마지막으로 주재하는 금융통화위원회(금통위)가 기준금리를 연 1.50%로 동결했다. 다음 달 미국이 시장의 예상대로 금리를 올리면 양국의 정책금리가 10년여 만에 역전된다. 이에 따라 금리 결정에 대한 한은의 고민이 커질 것으로 보인다. 한은 금통위는 27일 서울 중구 태평로 한은본부에서 회의를 개최하고 만장일치로 기준금리를 연 1.50%로 동결했다. 지난해 11월 금리를 0.25%포인트 올린 이후 두 번째 동결 결정이다. 한은은 이날 금리를 동결한 배경에 대해 “국채 금리가 상승하고 주가가 하락하는 등 국제 금융시장 변동성이 크게 확대됐다. 국내 경제는 성장세를 이어갔지만 소비자물가는 오름세가 둔화됐다”고 설명했다. 미국의 보호무역주의가 ",,,
422,6de97509c494,2026-02-06,연합뉴스TV,통신사/방송,경상수지,"반도체 호조 힘입어 작년 경상흑자 1,230억달러 '역대 최대'","지난해 연간 경상흑자가 수출 규모 증가에 힘입어 1,230억달러를 돌파해 역대 최대 흑자를 기록했습니다. 오늘(6일) 한국은행이 발표한 '2025년 12월 국제수지'에 따르면, 지난해 경상수지는 1,230억5천만달러 흑자를 보였습니다. 한은의 작년 11월 전망치(1,150억달러)보다도 80억달러 이상 많습니다. 지난해 12월 경상수지는 187억달러로, 월별 기준으로 역대 최대를 기록했습니다. 가장 큰 비중을 차지하는 상품수지 중에서 수출은 지난해 같은 기간보다 13.1% 늘었습니다. 반도체 및 정보통신기기를 중심으로 호조세가 이어졌고, 비IT 품목 중에서도 기계류‧정밀기기, 의약품 등을 중심으로 늘면서 2개월 연속 증가세를 보였습니다. 품목별로는 통관 기준으로 반도체(43.1%)·컴퓨터 주변기기(33.1%)",,,
423,1e441049ea9b,2021-02-26,한국경제,경제지,기준금리,국고채 금리 뜨자…주택담보대출 금리 5개월 연속 오름세,"가계대출 금리가 5개월째 상승했다. 국채 금리가 오름세를 보이면서 주택담보대출 금리가 올라간 영향이다. 하지만 기업대출 금리는 대기업대출 금리를 중심으로 하락세를 나타냈다. 한국은행이 26일 발표한 '2021년 1월중 금융기관 가중평균금리'를 보면 지난 1월 가계대출(가중평균·신규취급액 기준) 금리는 연 2.83%로 전달보다 0.04%포인트 상승했다. 가계대출 금리는 지난해 8월(연 2.55%)에 저점을 기록한 이후 지난해 9월부터 올해 1월까지 5개월 연속 상승 곡선을 그렸다. 가계대출 금리를 밀어올린 것은 주택담보대출 금리다. 지난달 주택담보대출 금리는 전달보다 0.04%포인트 오른 연 2.63%로 다섯달째 상승했다. 송재창 한은 금융통계팀장은 ""주택금융공사의 정책자금 주택담보대출인 보금자리론 금리가 지",,,
424,4431109d68d2,2020-08-22,조선일보,보수,반도체_수출,"""3분기 반등"" 자신하더니… 8월 수출 7% 줄어","내수 빨간불에 수출도 부진 수해와 코로나 재확산으로 내수에 빨간불이 켜진 데 이어 수출도 부진의 늪에서 헤어나지 못하며 3분기 'V자 반등'의 희망이 멀어지고 있다. 21일 관세청에 따르면, 이달 들어 20일까지 수출액은 231억달러로 지난해 같은 기간 248억달러보다 17억달러(7%) 줄었다. 조업일수를 감안한 일평균 수출액은 3.7% 감소했다. 수입은 233억달러로 작년 동기 대비 34억달러(12.8%) 줄었다. 이 같은 추세가 월말까지 이어지면 수출 감소폭은 7월(-7.1%)과 비슷한 수준이 될 전망이다. 1963년 이후 56년 만에 최악의 수출 성적표를 거둔 지난 2분기(-16.6%)에 비하면 감소세가 다소 누그러졌지만, 전 세계 코로나 확산세가 꺾이지 않으면서 당초 기대했던 3분기 수출 반등도 나타",,,
425,d5d9e66b312f,2020-07-20,한국경제,경제지,최저임금,최저임금 인상에…'CU노무관리 앱' 인기,"뉴스카페 '퇴근해CU' 가입자 2배로 증가 점주들, 알바 급여 손쉽게 계산 올해 초부터 한 편의점의 가맹점을 운영해온 김민태 씨(63)는 최근 억울한 일을 겪었다. 한 달 동안 일하고 나서 ‘잠수’를 탄 아르바이트생이 며칠 전 “월급에 주휴수당이 포함되지 않았다”며 “주휴수당을 두 배로 주지 않으면 고용노동청에 고발하겠다”고 문자를 보낸 것이다. 수십 년간 회사원으로 일하다 정년퇴직한 김씨는 노무에 대해 아는 게 없었다. 며칠 밤을 고민했지만 물어볼 곳이 없었고, 신고당할까 봐 두려워 아르바이트생이 요구한 금액을 줬다. 그런데 알고 보니 아르바이트생은 1주일에 12시간만 일해 주휴수당 대상자(주 15시간 근무)가 아니었다. 편의점 가맹점주에게 가장 어려운 일 중 하나가 노무관리다. 노무 지식이 없는 다수 가",,,
426,b18c7b4055ac,2025-08-11,경향신문,진보,물가_인상,먹거리 물가 3.5% ‘껑충’…수산물·쌀·라면 등 상승 폭 커,"7월 식료품·비주류음료 물가 지수 폭염·폭우 지속에 가공식품 인상 탓 지난달 수산물·쌀·라면 등 먹거리 물가가 6~7%가량 크게 오른 것으로 집계됐다. 11일 통계청 국가통계포털 자료를 보면, 지난달 식료품·비주류 음료 물가 지수는 125.75로 지난해 같은 달보다 3.5% 상승했다. 이는 전체 소비자 물가 상승률(2.1%)보다 높은 것으로, 지난해 7월(3.6%) 이후 가장 높은 수준이다. 식료품·비주류 음료 물가 상승률은 지난해 말부터 지난 5월까지 2∼3%를 유지하다 최근 두 달 연속 3%대 중반을 기록했다. 폭염·폭우 등 이상기온 현상이 계속되고, 가공식품 출고가가 줄줄이 인상됐기 때문으로 풀이된다. 식료품 중에는 어류·수산의 물가 상승 폭이 7.2%를 기록했다. 2023년 7월(7.5%) 이후 2년",,,
427,6e8bb16d2642,2022-11-20,매일경제,경제지,가계부채,글로벌 집값도 추풍낙엽...日 “가계부채 많은 한국 가장 불안”,"美 10월 주택거래 5.9%감소 스웨덴집값 고점서 11%내려 주택대출금리 1년새 두배로 “가계부채 많은 한국영향 불안” 미국·유럽 등 주요 국가에서도 주택가격 하락세가 본격화되고 있다. 금리인상 등 금융긴축의 효과가 나타나고 있는 것으로, 글로벌 주택시장이 급속히 냉각될 경우 가계부채나 금융기관에도 영향을 미칠 수 있다는 염려가 나온다. 20일 니혼게이자이신문(닛케이)에 따르면 미국·영국 등 뿐아니라 스웨덴, 뉴질랜드 등 주요 국가에서 2020년 이후 금리인하 등으로 상승세를 탔던 집값이 내림세로 돌아서고 있다. 닛케이는 특히 미국·영국·독일 등은 이미 지난 여름부터 내림세로 전환했다고 진단했다. 미국 부동산중개인협회(NAR)는 10월 기존주택 매매 건수가 전월보다 5.9% 줄어든 443만 건(연율)으로 2",,,
428,1cfc52b5b3e9,2024-02-20,연합뉴스TV,통신사/방송,물가_인상,"한국노총, 올해 8.3% 임금 인상 요구…""물가폭등 반영""","한국노총은 중앙집행위원회를 열고 올해 요구할 임금 인상률을 8.3%로 확정했다고 밝혔습니다. 8.3%는 올해 경제성장률 전망치와 소비자물가상승률 전망치를 합한 기본임금 인상분 4.8%에 물가상승에 따른 실질임금 미반영분, 임금 불평등 해소를 위한 연대임금 조성분을 더한 수치입니다. 비정규직의 경우 정규직과 임금 격차를 줄이기 위해 인상률 8.3% 대신 정규직과 같은 월 정액임금 38만177원 인상을 요구하기로 했습니다. 한국노총은 향후 최저임금위원회가 올해 임금통계를 발표한 후 별도 의사결정기구를 통해 최저임금 인상 요구안도 결정해 발표할 예정입니다. 김종성 기자 ( ) #한국노총 #임금 #인상 연합뉴스TV 기사문의 및 제보 : 카톡/라인 jebo23",,,
429,ee4ac9567299,2025-02-25,한국경제,경제지,기준금리,"한은총재 ""기준금리 인하, 금통위원 전원 일치""","이창용 한국은행 총재는 ""금융통화위원 전원일치 의견으로 기준금리를 추가 인하했다""고 밝혔다. 이 총재는 25일 한은 금통위가 기준금리를 연 3.00%에서 2.75%로 0.25%포인트 인하한 후 기자간담회를 열어 ""올해 중 성장률이 크게 낮아질 것으로 전망했다""며 이같이 말했다. 이 총재는 ""외환시장 경계감이 여전하지만 물가상승률 안정세, 가계부채 둔화 흐름이 지속되고 경기가 크게 악화할 것으로 전망했다""며 ""기준금리 추가 인하로 경기 하방 압력을 완화하는 것이 적절하다고 판단했다""고 덧붙였다.",,,
430,cefe96d504a9,2024-02-21,한국경제TV,경제지,경기침체,"컨퍼런스보드 ""美 경기 침체 없어...성장 모드 지속""","미국 컨퍼런스보드(CB)가 2월 초 글로벌 경기 침체가 없을 것이라고 전망을 내놓은 후 이번에는 미국 경기 침체가 없을 것이라는 의견을 내놓았다. 20일(현지시간) 컨퍼런스보드는 앞으로 몇 달 동안은 주요 경제 생산이 완만하다는 지표가 계속 나오겠지만, 미국 경제가 침체가 빠질 것이라는 기존의 의견을 철회했다. 향후 경제활동을 가늠하는 지표인 LEI 지수는 23개월 연속 월간 하락세로 한 달만 더 지속된다면 2008년 글로벌 금융위기 당시의 기록적인 하락세와 같아진다. 해당 지표는 지난 1월 0.4% 하락한 102.7을 기록하며 코로나 19 대유행과 셧다운으로 미국이 침체기에 빠졌던 2020년 4월 이후 최저치를 기록한 바 있다. 하지만 해당 지수는 6개월 연율 하락세는 급격히 둔화됐으며, 성장률이 2022",,,
431,2cb309a01bd6,2020-08-27,매일경제,경제지,기준금리,"이주열 ""코로나19로 실물경기 충격 커지면 금리인하 적극 대응""","""코로나19 상황 현 수준 전제…올해 성장률 -0.2%→-1.3%로 하향"" 기준금리 지난달 이어 연 0.50% 유지…""금통위원 전원일치 결정"" 이주열 한국은행 총재는 27일 ""코로나19 재확산 정도가 크게 확대돼 국내 실물경기에 대한 충격이 커진다고 하면 통화정책 운용에 있어 적극 대응할 필요가 있다""는 입장을 밝혔다. 기준금리 추가 인하 가능성을 열어둔 셈이다. 일각에서는 현 기준금리가 이미 실효하한에 달한 것으로 보기도 한다. 실효하한은 유동성 함정이나 자본유출 등을 고려한 기준금리의 하한선이다. 이 총재는 이날 오전 서울 중구 한은 삼성본관에서 열린 금융통화위원회 전체회의 후 유튜브 생방송을 통해 가진 기자간담회에서 이같이 언급하며, 코로나19 재확산 확대에 ""금리 인하로 대응할 여지가 남아 있다""고 ",,,
432,7a30a8d4d548,2020-08-26,SBS Biz,경제지,기준금리,"코스피, 0.1% 상승 마감…내일 기준금리 동결 전망 우세",■ 경제현장 오늘 '마감시황' - 이영곤 하나금융투자 연구원 Q. 오늘(26일) 시장 상황 어땠습니까? - 거리두기 3단계 가능성에…코스피 혼조세 - 소비지표 부진에도…S&P·나스닥 사상 최고 Q. 오늘 우리 시장의 특징적인 업종과 종목은요? - 주목할만한 오늘의 업종·특징주는? - 굳건한 BBIG7? 2차전지·비대면 관련주↑ - 투자 확대 기대감↑…5G 관련주 강세 눈길 Q. 내일 투자 전망 어떻습니까? - 내일 한은 금통위 회의…투자전략은? - 美 잭슨홀 파월 연설…통화정책 향방 확인 - 변동성 확대 지속…종목별 위험 관리 필수 (자세한 내용은 동영상을 시청하시기 바랍니다.) 윤선영 기자( ) 언제어디서나 SBSCNBC [온에어click] 경제를 실험한다~ 머니랩 [네이버TV] 저작권자 SBS미디어넷 &,,,
433,2d00dbf43a70,2019-08-19,연합뉴스,통신사/방송,경기침체,경기침체 우려 진정…원/달러 환율 하락 출발,"(서울=연합뉴스) 김연숙 기자 = 19일 원/달러 환율이 하락 출발했다. 이날 서울 외환시장에서 원/달러 환율은 전 거래일 종가보다 2.3원 내린 달러당 1,208.5원에 거래를 시작해 오전 9시 30분 현재 1,210.25원을 나타냈다. 지난주 시장에서 고조됐던 글로벌 경기 침체에 대한 우려가 다소 진정되면서 위험 선호 심리가 살아난 점이 원/달러 환율에 하방 압력을 가했다. 지난 14일 일시적으로 역전됐던 미국 국채 2년물과 10년물 금리는 정상화됐고 역대 최저치로 떨어졌던 30년물 금리도 반등해 2%대를 회복했다. 미국의 7월 소매판매 등 지표가 시장 예상을 큰 폭으로 웃돌았고, 미국과 중국 간 무역 협상에 대한 기대는 조금씩 되살아나고 있다. 도널드 트럼프 미국 대통령은 조만간 시진핑 중국 주석과 전",,,
434,7bb1ec7f53d3,2018-10-15,경향신문,진보,부동산_대출,자영업대출 40%는 부동산업···5년간 70조원 늘어,"국내은행 개인사업자(자영업자) 대출에서 부동산업이 차지하는 비중이 40%에 달하는 것으로 나타났다. 대출금액은 최근 5년여간 70조원 급증해 대출 증가속도가 전체 자영업자 대출의 2배를 넘겼다. 15일 국회 기획재정위원회 소속 더불어민주당 김두관 의원이 한국은행으로부터 받은 국내은행 개인사업자 대출 현황을 보면, 올해 2분기 개인사업자 대출 총액은 302조1000억원으로 2013년 1분기(177조1000억원)보다 70.6%(125조원) 증가했다. 같은 기간 부동산업에 대한 대출금액은 50조2000억원에서 그 2.4배인 120조5000억원으로 140%(70조3000억원) 늘었다. 전체 개인사업자 대출에서 부동산업의 비중은 2013년 1분기 28%에서 2018년 2분기 40%로 급증했다. 개인사업자 대출 증가율",,,
435,e57dfe924dd5,2020-08-12,경향신문,진보,고용동향,취업자수 5개월 연속 줄었지만···고용 부진 차츰 완화되나,"7월 취업자수가 지난해보다 28만명 가량 감소했다. 코로나19가 크게 확산된 이후 5개월 연속 취업자수가 줄었다. 그러나 취업자수 감소폭이 3개월 연속 줄어드는 등 고용 부진이 조금씩 개선되고 있다고 정부는 평가했다. 12일 통계청이 발표한 ‘7월 고용동향’에 따르면 지난달 취업자수는 2710만6000명으로 지난해 7월보다 27만7000명 감소했다. 감소세는 3월(-19만5000명)과 4월(-47만6000명), 5월(-39만2000명), 6월(-35만2000명)에 이어 5개월째 이어졌다. 5개월 연속 취업자수 감소는 전세계 금융위기 직후인 2009년 1~8월 8개월 연속 줄어든 이후 최장 기간 감소다. 다만 감소폭은 3개월 연속 축소됐다. 15세 이상 고용률(60.5%)은 1.0%포인트 하락해 7월 기준으로",,,
436,91e0491e9d79,2024-02-27,서울경제,경제지,반도체_수출,"""중간재에 쏠린 아세안 수출…소비재 수출 확대도 필요""",한은 '대아세안5 수출 특징 및 향후 전망' 소비재 수출 늘려 내수 시장 공략해야 중간재 시장 경쟁 치열···질적 고도화 필수 [서울경제] 베트남과 말레이시아 등 동남아시아 주요 5개국으로의 수출이 중간재에 쏠려있는 가운데 소비재 수출을 확대해 소비 시장을 공략해야 한다는 제언이 나왔다. 한국은행은 27일 이 같은 내용이 담긴 보고서 ‘우리나라의 대(對)아세안5 수출 특징 및 향후 전망’을 발표했다. ‘아세안(동남아시아국가연합)5’는 아세안 10개국 중 우리나라와 수출이 활발한 베트남과 말레이시아·인도네시아·필리핀·태국을 말한다. 우선 보고서는 아세안5으로 수출하는 반도체 등 중간재의 질적 고도화가 필요하다고 지적했다. 미국의 대중 규제로 글로벌 생산 기지가 중국에서 아세안으로 바뀌며 아세안5의 중간재 수입,,,
437,a45a168e87a7,2024-09-03,SBS,통신사/방송,기준금리,2%에 '물가 안정' 자신감 피력…금리 인하로?,"<앵커> 지난달 소비자물가는 1년 전보다 2% 오른 걸로 나타났습니다. 물가가 정부 목표치에 다다르면서 조만간 기준금리를 내릴 수 있다는 전망이 잇따르고 있습니다. 이 내용은 권영인 기자가 전하겠습니다. <기자> 8월 마지막 주 전국 휘발유 평균 가격은 리터당 1천672원으로 1년 전보다 약 4%, 72원 정도 내렸습니다. 한 달 전보다도 16원 정도 낮습니다. [노정목/서울시 강서구 : 지난달보다 (기름값이) 떨어지긴 했죠. 떨어지긴 했는데 솔직히 말씀드리면 더 떨어졌으면 좋겠는데, 더 안 떨어질 것 같아요.] 지난달 전체 석유류 가격은 1년 전보다 0.1% 오르는 데 그쳐, 7월 상승률 8.4%보다 크게 낮아졌습니다. 국제유가 하락과 지난해 상승 폭이 컸던 데 대한 기저효과가 더해졌기 때문입니다. 지난달",,,
438,46f635a15995,2018-02-14,연합뉴스,통신사/방송,환율_달러,엔화 강세에 원/달러 환율도 하락,"(서울=연합뉴스) 박의래 기자 = 원/달러 환율이 연휴를 앞두고 1,070원대로 하락했다. 14일 서울 외환시장에서 원/달러 환율은 전날보다 7.3원 내린 1,077.2원에 거래를 마쳤다. 이날 원/달러 환율은 전 거래일보다 0.5원 내린 1,084.0원으로 출발했다. 환율이 크게 떨어진 것은 달러-엔 환율이 하락하면서 아시아 통화가 함께 강세를 보였기 때문이다. 엔화 가치 상승은 이날 밤 발표되는 미국의 소비자물가지수(CPI)에 대한 경계감 때문으로 해석됐다. 미국 물가 상승률이 시장 예상치를 상회할 경우 미국 국채 금리 상승, 주가 하락으로 이어지면서 엔화 강세가 가속화될 것으로 봤다. 이런 전망에 달러/엔 환율은 장중 한때 106.82엔까지 하락했다. 이는 약 3개월 내 최저 수준이다. 또 연휴를 앞두",,,
439,f3ac45a8198b,2024-09-05,조선일보,보수,기준금리,캐나다 중앙은행 3회 연속 금리 인하…0.25%포인트 내린 연 4.25%,연준 베이지북 “12개 중 9개에서 경제활동 변동 없거나 하락” 캐나다 중앙은행은 4일 기준금리를 0.25%포인트 인하한다고 밝혔다. 지난 6월부터 3회 연속 인하 결정을 하면서 금리는 연 4.25%가 됐다. 미 경제매체 블룸버그가 전망한 전문가 예상치와 같다. 캐나다 중앙은행은 인플레이션 둔화 추세와 경기 하방 우려 등을 고려해 금리를 낮춘 것이라고 설명했다. 캐나다 중앙은행은 지난 6월 G7(7국) 중 처음으로 금리를 내린 바 있다. 티프 매클럼 캐나다 중앙은행(BOC) 총재는 이날 “인플레이션 우려에 대한 증거가 거의 없고 수치가 지속적으로 낮아져 목표치(2%)에 가까워지고 있다”면서 “경제가 지나치게 위축될 우려에 대해서도 대응해야 한다”고 했다. 지난달 캐나다 통계청에 따르면 캐나다의 소비자물가지수,,,
440,390302cc7cd7,2020-08-14,매일경제,경제지,반도체_수출,반도체 가격 `뚝`…7월 수출물가 다시 하락,"D램 6.4%·플래시메모리 5.2%↓ 2개월 연속 오르다 하락 전환 국제유가 상승세 둔화와 반도체 가격 하락으로 수출물가가 다시 하락세로 전환했다. 14일 한국은행에 따르면 7월 수출물가는 석탄·석유제품이 올랐으나 반도체가 포함된 컴퓨터·전자·광학기기가 내리며 전월 대비 0.4% 하락했다. 5월(0.5%)과 6월(0.6%) 2개월 연속 오르다가 감소세로 전환한 것이다. 수출물가 하락은 국제유가 상승세가 둔화되고 반도체 가격 하락폭이 확대된 결과다. 두바이유 가격은 6월 평균 40.8달러에서 7월 평균 43.3달러로 6.1% 상승했다. 전월 33.9% 오른 것에 비해 상승폭이 축소됐다. 컴퓨터·전자·광학기기에 속한 D램은 6.4%, 플래시메모리는 5.2% 떨어졌다. 수출 효자 품목인 반도체 가격 하락이 전체 ",,,
441,540b9eddfc9b,2026-02-16,연합뉴스TV,통신사/방송,GDP_성장률,일본 지난해 성장률 1.1%…27년 만에 한국 앞서,"일본의 지난해 실질 국내총생산(GDP) 성장률이 1.1%를 기록해 27년 만에 한국을 앞섰습니다. 일본 내각부는 오늘(16일) GDP 속보치를 발표하고 지난해 일본의 실질 GDP 성장률이 1.1%라고 밝혔습니다. 이는 3년 만의 최고치로, 일본 경제 성장률은 2021년 3.6%에서 2022년 1.3%, 2023년 0.7%, 2024년 -0.2%로 우하향 곡선을 그리다 지난해 반등했습니다. 또 이 같은 성장률은 외환위기에 따라 한국 경제가 마이너스 성장(-4.9%)을 기록했던 1998년 이후 27년 만에 한국을 앞선 것입니다. 지난해 한국의 실질 GDP 성장률은 1.0%였습니다. 한편, 지난해 일본의 명목 GDP는 662조 8천억 엔(한화 약 6,253조 원)으로 전년보다 4.5% 증가했습니다. 연합뉴스TV ",,,
442,1fb7e9bfc9b2,2026-03-05,SBS Biz,경제지,환율_달러,"한국투자증권 ""이번달 환율 1450~1550원대""","상단치 높여…""국제유가 상승 가능성 반영"" 한국투자증권은 이번달 달러-원 환율 등락 범위를 1450∼1550원으로 제시했습니다. 문다운 연구원은 5일 보고서에서 등락 범위 상단을 1,550원으로 올린 배경으로 ""WTI(서부텍사스산원유) 국제 유가가 90∼100달러까지 상승할 가능성""을 꼽았습니다. 그는 ""2022년 2월 러-우 전쟁 발발 직후부터 유가가 고점까지 상승하는 데 7일이 소요됐으며 당시 상승률은 34.2%였다""며 ""3일 종가 기준 WTI 국제 유가는 배럴당 74.6달러로 해당 궤적을 단순 반영하더라도 90달러 부근까지 상승할 것""이라고 예상했습니다. 아울러 그는 ""환율이 1500원이 돌파될 경우 마땅한 저항선을 찾기 어려운 상황""이라며 ""레벨 부담이 높아진 상황에서 10원 단위마다 정부의 상단 방",,,
443,637474f28438,2023-02-16,연합뉴스,통신사/방송,경기침체,경기침체에 작년말 삼성전자 재고 52조원…R&D 25조원 사상최대,(서울=연합뉴스) 장하나 김기훈 기자 = 글로벌 경기 침체 여파로 지난해 말 삼성전자의 재고 자산이 1년 만에 10조원 이상 불어난 것으로 확인됐다. 삼성전자가 16일 공시한 연결감사보고서에 따르면 작년 말 기준 삼성전자의 재고 자산은 52조1천878억원으로 2021년 말 기준 41조3천844억원보다 20.7%(10조8천34억원) 증가했다. 다만 작년 3분기 말(57조3천198억원)과 비교하면 5조원가량 줄었다. 재고 자산의 종류를 보면 완성품에 해당하는 제품 및 상품 재고가 16조322억원으로 1년 전(12조2천805억원)보다 23.4%(3조7천517억원) 증가했다. 같은 기간 반제품 및 재공품(제조과정 중에 있는 제품)은 13조4천736억원에서 20조775억원으로 32.8%(6조6천39억원) 급증했다. ,,,
444,39801c94bdb2,2017-12-14,서울경제,경제지,부동산_대출,비은행 자영업자대출 60조원 돌파···부동산임대업 대출 급증,"비은행 개인사업자대출 1년새 42.3% 늘어 은행보다 4배 빨라…부동산임대업대출 67%↑ 부동산시장 호황·주담대 규제 따른 '풍선효과' 부동산경기 냉각·대출금리 상승시 부실 우려 /자료=한국은행 금융안정보고서 [서울경제] 자영업자가 개인사업자대출 명목으로 제2금융권에서 빌린 돈이 총 60조원을 넘어섰다. 부동산시장 호조에 부동산·임대업 대출이 급증하면서 1년 사이 42.3%나 불어난 것으로 나타났다. 정부가 부동산 규제를 강화하고 있는 가운데 향후 부동산경기 양상과 대출금리 상승에 따라 관련 대출이 부실화될 수 있다는 우려도 나온다. 14일 한국은행이 국회에 제출한 금융안정보고서에 따르면 올해 9월 말 기준 상호금융조합·저축은행·보험회사 등 비은행금융기관의 개인사업자대출은 60조1,000억원으로 집계됐다. ",,,
445,fcf23e4a7e91,2019-07-07,SBS Biz,경제지,가계부채,최종구 “가계부채 안정 가장 잘 했다”,"최종구 금융위원장은 5일 출입기자단과의 '취임2주년 간담회'에서 가장 잘 한 정책이 뭐냐는 질문에 ""가계부채 안정이라고 생각한다""며 ""여러가지 열심히 선제적으로 한 게 있는데, 그래도 가계부채라고 생각한다""고 말했습니다. 다만 최 위원장은 ""가계부채 증가율이 4%대로 우리가 생각했던 것보다 더 큰 폭으로 줄고 있어서 양쪽 면을 같이 봐야할 때 아닌가""라고 했습니다. 가계부채를 지나치게 억누르면 경기부양에 역효과를 낼 수 있음을 지적한 것으로 보입니다. 이와 관련 최 위원장은 ""기조는 당연히 가계부채 증가세를 완전히 꺾어 놓겠다는 건데, 경기문제도 같이 봐야하는 것""이라고 설명했습니다. 하반기 유력시되는 한국은행의 기준금리 인하와 관련해선, 한국은행이 금리를 내려도 가계부채 증가와 집값 상승으로 이어지지는 않",,,
446,eaa3e8603a18,2020-03-04,연합뉴스,통신사/방송,기준금리,"미 연준, 기준금리 0.5%p 긴급 인하…""코로나19, 경제에 리스크""(종합)","금리 1.50~1.75% → 1.00~1.25%…5개월만에 또 '금리인하 카드' FOMC, 금융위기 이후 첫 긴급인하…홈페이지 성명서 '깜짝공개' (뉴욕=연합뉴스) 이준서 특파원 = 미국 중앙은행인 연방준비제도(Fed·연준)가 3일(현지시간) 기준금리를 0.5%포인트 전격 인하했다. 0.25%포인트씩 금리를 조정하는 일명 '그린스펀의 베이비스텝' 원칙에서 벗어난 '0.5%포인트 빅컷'이다. 이로써 미국의 기준금리는 기존 1.50~1.70%에서 1.00~1.25%로 내려갔다. 연준은 이날 오전 10시 홈페이지에 올린 성명을 통해 ""연방공개시장위원회(FOMC)가 기준금리를 1.00~1.25%로 0.5%포인트 인하하기로 결정했다""고 밝혔다. 이번 결정은 만장일치로 이뤄졌다. 오는 18일 예정된 FOMC 정례회의에",,,
447,b9756308d413,2017-09-04,연합뉴스,통신사/방송,반도체_수출,대구·경북 상장사 8월 시가총액 3조2천억 증가,"(대구=연합뉴스) 류성무 기자 = IT 부품 업종 호조 등 영향으로 지난달 대구·경북 상장법인 시가총액이 큰 폭으로 증가했다. 4일 한국거래소 대구사무소에 따르면 8월 말 기준 대구·경북 상장법인 107곳 시가총액은 62조7천600억원으로 전달보다 3조2천100억원(5.39%)이 늘었다. 11개월 연속 증가세다. 이는 반도체 수출 호조에 따른 IT 부품 업종 실적 확대, 외국인 매수세 지속 등 영향인 것으로 한국거래소는 분석했다. 지난달 대구·경북 투자자 주식 거래량도 전달과 비교해 4.83% 늘었다. 주식 거래대금은 5.49% 감소했다. 대구·경북 상장법인 가운데 주가상승률 상위 5개 종목은 유가증권시장의 경우 이수페타시스, 상신브레이크, 포스코강판, 세원정공, 이월드 등이다. 코스닥시장은 시노펙스, 포스",,,
448,5c29ff428c8e,2020-08-26,매일경제,경제지,기준금리,"채권 전문가 99% ""8월 금통위서 기준금리 동결할 듯""","국내 채권시장 전문가들 대다수는 한국은행 금융통화위원회가 오는 28일 기준금리를 동결할 것으로 전망한다는 조사 결과가 나왔다. 금융투자협회는 26일 '9월 채권시장 동향'을 공개하며 이같이 밝혔다. 이는 지난 11일부터 18일까지 국내 채권 시장 종사자 200명을 상대로 설문해 100명이 응답한 결과다. 조사 결과 기준금리 BMSI는 전월 대비 보합 수준인 101.0으로 집계됐다. 설문응답자 중 99.0%가 8월 한은이 기준금리를 동결할 것이라고 응답했다. 인하를 전망한 전문가는 1.0% 수준에 그쳤다. 금투협 관계자는 ""코로나19 확산으로 경기 부진이 지속되는데다 한은이 완화적 스탠스를 유지하고 있다고 진단하는 전문가가 많다""며 ""8월 기준금리는 동결된다는 관측이 나왔다""고 설명했다. 반면 정부는 14일 ",,,
449,2726c4b1e27e,2017-02-01,SBS,통신사/방송,경기침체,"日아베노믹스 창시자 ""한국도, 침체 벗어나려면 아베노믹스해라""","""일본처럼 잃어버린 20년을 겪고 싶지 않으면 한국도 아베노믹스를 하면 된다. 적극적인 금융정책을 통해 고용, 생산 침체에서 빠져나올 수 있다. 긴축경제 정책은 답이 아니다."" 일본 아베노믹스의 창시자인 하마다 고이치 미국 예일대 명예교수는 최근 인터뷰에서 한국 경제와 관련해 이렇게 조언했습니다. 하마다 교수는 아베노믹스를 설계한 이론적 지주로, 현재도 일본 정부의 내각 관방 참여를 맡고 있습니다. 일본에서 노벨경제학상에 가장 가까운 일본인으로도 불리고 있는 석학입니다. 아베노믹스는 대담한 금융정책, 기동적인 재정정책, 민간 투자를 환기하는 성장전략 등 '3개의 화살'을 통해 침체에 빠진 경기를 활성화하겠다는 정책입니다. 이 정책은 아베 신조 일본 총리의 경제 정책의 핵심으로, 고용과 생산 확대에서는 일정 ",,,
450,8377241bd8e9,2024-02-26,SBS,통신사/방송,반도체_수출,일학개미들 승부수는?…일본 반도체,"한국예탁결제원에 따르면 이달 들어 23일까지 국내 투자자들이 ETF를 제외하고 가장 많이 순매수한 일본 종목은 반도체 장비 기업인 도쿄일렉트론입니다. 이달 들어 57억 3천만 원어치 순매수했습니다. 2위와 3위는 카메라 기업 캐논과 로봇 기업인 화낙이고, 4위와 5위는 반도체 기업인 어드반테스트와 도와였습니다. 전문가들은 ""미중 갈등 속 일본이 투자 대안 국가로 주목받고 있는 가운데 반도체 장비를 미국으로 수출하는 일본 기업에 대한 기대감이 있다""고 분석했습니다. 또, 일본 정부가 동북아의 지정학적 위험을 기회 삼아 일본 중심으로 반도체 공급망을 재편하기 위해 글로벌 반도체 기업에 인센티브를 제공하는 것도 투자 매력으로 작용하고 있다고 설명했습니다. (취재 : 손승욱, 영상편집 : 윤태호, 제작 : 디지털뉴",,,
451,f579aa08e40d,2017-02-06,서울경제,경제지,소비자물가,"KDI “물가 상승, 경기회복 신호 아니다”","“수요회복에 의한 물가 상승 아닌 공급 축소에 의한 물가 오름세” “반도체, 수출 등 호조보이지만 소비둔화가 경제 발목” 국책연구기관인 한국개발연구원(KDI)이 최근의 물가 상승이 경기에 대한 긍정적 신호가 아니라고 평가했다. 경제 내 수요가 늘어 물가가 오르는 경우는 경기가 살아나고 있다는 긍정적 신호이지만 지금은 공급이 과도하게 줄어 나타나는 물가 상승이라는 진단이다. 6일 KDI는 ‘2월 경제동향’에서 “1월 중 소비자물가가 장기간의 낮은 상승세에서 벗어났지만 이는 수요회복보다는 공급 측 요인에 주로 기인했다”며 “경기 상황에 대한 긍정적 신호로 해석하기는 어렵다”고 지적했다. 1월 소비자 물가 상승률은 2%(전년 대비)로 51개월 래 최고치를 경신했다. 이날 KDI는 소비 둔화가 경제의 발목을 잡고 ",,,
452,23faec36aa76,2021-08-24,한국경제,경제지,물가_인상,지금도 비싼 우유 가격 더 오른다…빵·커피 '도미노 인상' 예고,"낙농진흥회, 원유가격 L당 21원 인상 우유·과자·빵 등 가격 줄줄이 오를 듯 정부, 위원회 구성해 가격 구조 개선 방침 ""미국에서 살 때 우유 가격이 너무 싸서 놀랐던 기억이 있어요. 한국 우유 가격은 미국의 2배는 되는 것 같습니다. 여러 가공식품에 들어가는 만큼 필수 식재료라고 볼 수도 있는데 왜 이렇게 비싼 건지 모르겠네요."" (40대 주부 양모 씨) ""다른 제품 물가도 오르긴 했지만 우유값 인상은 특히 여파가 큰 것 같습니다. 과자, 아이스크림, 카페에서 판매하는 커피 값도 다 오르지 않을까요? 좀 신중하게 가격을 조정했으면 좋겠습니다."" (30대 직장인 임모 씨) 정부와 생산자, 가공업계 등이 참여해 우유 원유 가격을 결정하는 단체인 낙농진흥회가 원유 가격 인상을 예고했다. 이에 따라 올 하반기 ",,,
453,98f3fccf8ff3,2018-08-28,한국경제TV,경제지,기준금리,가계빚·집값 '들썩'…그래도 금리 동결?,"<앵커> 한국은행이 이번 주 금요일 기준금리를 결정합니다. 시장은 동결 전망이 우세한 상황이지만 최근 들어 부동산 시장 과열과 가계부채 증가 등 부작용을 우려하는 목소리가 높아지고 있어, 인상 가능성도 배제할 수 없어 보입니다. 정원우 기자입니다. <기자> 대다수의 시장 전문가들은 한국은행이 이번 달 기준금리를 또 동결할 것으로 내다보고 있습니다. 7월 금리인상 소수의견에도 불구하고 기준금리와 직접 비교되는 국고채 3년물 금리 역시 1%대로 주저앉으며 이 같은 전망에 힘을 실었습니다. 7월 고용지표가 쇼크 수준으로 나오고 신흥국 금융불안이 불거지면서 금리 동결이 불가피하다는 분위기가 확산된 겁니다. 하지만 지난주 가계부채와 주택지표가 발표되면서 다시 금리 인상의 필요성을 주장하는 목소리가 커지고 있습니다. ",,,
454,8e56d1cd0bc2,2026-02-11,매일경제,경제지,고용동향,청년 취업 비상등…1월 취업자 10만8천명↑ 13개월만 최소 증가,"취업 지표가 악화하고 있다. 지난달에는 취업자 수가 최소폭으로 증가했다. 연초와 추위가 겹치면서 청년층 고용 부진이 지속되고 고령층 일자라도 위축된 것으로 분석된다. 11일 국가데이터처의 고용동향에 따르면 지난달 15세 이상 취업자는 2798만6000명으로 전년 동월 대비 10만8000명 증가했다. 지난달 취업자 수 증가폭은 지난 2024년 12월(-5만2000명) 이후 가장 작았다. 연령대별로는 청년층(15~29세) 취업자가 17만5000명 감소했다. 30대는 10만1000명 확대됐다. 40대는 3000명 줄었고, 50대는 4만5000명 증가했다. 고령층(60세 이상) 취업자는 14만1000명 늘었지만, 지난 2021년 1월(-1만5000명) 이후 가장 적은 숫자다. 산업별로는 농림어업(-10만7000명)",,,
455,ed55b87046bf,2019-08-13,서울경제,경제지,최저임금,"""최저임금 일괄 적용하면 中企 못버텨···차등화하거나 대기업 임금구조 개혁을""","[동굴의 우상서 벗어나라] <2>노사갈등 부른 친노동정책 ☞ 최저임금 속도조절 한다지만 기본급 적고 수당 많은 임금구조상 최저임금, 근로자보호 취지 못살려 규모·업종별 차등적용 절실하지만 노동계 ""또다른 차별 부른다"" 거부 [서울경제] 모든 기업에 일괄 적용되는 최저임금제도에 임금지급 여력이 상대적으로 부족한 중소기업이 신음하고 있다. 영세 소상공인이나 중소기업들은 최저임금 인상률 차등적용이 절실하다고 주장하지만 노동계는 단칼에 거부하고 있다. 내년도 최저임금 인상률이 2.9%로 고시되면서 대기업들은 ‘속도 조절’이라는 성과를 냈지만, 중소기업들이 요구해온 차등적용은 테이블 위에 올리지조차 못했다. 13일 재계와 최저임금위원회 등에 따르면 지난달까지 진행됐던 내년도 최저임금 논의 과정에서 소상공인 대표자들은",,,
456,e91535940c38,2024-02-16,서울경제,경제지,경기침체,"부산시, 경기 침체 건설업 하도급 수주 확대 지원",[서울경제] 부산시는 건설경기 침체와 자금조달 어려움을 겪는 지역 건설업의 위기 극복을 위해 하도급 수주 확대 계획을 시행한다. 먼저 건설업체가 효율적으로 수주 활동을 할 수 있도록 지원한다. 건설 하도급 웹페이지를 구축해 연간 발주계획과 전문협력업체를 안내하고 대기업 협력업체 모집 정보 등을 실시간으로 제공하는 방식이다. 건설업 상생협의체를 마련해 건설 현장의 고충을 처리하고 전국 최초로 현장 책임자와 직접 만날 수 있는 현장 멘토링도 마련한다. 이와 함께 대기업의 협력업체 등록조건 강화 추세에 따라 맞춤형 역량 강화 방안을 제시하고 조달시장 동향과 요구사항을 파악해 입찰 전략 수립을 돕는다.,,,
457,a58960c1da91,2022-08-30,SBS Biz,경제지,부동산_대출,'종부세 완화' 개정 진통…50만명 납세 대혼란 우려,"■ 경제와이드 모닝벨 '이슈분석' - 진행 : 손석우 / 출연 : 이제문 창조도시경제연구소 소장 윤석열 정부가 부동산 세제 개편의 일환으로 1가구 1주택자의 종합부동산세 부담을 완화해주는 방안을 발표했죠. 그런데 국회 파행으로 없던 일이 될 수도 있습니다. 종부세 특례를 적용하기 위해서는 종부세법·조세특례제한법 등 관련법을 처리해야 하는데, 소위조차 열지 못하다가 법정 처리 시한이 코앞으로 다가왔습니다. 야당인 민주당이 '부자 감세'라며 종부세 완화에 반대하고 있는 게 걸림돌인데, 일단 본회의를 다음 달 1일로 미루기로 합의하면서 한숨을 돌렸습니다. 끝내 법 개정이 무산되면, 연말 납세 대혼란이 벌어질 수 있다는 우려 커지고 있습니다. 전문가와 함께 짚어보겠습니다. Q. 오를 때도 거침없었지만 떨어질 때 역",,,
458,176a25cc3292,2021-07-08,중앙일보,보수,경상수지,경상수지 13개월 연속 흑자,경상수지가 13개월 연속 흑자 행진을 이어갔다. 한국은행은 지난 5월 경상수지가 107억6000만 달러 흑자를 기록했다고 7일 밝혔다. 투자소득과 근로소득을 더한 본원소득수지 흑자(54억9000만 달러)는 월간 기준으로 역대 최고였다. 해외 현지법인 등에서 배당 수입이 많아진 영향이다. 상품수지는 63억7000만 달러 흑자였다. 전체 콘텐트는 중앙일보 모바일에서 볼 수 있습니다 www.joongang.co.kr,,,
459,1fc611e1a9f8,2021-02-04,한국경제TV,경제지,GDP_성장률,"베트남, 올 목표 성장률 6.5% '코로나 확산세로 달성못할 수도'","베트남 정부가 목표한 올해 경제성장률 6.5%를 달성하지 못할 수 있다는 전망이 나왔다. 베트남 기획투자부는 최근 보고서를 내고 ""지난달 제3차 코로나19 확산으로 베트남 1분기 경제성장률을 낮추고 결국 올해 GDP 목표 6.5%를 달성하기 어렵게 만들 수 있다""고 밝혔다. 기획투자부 보고서에 따르면 올 1분기 경제성장률은 정부의 당초 목표보다 0.66% 포인트 낮은 4.46%로 추정된다. 기획투자부는 이어 ""만일 코로나19 확산으로 인한 1분기 성장률의 둔화로 이어지고, 나머지 3분기 동안 경제성장 목표를 달성해도 올해 베트남 경제성장률은 당초 목표했던 6.5%보다 낮은 6.37%가 될 것""이라고 추정했다. 따라서 베트남이 당초 목표한 경제성장률 6.5%를 달성하기 위해 오는 2분기와 3분기에 각각 6.7",,,
460,89c3a14a734e,2016-08-11,매일경제,경제지,고용동향,추석 열차 승차권을 구하라 드디어 이틀간 전투 17~18일,"[숫자로 보는 세상] ◆17~18일 코레일은 올해 추석 열차승차권 예매를 오는 17~18일 이틀간 홈페이지(www.letskorail.com)와 지정된 역 창구, 승차권 판매 대리점에서 실시한다. 17일은 경부·경전·충북·동해선, 18일에는 호남·전라·장항·중앙선 등의 승차권을 예매한다. 레츠코레일 홈페이지에서는 오전 6시~낮 12시 6시간 동안 예매할 수 있고, 지정된 역과 승차권 판매 대리점에서는 오전 9~11시 2시간 동안 가능하다. 승차권은 불법 유통과 부당 확보를 방지하기 위해 1회에 최대 6매까지 예매할 수 있으며 1인당 최대 12매로 제한된다. ◆6조3000억원 한국 경제의 잠재적 위험 요인인 가계부채 증가세가 꺾이지 않고 있다. 특히 은행권의 여신심사 가이드라인에도 주택담보대출이 많이 불어난 ",,,
461,550bae089842,2017-03-05,매일경제,경제지,가계부채,美 `3월 금리인상` 굳히기…韓 1300조 가계빚 `비상`,"옐런 연준의장 ""물가 2% 목표 근접…고용 개선"" ""올 금리인상 속도 빠를것""…韓-美 기준금리 역전 땐 韓銀, 금리 올릴 수도 비은행 대출 비중 높은 저신용·다중채무자 직격탄 ◆ 美 금리인상 임박 ◆ 미국이 이달에 기준금리를 추가로 인상하고 미 금리 인상 속도가 빨라질 것이라는 전망이 급부상하면서 국내 금융시장이 바짝 긴장하고 있다. 금융비용 부담이 커지면 1344조원에 달하는 사상 최대 규모의 국내 가계부채 부실화 개연성이 높아지고 취약가구·한계기업 리스크 관리에 경고등이 켜질 수 있기 때문이다. 미 연방준비제도이사회가 연내에 3차례 금리 인상을 단행하면 미 기준금리와 국내 기준금리가 역전된다는 점에서 한국은행이 울며 겨자 먹기로 기준금리를 인상해야 하는 상황에 내몰릴 수 있다는 전망도 수면 위로 떠오르고",,,
462,9bde29e982fa,2017-03-03,SBS Biz,경제지,소비자물가,2월 소비자물가 1.9%↑…석유류 13% 상승,통계청은 지난달 소비자물가지수가 1년전보다 1.9% 상승해 전달 2% 상승률과 비슷한 흐름을 이어갔다고 밝혔습니다. 특히 유가가 오르면서 석유류 제품의 물가가 5년만에 가장 큰 폭인 13.3% 급등하며 전반적인 물가 상승을 이끈 것으로 파악됐습니다. 위정호 기자( ) ☞ 의견 있는 경제채널 SBSCNBC [홈페이지] [뉴스스탠드] ☞ 공식 SNS [페이스북] 앱 다운로드 [앱스토어] [구글플레이] 저작권자 SBS플러스 & SBS콘텐츠허브,,,
463,15a6ab624097,2021-02-25,서울경제,경제지,기준금리,"한은, 기준금리 0.50% 동결···""수요 측면 물가상승압력 크지 않아""",지난해 5월 이후 9개월째 0.50% 동결 올해 경제성장률 전망치는 3.0%로 유지 소비자물가 상승률은 1.0%에서 1.3%로 상향 [서울경제] 한국은행 금융통화위원회가 기준금리를 사상 최저 수준인 연 0.50%를 유지하기로 결정했다. 국제유가 상승 등으로 인플레이션에 대한 우려가 나오고 있는 상황이지만 수요 측면의 물가상승압력이 크지 않고 신종 코로나바이러스 감염증(코로나19)에 따른 경기 불확실성이 더 크다고 판단한 것이다. 한은 금통위는 25일 통화정책방향 결정회의를 열고 기준금리를 연 0.50%에서 동결하기로 결정했다고 밝혔다. 금통위는 지난해 5월 기준금리를 0.75%에서 0.50%로 0.25%포인트 인하한 뒤 9개월째 동결 중이다. 이날 금통위는 금리 결정 뒤 통화정책방향 결정문을 통해 “국내 경,,,
464,e8c1a6a37eae,2020-03-05,한국경제,경제지,경기침체,"이강덕 포항시장 ""항만·물류·관광 3박자…침체 지역경제 불지필 것""",다시 뛰는 울산·경주·포항 이강덕 포항시장의 포부 이강덕 포항시장(사진)은 2014년 처음 시장에 당선되자마자 찾아온 글로벌 철강경기 침체로 시정 수행에 큰 어려움을 겪어야 했다. 임기를 1년여 앞둔 2017년 11월 15일에는 규모 5.4의 지진이 발생했다. 2018년 7월 재선에 성공한 이후에도 철강경기 침체와 지진 후유증은 그의 시정 수행에 적지 않은 부담으로 작용했다. 지난해 말 국회에서 포항지진특별법이 통과되면서 지진으로 삶의 터전을 잃은 이재민에 대한 피해 구제의 길을 여는가 싶더니 이번에는 신종 코로나바이러스 감염증(코로나19) 사태로 또 한 번 포항경제가 위기에 직면했다. 이강덕 시장은 포항지진 발생 한 달 후 한 이재민 대표가 그에게 선물한 뽀빠이 오뚝이를 늘 바라보면서 포항을 다시 일으켜 ,,,
465,c78c820d370b,2024-02-22,매일경제,경제지,반도체_수출,"""수출이 내수부진 상쇄""…올해 2.1% 성장","한은, 올해 경제전망 소비·건설투자 부진에도 수출 개선되며 성장 지지 IT경기 반등땐 2.3%로 중동 위험 커지면 2.0% 기준금리는 9번연속 동결 이창용 ""상반기 인하 힘들듯"" 한국은행이 경기와 물가, 가계부채를 자극할 리스크가 많다는 점을 의식해 기준금리를 3.5%로 동결했다. 22일 한은 금융통화위원회는 통화정책방향 회의를 갖고 금통위원 7명 만장일치로 9번 연속 금리를 현 수준으로 묶기로 결정했다. 한은은 이날 경제 전망을 발표하며 올해 국내총생산(GDP)은 2.1% 늘고, 소비자물가는 2.6% 오를 것으로 예상했다. 지난해 11월 내다봤던 전망치와 같다. 다만 가계부채·물가 불안 요인이 물밑에 있기 때문에 통화정책 '방어 운전'을 하겠다는 의지를 내비친 것으로 풀이된다. 이창용 한은 총재는 금통위 ",,,
466,804ee1488033,2018-03-04,연합뉴스,통신사/방송,부동산가격,"현대산업개발 ""부동산114 통해 프롭테크 사업 진출""","빅데이터 활용, 소형 개발사업도 확대 (서울=연합뉴스) 서미숙 기자 = 현대산업개발이 올해 초 인수한 부동산114를 통해 종합부동산 인프라 회사로 도약하겠다는 청사진을 공개했다. 현대산업개발은 4일 보도자료를 배포하고 ""부동산114의 웹사이트에는 하루 평균 12만 명의 네티즌이 방문하고, 검색 키워드 등으로 1일 30만 건이 넘는 빅데이터가 생성되고 있다""며 ""부동산 개발의 모든 단계에서 부가가치를 창출할 수 있는 시너지가 기대된다""고 밝혔다. 현대산업개발은 지난달 말 부동산114 대표이사 전무에 이성용 호텔아이파크 대표이사(전무)를 선임했다. 이 대표이사는 취임사를 통해 ""그룹내 다양한 사업역량을 융합해 부동산 소비자들의 편의성을 높일 수 있는 새로운 부동산 서비스를 개발하고 빅데이터 분야에 대한 투자와 ",,,
467,18254ad6442e,2020-02-25,연합뉴스,통신사/방송,환율_달러,코로나19 확산속 달러 강세…달러선물ETF 수익률 호조,"(서울=연합뉴스) 김아람 기자 = 신종 코로나바이러스 감염증(코로나19) 확산과 맞물려 미국 달러화 강세가 이어지면서 달러선물에 투자하는 상장지수펀드(ETF)가 수익률에서 선전하고 있다. 25일 금융정보업체 에프앤가이드가 설정액 10억원 이상 펀드의 수익률을 집계한 결과 지난 21일 기준 달러선물 ETF의 연초 이후 수익률은 최고 7%대다. 달러선물지수를 추종하는 달러선물 ETF는 달러화 가치가 오를수록 수익률이 오른다. 특히 레버리지 상품은 지수 상승 폭의 2배 수익을 낼 수 있다. 상품별로는 레버리지 상품인 '미래에셋TIGER미국달러선물레버리지특별자산상장지수투자신탁(달러-파생형)'(7.92%), '삼성KODEX미국달러선물레버리지특별자산상장지수투자신탁[미국달러-파생형]'(7.76%), '키움KOSEF미국달",,,
468,87ac2f8c384c,2023-03-03,SBS Biz,경제지,기준금리,"""금리에 울고, 총재 말에 웃고""…뉴욕 증시 상승","뉴욕 증시가 상승 마감했습니다. 현지시간 2일 뉴욕 증시에서 다우 지수가 전 거래일 대비 1.05% 상승한 3만 3003.57에 장을 마감했습니다. S&P500 지수가 0.76% 상승한 3,981.35에, 나스닥 지수는 0.73% 오른 1만 1462.98에 거래를 마쳤습니다. 뉴욕 증시 3대 주요 지수는 장 초반 하방 압력을 받았습니다. 강한 노동 지표에 인플레이션 우려가 불거지며 연준의 긴축 기조 장기화 주장에 힘이 실렸기 때문입니다. 이날 주간 실업보험 청구건수가 발표됐습니다. 2월 25일 기준 신규 실업보험 청구건수는 19만 건으로 전주 대비 2천건 감소했습니다. 월스트리트저널이 집계한 전문가 예상치 19만5천 명보다 적고, 7주 연속 20만 명을 밑돌았습니다. 계속 실업보험 청구건수도 2월 18일 기",,,
469,bcf5db35a52d,2023-02-14,연합뉴스TV,통신사/방송,GDP_성장률,일본 작년 경제성장률 1.1％…전년보다 성장세 둔화,"지난해 일본 경제성장률이 1.1%를 기록했다고 일본 내각부가 발표했습니다. 일본 경제는 2020년 코로나19 여파로 마이너스 성장을 보인 뒤 2021년 플러스 성장세로 돌아섰습니다. 하지만 지난해 성장률은 전년의 2.1%보다는 낮습니다. 니혼게이자이신문은 ""일본 경제가 코로나19 영향에서 벗어나 완만하게 정상화되고 있다""고 분석했습니다. 한미희 기자 ( ) #일본 #경제성장률 #GDP 연합뉴스TV 기사문의 및 제보 : 카톡/라인 jebo23",,,
470,8c38d8c02f32,2019-03-03,한국경제,경제지,부동산가격,'佛 랜드마크' 마중가타워…미래에셋대우가 품는다,"우선협상대상자 선정 거래금액 1조830억 규모 年 7% 중후반 수익 기대 [ 이동훈 기자 ] 미래에셋대우가 프랑스 파리의 랜드마크 빌딩인 ‘마중가타워’(사진)를 인수한다. 미래에셋대우는 마중가타워 인수를 위한 우선협상대상자로 선정됐다고 3일 밝혔다. 거래 금액만 1조830억원에 달하는 ‘빅딜’이다. 미래에셋대우 글로벌투자금융본부는 프랑스의 대표 자산운용사인 아문디와 공동으로 투자하기로 했다. 미래에셋대우와 아문디의 부동산 자회사인 아문디 이모빌리에(Amundi Immobilier), 프랑스 현지 기관투자가들이 지분 투자자로 나서 4460억원을 출자하는 구조다. 남은 거래 대금은 현지 대출로 조달할 예정이다. 마중가타워는 2014년 완공된 프라임 오피스빌딩으로 프랑스 서부 상업지역인 라데팡스 지구에 있다. 라",,,
471,b643847a0bd8,2018-10-08,한국경제,경제지,고용동향,"고용동향 발표 앞두고…당·정·청 ""SOC 투자로 단기 일자리 창출""","긴급 일자리 대책 회의 생활형 SOC 예산 조기 집행 고용위기지역 대책 내놓기로 [ 김우섭 기자 ] 더불어민주당과 정부, 청와대가 오는 12일 9월 고용동향 발표를 앞두고 긴급 일자리 대책 회의를 소집했다. 도서관·체육시설 등 생활 밀착형 사회간접자본(SOC) 시설 예산 집행으로 단기 일자리를 창출하고, 공장 폐쇄로 어려움을 겪는 지역에 대한 투자 활성화 대책을 마련하기로 했다. 홍익표 더불어민주당 수석대변인은 8일 “고위 당·정·청은 최근 2~3개월 동안 고용 상황이 부진하다는 데 인식을 같이했다”며 “이를 엄중히 인식하고, 긴장감을 갖고 대책을 마련해야 한다는 데 의견을 모았다”고 말했다. 회의에선 △이른 시일 내 단기 일자리 창출 △지역투자를 통한 투자 활성화 △혁신성장 가속화 △시장기업의 활력 제고 ",,,
472,9fa0c76a9b4a,2024-03-05,한국경제,경제지,경기침체,"경기도, 판교 테크노밸리 입주 '스타트업 기업, 해외시장 진출' 지원","'글로벌 스타트업 사업화 지원사업' 참가기업 모집 경기도와 경기도경제과학진흥원이 오는 4월 4일까지 '글로벌 스타트업 사업화 지원사업' 참가기업을 모집한다고 5일 밝혔다. 이 사업은 판교 제1·2 테크노밸리에 입주한 스타트업 기업의 해외시장 진출을 위한 것이다. 도 관계자는 ""글로벌 스타트업 사업화 지원사업은 기술력은 뛰어나지만, 해외 진출 준비가 부족한 판교테크노밸리 내 입주 스타트업을 위해 실질적인 사업화 자금을 지원하는 사업으로, 올해 20개 사에 총 9억 5000만원의 사업화 자금을 지원한다""고 설명했다. 도는 최근 3년간 유망 스타트업 40개 사에 약 19억원의 사업화 자금을 지원해 284억원의 국내외 투자유치, 233억원의 국내외 매출액 등 예산 투입 대비 약 27배의 경제적 파급 효과를 달성했다",,,
473,35571d4b2b07,2020-03-04,연합뉴스,통신사/방송,기준금리,"미 재무, 연준 전격 금리인하에 ""지지…정치적 결정 아냐""","""코로나19, 경제에 단기 영향 있을 것…현재 대중관세 보류는 검토 안해"" (워싱턴=연합뉴스) 백나리 특파원 = 스티븐 므누신 미국 재무장관은 3일(현지시간) 미국 중앙은행인 연방준비제도(Fed·연준)의 전격적 기준금리 인하에 대해 지지 입장을 밝히며 정치적 결정이 아니라고 강조했다. 로이터통신에 따르면 므누신 장관은 이날 하원 조세무역위원회에 출석, 기준금리를 0.5%포인트 인하한 연준의 결정을 지지한다면서 ""정치적 결정은 아니다""라고 말했다. 므누신 장관은 신종 코로나바이러스 감염증(코로나19) 확산 문제가 급속히 커지고 있으며 정책 결정자 사이에서 큰 입장차가 있다고도 했다고 통신은 전했다. 그는 또 코로나19 사태가 경제에 단기적 영향이 있을 것이나 2008년 금융위기 때와는 상황이 다르다고 지적했다",,,
474,9fdf6cb820b2,2024-03-04,조선일보,보수,GDP_성장률,"올해 가계빚, GDP보다 적어지나","GDP대비 비율 세계 1위지만 작년 4분기 하락폭 세계 2위 한국의 국내총생산(GDP) 대비 가계 부채 비율은 4년 연속 세계 1위를 차지할 정도로 높은 수준이지만, 최근 하락하고 있는 것으로 집계됐다. 작년 4분기(10~12월) 한국의 가계 부채 비율 하락 폭은 세계 2위를 기록했다. 3일 국제금융협회(IIF)의 ‘세계 부채 보고서(Global Debt Monitor)’에 따르면, 작년 4분기 한국의 가계 부채 비율은 100.1%를 기록했다. 1년 전(104.5%)보다 4.4%포인트 떨어졌다. 영국(-4.6%포인트)에 이어 전 세계에서 둘째로 큰 하락 폭이다. 올해 GDP 성장률이 한국은행의 전망(2.1%)대로 2%를 웃돌고, 5대 은행의 가계 대출 증가율이 목표(1.5~2%) 안에서 관리되면 가계 부채 ",,,
475,c202ae50995f,2021-08-31,연합뉴스,통신사/방송,가계부채,가계부채·부동산시장 대응 방향 관계장관회의서 논의,"(세종=연합뉴스) 박용주 기자 = 가계부채와 부동산시장 대응 방향 등 안건이 관계장관회의에서 논의됐다. 홍남기 부총리 겸 기획재정부 장관이 31일 정부서울청사에서 문승욱 산업통상자원부 장관과 노형욱 국토교통부 장관, 고승범 금융위원장, 구윤철 국무조정실장 등이 참석한 가운데 관계장관회의(녹실회의)를 열었다고 기획재정부가 밝혔다. 참석자들은 국가온실가스감축목표(NDC) 조정에 따른 경제·산업 파급 영향과 가계부채 동향 및 관리방안, 부동산시장 동향 및 대응 방안을 점검했다. 소상공인 피해지원금과 국민지원금, 상생소비지원금 등 신종 코로나바이러스 감염증(코로나19) 피해 3종 패키지 추진 상황을 살펴보고, 최근 4차 확산 및 방역상황, 7월 산업활동동향 등도 논의했다. 참석자들은 도시 및 주거환경 정비법 등 부",,,
476,bdc30d6165e9,2022-08-21,한국경제,경제지,경기침체,"'노벨상 수상자' 마이클 스펜스 ""美 경기침체 가능성 여전히 높아""","""중국은 이미 침체 들어서"" 2001년 노벨경제학상을 받은 마이클 스펜스 미국 스탠퍼드대 경영대학원 명예교수(78·사진)가 미국의 경기 침체를 경고했다. 스펜스 교수는 20일(현지시간) 블룸버그와의 인터뷰에서 “경기 침체 공포가 가라앉고 있지만 아직 끝난 것은 아니다”며 “경기 침체나 극적인 둔화를 겪을 가능성이 여전히 작지 않다”고 말했다. 그는 2001년 시장과 정보 비대칭성을 연구한 공로로 노벨 경제학상을 받았다. 마이크로소프트(MS) 창업주인 빌 게이츠의 은사로도 알려져 있다. 그는 미국의 인플레이션이 완화되려면 수년은 걸릴 것으로 전망했다. 스펜스 교수는 “인플레이션이 정점을 찍었다고 판단하지만, 시장이 이를 곧장 수용할 정도로 안정되진 않았다”며 “거의 모든 제품군에서 치솟은 가격은 경제 시스템이",,,
477,ca7415d43fb1,2018-03-04,연합뉴스,통신사/방송,반도체_수출,"""충북 경제 좋아졌네""…수출·광공업 경제지표 전국 상위권","(청주=연합뉴스) 변우열 기자 = 충북 경제가 눈에 띄게 좋아졌다. 특히 충북 광공업 생산지수가 전국 최고를 기록하는 등 경제지표들이 전반적으로 호조를 보였다. 최근 통계청이 발표한 '2017년 연간 지역경제동향'에 따르면 충북의 광공업 생산지수(2010년 100 기준)가 178.3으로 전국 평균(109.9)을 크게 웃돌았다. 전체 17개 시·도 가운데 단연 으뜸이다. 2016년과 비교하면 4.0%가 늘었는데, 이는 충남(11.8%), 제주(4.9%)에 이어 세 번째다. 수출액은 2억1천300만 달러로 전년(160억400만 달러)보다 25.0%가 늘면서 증가율 3위를 기록했다. 건설 수주액 증가율(112.3%)과 취업자 수 증가율(1.9%)도 각각 전국 1위와 4위를 차지했다. 서비스업 생산지수도 119.4",,,
478,2c313945ab2e,2021-03-04,연합뉴스,통신사/방송,소비자물가,2월 소비자물가 1.1%↑…1년 만에 최고,"농축수산물 16.2% 오르며 10년 만에 최고…달걀 41.7%↑ (세종=연합뉴스) 정수연 곽민서 기자 = 지난달 소비자 물가가 1.1% 오르며 1년 만에 가장 높은 상승률을 나타냈다. 농산물 작황 부진, 조류인플루엔자(AI) 피해와 명절 수요 증가까지 겹치며 농축수산물 물가 상승률이 10년 만에 가장 높았다. 4일 통계청 소비자물가 동향에 따르면 2월 소비자물가지수는 107.00(2015년=100)으로 작년 동월 대비 1.1% 올랐다. 지난해 2월(1.1%) 이후 가장 높은 상승률이다. 소비자물가 상승률은 작년 9월 1.0%를 나타낸 후 10월(0.1%), 11월(0.6%), 12월(0.5%), 올해 1월(0.6%)까지 0%대에 머무르다 다시 1%대로 올라섰다. 품목별로 보면 상품은 한 해 전보다 1.9% ",,,
479,0d6c0ba25af6,2017-08-11,매일경제,경제지,부동산가격,오피스빌딩·마트… 해외부동산에도 투자 부동산공모펀드 완판행진 인기몰이,"공모형 부동산펀드 시장이 다시 뜨겁게 달아오르고 있다. 최근 출시되는 펀드들마다 줄줄이 ‘완판’ 행진이다. 연간 6~7%대 수익을 안정적으로 올릴 수 있다는 입소문이 나면서 저금리에 마땅한 투자처를 찾지 못한 투자자들이 상품 판매 첫날부터 일제히 몰려든 덕분이다. 국내외를 가리지 않고 공모형 부동산펀드가 선풍적인 인기를 끌면서 후속 상품에 대한 투자자들의 기대도 높아지고 있다. 이 때문에 여러 증권사와 자산운용들이 국내외 부동산에 투자하는 상품 발굴에 만전을 기하고 있다. 하반기에도 자산 규모가 크지 않고 정보 접근성이 뛰어난 국내 부동산 위주 펀드들이 다수 출시될 전망이다. 점차 국내에서 해외로, 빌딩에서 대형마트 물류센터 등으로 지역과 자산이 다양해질 것이라는 게 업계 관계자들의 관측이다. 그러나 전문가",,,
480,9684631ed848,2024-09-04,연합뉴스,통신사/방송,경기침체,"코스피, 美침체 공포에 2%대 하락 '낙폭 조절'…SK하이닉스 6%↓","외인·기관 동반 매도 속 2,600선 등락…모든 업종 약세 코스닥도 3% 가까이 급락…이차전지·바이오株 동반 하락 (서울=연합뉴스) 조민정 기자 = 코스피가 4일 미국 경기 침체 우려가 재부각된 영향으로 장중 2% 넘게 하락 중이다. 이날 오전 11시 20분 현재 코스피 지수는 전 거래일보다 60.60포인트(2.27%) 내린 2,604.03을 나타냈다. 지수는 전날보다 74.69포인트(2.80%) 내린 2,589.94로 출발해 낙폭을 다소 줄인 채 내림세를 지속하고 있다. 미국 공급관리협회(ISM)의 8월 제조업 구매관리자지수(PMI)가 시장 예상치를 밑돌면서 미국 증시가 재차 경기 침체 우려를 반영하며 크게 하락한 것이 국내 증시 급락의 빌미가 됐다. 지난달 초 폭락장이 재현될 것이라는 우려도 있었으나 낙",,,
481,0ca0da94f4b1,2021-08-30,연합뉴스,통신사/방송,경기침체,"울산 북구, 2회 추경예산안 281억원 증액 편성","(울산=연합뉴스) 김용태 기자 = 울산시 북구는 4천732억원 규모의 2회 추가경정예산을 편성해 북구의회 임시회에 상정했다고 30일 밝혔다. 북구에 따르면 2회 추경예산은 1회 추경예산 4천450억4천372만원보다 281억2천980만원(6.32%) 증액된 4천731억7천353만원이다. 2회 추경에는 신종 코로나바이러스 감염증(코로나19) 대응 사업으로 코로나 상생 국민지원금 구비 부담금 23억원, 자가격리자 등을 위한 생활 지원비 및 생필품 지원 사업 67억원, 경기 침체 회복을 위한 일자리 사업 7억원 등이 포함됐다. 또 주요 현안 사업으로 장애인복지관 건립 32억원, 중산스포츠타운 조성 14억원, 북구장애인보호작업장 건립 12억원, 호계동 수동중앙길 일원 도로 개설 6억원, 자전거도로 시설물 정비 4억원",,,
482,c0e7dc7fc0af,2023-08-23,서울경제,경제지,경기침체,"""물가 2% 목표는 과도…경기침체·실업 유발"" 연준 정책 논란 확산","3%로 물가 목표 변화 논의 활발 소비자 장기 인플레 기대 이미 3% 일각선 ""상향시 리스크 커"" 반박 파월, 잭슨홀미팅서 2% 지지 전망 [서울경제] 미국 연방준비제도(Fed·연준)가 채택한 2% 인플레이션 목표를 둘러싼 논쟁이 확산되고 있다. 과연 목표를 2%로 잡는 것이 미국 경제에 도움이 되느냐는 문제 제기다. 특히 장기 통화정책 기조를 주로 논의하는 연준의 연례 경제정책 심포지엄(잭슨홀미팅)이 이틀 앞으로 다가오면서 물가 목표 변경을 둘러싼 논의는 더욱 활발해지고 있다. 월스트리트저널(WSJ)은 22일(현지 시간) “연준의 금리 인하 시점과 함께 인플레이션을 과연 2%까지 낮춰야 하는지에 대한 여러 인식이 있다”며 “이번 잭슨홀미팅의 주요 논쟁 주제 중 하나가 될 것”이라고 전망했다. 2% 인플레이",,,
483,a81ea846f83f,2021-12-21,경향신문,진보,부동산_대출,농협·신협 부동산건설업 대출 규모 총대출의 30% 이내 제한,"2024년부터 농협과 신협 등 상호금융조합에서 부동산업과 건설업에 대한 대출 규모가 각각 총대출의 30% 이내로 제한되고 합계 대출액은 총대출의 50%를 넘으면 안 된다. 금융위원회는 21일 국무회의에서 이같은 내용을 담은 신용협동조합법 시행령 개정안이 의결됐다고 밝혔다. 이에 따라 신용협동조합법의 적용을 받는 농협, 수협, 신협, 산림조합은 부동산업과 건설업에 대한 대출을 총대출의 30%, 합계액은 총대출의 50% 범위 내에서 각각 운영해야 한다. 상호금융업권의 부동산·건설업 대출 규모는 2016년말 19조4000억원에서 올 6월말 85조6000억원으로 4배 이상 늘었다. 전체 대출에서 차지하는 비중도 같은 기간 6.7%에서 19.9%로 커졌다. 연체율은 2018년말 1.53%에서 2019년말 2.68%까",,,
484,70ecf267122b,2026-03-06,매일경제,경제지,GDP_성장률,경제성장률 4년만에 하향한 중국…74조원 쏟아부어 내수진작 ‘올인’,"전인대서 “4.5~5%” 보고 내수부진·대미 무역악화 영향 소비진작·기술발전에 집중 리창 “다 나은 기초 다질것 R&D 증가율 7%대 유지” 중국이 올해 국내총생산(GDP) 성장률 목표를 4%대로 하향 조정했다. 톈안먼 사태 직후 정치와 경제 질서를 정비하기 위한 ‘치리정돈(治理整頓)’ 정책의 영향으로 성장률 목표 4.5%를 제시한 1991년 이후 35년 만의 최저치다. 장기화하고 있는 부동산시장 부진과 내수 경기 침체, 미국발 무역전쟁과 미국의 이란 공습 등 내우외환 속에 성장 속도보다는 ‘내실 다지기’를 통한 질적 성장을 도모하겠다는 의도로 풀이된다. 리창 중국 국무원 총리는 5일 베이징 인민대회당에서 열린 제14기 전국인민대표대회(전인대) 4차 회의 개막식에서 정부 업무 보고를 통해 올해 GDP 성장률",,,
485,33fdd8560e7a,2025-08-04,중앙일보,보수,최저임금,日최저임금 사상 최고 6% 오른 1만501원…韓 1만320원 제쳤다,"일본 최저임금이 역대 최고 수준으로 오르면서 한국의 최저임금을 다시 추월했다. 4일 니혼게이자이신문(닛케이)과 아사히신문 등에 따르면 일본 후생노동성 중앙최저임금심의회는 전국 평균 시급 기준 최저임금을 현재 1055엔(약 9909원)에서 1118엔(1501원)으로 63엔(약 592원) 인상하기로 했다. 증가액은 물론 인상률 6.0%도 현재와 같은 조정 방식이 도입된 2002년 이후 최고치다. 일본의 최저임금은 지역별로 다르며, 중앙심의회가 제시한 기준에 따라 도도부현(都道府縣·광역지방자치단체) 심의회가 다시 지역 실정에 맞게 조정한다. 현재 최저임금이 가장 높은 지역은 1163엔(약 1만923원)인 도쿄도이며, 가장 낮은 곳은 951엔(약 8932원)인 아키타현이다. 모든 광역지자체가 중앙심의회의 이번 제시",,,
486,34217ac30094,2022-08-10,한겨레,진보,국채_금리,국채 금리 떨어졌는데…회사채와 금리격차는 더 벌어져,"지난달 국고채와 회사채 간 금리 격차(스프레드)가 1%포인트에 육박한 것으로 나타났다. 기업의 신용 위험에 대한 시장의 전망이 그만큼 어두워졌다는 의미로 풀이된다. 10일 금융투자협회가 발표한 ‘7월 장외채권시장 동향’을 보면, 지난달 국내 채권 금리는 하락세를 보였다. 주요 국가에서 정책금리가 큰 폭으로 인상되면서 통화 불확실성이 다소 걷히고, 유가 하락으로 인플레이션이 둔화할 것이라는 전망이 제기된 결과로 풀이된다. 지난달 말 국고채 3년물 금리는 3.009%로 한 달 전보다 0.541%포인트 하락했다. 회사채 금리는 그보다 느리게 떨어지면서 신용 스프레드가 확대됐다. 3년물 기준으로 회사채(AA-)와 국고채 간 스프레드는 지난달 말 0.96%포인트를 기록했다. 한달 전(0.81%포인트)보다 오히려 늘어",,,
487,e8bac0094d87,2025-08-22,매일경제,경제지,물가_인상,日 7월 소비자물가 3.1%↑…쌀은 1년 새 90.7% 폭등,"일본의 7월 소비자물가지수(신선식품 제외 기준)가 1년 전보다 3.1% 오른 것으로 집계됐다고 일본 총무성이 22일 발표했다. 상승률은 전월 3.3%보다 낮아지면서 2개월 연속 축소됐다. 다만 식품가격 상승세 제동이 걸리지 않으면서 3% 넘는 상승률은 8개월째 이어졌다. 시장 전망치 평균값(3.0%)도 소폭 상회했다. 일본 고물가의 주요 요인으로 지목돼온 쌀값은 1년 전보다 90.7% 올랐다. 신선식품을 제외한 식료품 가격은 8.3% 상승했다. 니혼게이자이신문(닛케이)에 따르면 경제전문가들 사이 연내 물가 상승률이 연간 2%대에 안착할 것이라는 전망이 우세하지만, 기업들의 가격 인상 의향이 강해 물가 상승세가 둔화될지는 불투명하다고 짚었다. 제국 데이터뱅크에 따르면 7월에만 2105개 품목의 식품 가격이 인",,,
488,75f8dcd94503,2023-08-13,서울경제,경제지,GDP_성장률,日·유로존 2분기 경제성장률 및 7월 CPI 관심,"[서울경제] 이번 주 발표되는 경제지표 가운데는 일본과 유로존(유로화 사용 20개국)의 2분기 국내총생산(GDP)성장률 및 7월 소비자물가지수(CPI) 등이 글로벌 금융시장의 관심을 끌 전망이다. 최근 경기부진을 겪는 중국에서는 7월 광공업생산·소매판매·고정자산투자 등 경기 상황을 알 수 있는 지표가 발표되며, 미국에서는 7월 연방공개시장위원회(FOMC) 의사록이 공개돼 기준금리 향방에 대한 미 연방준비제도(Fed·연준)의 의중을 가늠할 수 있다. 8월 14일 월요일 8월 15일 화요일 미국 : 7월 소매판매 0.4%(0.2%) 일본 : 2분기 GDP성장률 2.9%(2.7%) 6월 광공업생산 (2.0%) 중국 : 7월 광공업생산 3.9%(3.8%) 7월 소매판매 4.2%(3.1%) 7월 고정자산투자 3.8%",,,
489,b9354bcdffd5,2016-09-01,매일경제,경제지,경기침체,복지 퍼주다가 파탄난 경제…`무능한 좌파` 심판한 민심,"-3.5% 성장·실업률 11% `경제 바닥`…좌파정권 14년만에 퇴장 호세프 ""반드시 돌아올 것"" 위헌訴…테메르 험난한 항해 예고 ◆ 호세프 탄핵 확정 / 페트로달러 환상 깨지자 민낯 드러난 브라질 ◆ 지우마 호세프 브라질 대통령이 결국 탄핵당했다. 브라질 상원은 지난달 31일(현지시간) 전체회의를 열어 호세프 대통령 탄핵안을 표결에 부쳐 찬성 61표, 반대 20표로 통과시켰다. 탄핵 사유는 호세프 대통령이 연방정부의 막대한 재정적자를 막기 위해 국영은행의 자금을 사용하고 이를 되돌려주지 않는 등 재정회계법을 위반했다는 것이다. 브라질 최초의 여성 대통령이었던 호세프는 이로써 1992년 탄핵당한 페르난두 콜로르 지멜루 전 대통령에 이어 브라질 역사상 두 번째로 탄핵당하는 불명예를 안게 됐다. 호세프의 퇴장으",,,
490,efced7c2f88a,2025-01-21,SBS Biz,경제지,국채_금리,"노무라 ""10년물 국채금리, 5~6% 찍을 수도""",■ 모닝벨 '부자들의 투자노트' - 고유미 외신캐스터 이같은 인플레이션 우려에 미국 국채금리는 또다시 상승세를 보이고 있습니다. 트럼프 대통령이 예고한 정책들이 실제로 시행될 경우 국채금리는 더 큰 폭으로 오를 텐데요. 일본 노무라증권의 글로벌 거시 리서치 책임자는 올해 10년물 국채금리가 5~6% 수준으로 오를 수 있다고 경고했습니다. [롭 서브바라만 / 노무라 글로벌 거시 리서치 책임자 : 10년물 국채금리가 올해 5~6% 수준으로 오를 위험이 상당합니다. 현재 1990년대와 상황이 비슷하고 재정적자 문제가 심각합니다. 또한 트럼프 행정부의 정책들이 적어도 임기 첫해에는 인플레이션을 유발할 것이라고 생각합니다. 이는 10년물 국채금리가 5%를 돌파할 위험을 키웁니다.] 당신의 제보가 뉴스로 만들어집니다.,,,
491,7574d590baaa,2024-02-22,연합뉴스,통신사/방송,기준금리,"금리 인하는 언제…전문가 ""일러야 7월, 늦으면 4분기""","이창용 한은 총재 ""상반기 금리 인하 쉽지 않아"" 물가·부동산·가계부채 자극 우려…미국 연준도 '신중' 모드 (서울=연합뉴스) 신호경 한지훈 민선희 기자 = ""개인적으로 상반기 내 금리를 내리기 쉽지 않은 상황이라는 의견을 유지한다"" 이창용 한국은행 총재가 22일 금융통화위원회(이하 금통위)의 금리 동결 결정 직후 인하 시점 관련 질문에 이렇게 답하면서, 시장이 기대한 2분기 인하 가능성은 사실상 사라졌다. 이 총재가 지난달 ""인하는 적어도 6개월 이상 쉽지 않을 것""이라는 발언에 이어 두 차례나 조기 인상에 분명히 선을 그었기 때문이다. 이처럼 섣불리 통화정책 완화에 나섰다가 물가·부동산·가계부채의 불씨를 되살리는 최악의 시나리오를 한은이 걱정하는 만큼, 전문가들은 일러야 7월, 늦으면 4분기께나 인하가 ",,,
492,63ce9fc91d05,2022-03-03,연합뉴스,통신사/방송,GDP_성장률,"작년 1인당 국민소득 3만5천168달러, 10.3%↑…3년만에 반등(종합)","한은 ""경기회복·원화절상·물가 등 영향"" 홍남기 부총리 ""3만5천달러, 괄목할 성과…10위 경제 강국 안착"" 4분기 성장률 1.2%, 속보치보다 0.1%p↑…연간 4.0%는 그대로 (서울=연합뉴스) 신호경 박용주 기자 = 지난해 우리나라 1인당 국민총소득(GNI)이 경기 회복과 원화 가치 상승(원/달러 환율 하락) 등의 영향으로 사상 처음 3만5천달러를 넘어섰다. 4분기 실질 국내총생산(GDP) 성장률은 속보치보다 0.1%포인트(p) 높아졌지만, 연간 성장률(4.0%)에는 변화가 없었다. 한국은행이 3일 발표한 '2021년 4분기 및 연간 국민소득(잠정)' 통계에 따르면 지난해 1인당 GNI는 3만5천168달러로 2020년(3만1천881달러)보다 10.3% 증가했다. 원화 기준으로는 4천24만7천원으로 1년",,,
493,e7530f244869,2017-02-21,연합뉴스,통신사/방송,부동산가격,중국인들 5년간 여의도 면적 6배 땅 샀다,"KB금융경영연구소 보고서…작년에만 여의도 면적 사들여 제주도 외국인 토지 43%가 중국인 소유 (서울=연합뉴스) 송광호 기자 = 닥치는 대로 매입해 전 세계 부동산 가격을 높인다는 원성을 듣는 중국인 투자자들이 국내에서도 부동산을 거침없이 사들이고 있는 것으로 나타났다. 중국인의 부동산 매입은 지난 5년 사이에 5배나 늘었다. 작년에만 여의도 면적(290만㎡) 크기에 육박하는 부동산을 사들여 중국인 소유 부동산은 여의도 면적의 여섯 배로 불어났다. 이는 공시지가 기준으로 2조5천억 원에 달한다. 22일 KB금융경영연구소의 '외국인의 한국 부동산 투자 동향' 보고서를 보면, 2016년 기준 체류 외국인 수는 200만명을 넘었다. 이는 국내 총인구 5천100만 명 대비 약 3.9%에 달한다. 이 가운데 중국인이",,,
494,9ce0141f1e15,2019-08-05,한국경제,경제지,최저임금,"日, 최대 年 720시간 연장근로 허용…최저임금도 지역별·업종별 차등화","일본의 '유연한 노동정책' 일본은 최근 몇 년간 정부 주도로 ‘일하는 방식 개혁’을 추진하면서 근로시간 규제를 강화하고 있다. 최저임금도 꾸준히 올리는 추세다. 하지만 업무 특성과 직종 성격 등을 고려해 근로시간과 최저임금 등을 유연하게 적용한다는 점에서 한국과는 많이 다르다. 일본은 ‘하루 8시간, 1주 40시간’을 법정 근로시간으로 규정하고 있다. 이를 넘어서는 연장근로(초과근무)는 올 4월부터 원칙적으로 연 360시간으로 한도를 정했다. 기업 현장 상황을 고려해 성수기 등 일손이 부족할 때는 연장근로 한도 시간을 연 720시간으로 늘릴 수 있도록 했다. 사업장마다 재량을 인정하는 식으로 유연하게 대응한다. 성수기와 비수기의 하루 업무량 차이가 크고 노동시간을 예측하기 어려운 소매업, 여관업, 음식업 등",,,
495,8ce1f2d910d3,2024-09-04,매일경제,경제지,경기침체,"미국발 경기침체 우려에...코스피 2.8% 급락 출발, 2600도 깨져",미국발 경기 침체 우려가 재점화되면서 코스피가 3% 가까이 급락하며 출발했다. 4일 오전 9시 10분 현재 코스피는 전장대비 60.66포인트(2.28%) 내린 2603.97을 기록하고 있다. 이날 지수는 74.69포인트(2.80%) 내린 2589.94에 출발해 2600선이 미끄러졌다. 외국인의 매도세에 장 초반 2590선과 2600선을 줄다리기 하고 있다. 신규 경제 지표를 두고 경기 침체에 대한 우려가 다시금 높아지면서 지난달 5일 이후 최악의 폭락장을 연출한 데 따른 것으로 풀이된다. 3일(현지시간) 뉴욕증권거래소(NYSE)에서 다우존스30산업평균지수는 전장 대비 무려 626.15포인트(1.51%) 하락한 4만936.93에 거래를 마쳤다. 스탠더드앤드푸어스(S&P)500지수는 전장보다 119.47포인트(,,,
496,07a94efcc217,2017-08-06,연합뉴스,통신사/방송,가계부채,"한은 ""가계부채 규모 과다…경제성장 제약할 수준"" 경고","보고서 ""금리상승시 소비·투자 제약 우려…금융위기 가능성은 낮아"" (서울=연합뉴스) 노재현 기자 = 우리나라 가계부채 규모나 증가세가 성장을 제약할 수준으로 과다하다는 한국은행 경고가 또 나왔다. 한국은행은 6일 해외경제포커스에 게재된 '글로벌 부채 현황과 시사점' 보고서에서 작년 말 기준 우리나라 국내총생산(GDP) 대비 가계부채 비율이 92.8%로 중장기적으로 성장을 제약할 수 있는 과다한 수준이라고 지적했다. 보고서는 전 세계 연구기관에 따라 레버리지(빚으로 투자하는 것) 과잉 여부를 평가하는 기준이 가계부채는 GDP 대비 75∼85%, 기업부채는 80∼90%, 정부부채는 85∼90%(신흥국은 50% 내외)로 대략 추정된다고 전했다. 세계경제포럼(WEF)은 2011년 부채비율(GDP 대비) 임계치를 가",,,
497,63a2926601f7,2023-03-05,연합뉴스,통신사/방송,GDP_성장률,"중국, 성장목표 5% 안팎 제시…91년 이후 최저","(서울=연합뉴스) 중국이 '위드 코로나' 원년인 올해 경제 성장률 목표치를 1991년 이래 가장 보수적인 '5% 안팎'으로 제시했습니다. 리커창(李克强) 중국 국무원 총리는 5일 베이징 인민대회당에서 열린 전국인민대표대회(전인대) 제14기 1차 회의 개막식에서 행한 업무보고에서 올해 국내총생산(GDP) 성장률 목표를 5% 안팎으로 발표했는데요, 이는 1991년(4.5%) 이후 중국 정부가 설정한 가장 낮은 목표치입니다. 지난해 성장률 목표 달성 실패를 경험한 뒤 우크라이나 전쟁 장기화 등에 따른 국제 정세의 불확실성 등을 고려해 비교적 보수적으로 올해 목표를 설정한 것으로 풀이됩니다. 한편, 2013년 2월 중국 국무원 총리 자리에 오른 리 총리는 이날 업무보고를 마지막으로 '2기 10년'에 걸친 총리 임기",,,
498,f07a7561b8bf,2025-08-28,연합뉴스TV,통신사/방송,기준금리,집값 불안에 기준금리 2연속 동결…10월 인하 가능성,"[앵커] 한국은행 금융통화위원회가 불안한 부동산 시장을 이유로 두 차례 연속 기준금리를 동결했습니다. 금리로 집값을 잡을 수는 없지만, 적어도 기대를 자극하지 않겠다는 입장입니다. 김수빈 기자입니다. 한국은행 금융통화위원회가 기준금리를 연 2.5%로 동결했습니다. 지난 7월에 이어 두 차례 연속 동결인데, 이번에도 가장 크게 고려한 건 부동산 시장입니다. 이 총재는 ""금리로 집값을 직접 잡을 순 없다""면서도 ""유동성을 과잉 공급해 기대를 자극하지는 않겠다는 취지""라고 강조했습니다. <이창용 한국은행 총재> ""주택 시장의 가격 상승 기대를 안정시킬 필요가 있다고 판단했고, 향후 정부가 추가적인 부동산 대책을 발표할 경우 등 정책 공조 필요성도 염두에 두고…"" 다만 내년 상반기까지 금리 인하 기조 자체는 유지될",,,
499,3ea7df4f40d9,2023-02-16,한국경제,경제지,국채_금리,美 고용·물가·소비 다 높다…'금리인상 장기화' 전망에 달러·국채 금리↑,"지난달 미국 경제가 고용과 물가에 이어 소비까지 강력했던 것으로 나타났다. 일자리를 지킨 사람들이 고물가에도 지갑을 열면서 인플레이션 완화 속도가 둔화됐다는 평가다. 지난해 미 중앙은행(Fed)의 고강도 기준금리 인상으로 실업자가 늘고, 경기는 위축될 것이라는 시장의 우려가 무색해졌다. Fed의 피벗(정책 기조 전환)은 당분간 어렵다는 전망이 힘을 얻으면서 15일(현지시간) 달러 가치와 국채 금리가 반등했다. 다만 “일시적 호조”라는 신중론자들의 목소리도 아직 크다. ○달러·미 국채금리↑ 15일(현지시간) 주요 6개국 통화 대비 달러 가치를 나타내는 달러 인덱스는 전 거래일 대비 0.67% 오른 103.92를 기록했다. 장중 104.11까지 올라 최근 6주만의 최고치를 썼다. 달러 가치는 미국 기준금리에 대",,,
500,ae47d9f00dfb,2026-03-06,중앙일보,보수,경기침체,"다음달 시진핑 만나 ""美석유 사라""…트럼프, 이란 공습 진짜 목적","도널드 트럼프 미국 대통령이 다음 달 중국을 방문해 시진핑 중국 국가주석에게 미국산 원유를 사라고 요구할 것이란 관측이 나왔다. 잇따른 군사작전으로 베네수엘라·이란의 대(對)중 원유 수출길을 막은 미국은 중국의 ‘에너지 숨통’을 쥔 채 정상회담에 나설 태세다. 월스트리트저널은(WSJ)은 5일(현지시간) 스콧 베센트 미 재무장관이 중국에 러시아와 이란산 원유 및 가스 대신 미국산 구매를 늘리는 방안을 미·중 정상회담 협상 의제로 올리는 방안을 검토하고, 이달 중순 프랑스 파리에서 중국 측 카운터파트인 허리펑 국무원 부총리를 만나 이를 요청하는 방안을 생각 중이라고 보도했다. 베센트 장관은 최근 이러한 방침을 미 전직 관료와 기업 임원, 정책 전문가들과 가진 비공개 간담회에서 밝혔다. 미국의 이러한 움직임은 지",,,
501,66f16ed42710,2021-02-26,한국경제TV,경제지,환율_달러,"금융시장 불안…원·달러 환율, 14원 넘게 급등","미국 국채금리 급등에 따른 금융시장 불안이 커지면서 원·달러 환율이 출렁이고 있다. 26일 오전 9시 12분 기준 서울 외환시장에서 미국 달러화에 대한 원화 환율은 전날보다 1달러에 14.3원 오른 달러당 1,122.1원에 거래되고 있다. 외국인이 국내 증시에서 매도 폭을 확대하면서 외환 시장도 영향을 받는 것으로 풀이된다. 신재근기자 네이버 홈에서 [한국경제TV] 채널 구독하기 [생방송보기] 대한민국 재테크 총집결 ! - [증권 / 주식상담 / 부동산]",,,
502,431f3a4f79ad,2019-02-14,한국경제,경제지,GDP_성장률,"""소주성, 소득은 못 올리고 GDP·투자·고용·생산성에 모두 악영향""","2019 경제학 공동학술대회 경제학자 1500여명 참석…소득주도성장 비판 쏟아져 ""최저임금 인상→소비 증가→성장은 허상"" 결론 ""투자·고용 감소로 잠재성장률까지 떨어뜨릴 것"" ""내년 최저임금 동결하거나 최소한 인상 그쳐야"" [ 김일규 기자 ] “성장과 분배를 동시에 달성할 수 있다는 소득주도성장은 정치인들에게 달콤한 사탕이다. 그러나 결과는 둘 다 실패다.” 경제학자 1500여 명이 참석한 가운데 14일 성균관대에서 열린 ‘2019 경제학 공동학술대회’에서는 현 정부 핵심 정책인 소득주도성장에 대한 통렬한 비판이 쏟아졌다. 경제학자들은 단순한 주장이 아니라 경제학 이론을 통한 실증분석 결과들을 근거로 제시했다. 그러면서 정부가 소득주도성장 정책을 고집하면 잠재성장률마저 떨어뜨릴 것이라고 우려했다. 생산성을 ",,,
503,386bdc69a31d,2026-02-27,한국경제TV,경제지,물가_인상,"교촌·BHC·BBQ 등 ""'꼼수' 가격 인상 안 해""","가격 올리거나 무게 줄이면 1주일 전 공지 국내 주요 외식기업들이 음식 무게를 슬그머니 줄여 가격을 올리는 '꼼수 인상'을 하지 않겠다는 내용의 협약을 맺었다. 최소 1주일 전에 가격 인상 계획을 알리기로 합의한 것이다. 공정거래위원회는 '가격인상 등 정보제공을 위한 협약'을 직영·가맹점 사업을 벌이는 7개 외식기업과 체결했다고 27일 밝혔다. 외식 상품 가격을 인상하거나 중량을 줄일 때는 미리 소비자에게 알린다는 내용이 골자다. 협약에 참여한 기업은 교촌에프앤비, 다이닝브랜즈그룹, 롯데GRS, 비알코리아, CJ푸드빌, 제너시스BBQ, 파리크라상이다. 이들은 권장소비자 가격을 인상하거나 상품 중량을 감축하는 경우, 최소 1주일 전 이 사실을 홈페이지와 언론사를 통해 소비자에게 알리기로 약속했다. 이번 협약은",,,
504,89049e6810bd,2023-03-01,한국경제TV,경제지,반도체_수출,수출 5개월 연속 마이너스…반도체 42.5% 급감,수출이 5개월 연속 마이너스 성장했다. 반면 수입은 늘어나 무역적자 행진이 1년째 이어졌다. 산업통상자원부는 1일 2월 수출입 동향을 발표했다. 지난달 수출액은 501억달러로 작년 같은 달(541억6천만달러)보다 7.5% 감소한 것으로 집계됐다. 수출은 글로벌 경기 둔화 흐름이 이어지는 가운데 반도체 업황 악화의 직격탄을 맞아 작년 10월부터 5개월째 감소세가 계속됐다. 특히 우리나라 최대 수출 폼목인 반도체의 지난달 수출액은 제품 가격 하락으로 작년보다 42.5%(44억달러) 급감하면서 7개월째 내리막을 걷고 있다. 다만 지난해 2월 수출이 동월 기준 역대 최고 실적을 낸 데 따른 기저효과도 일부 영향을 끼쳤다고 산업부는 설명했다. 2월 수입은 554억달러로 3.6% 증가했다. 에너지 수입이 작년보다 19,,,
505,c430d2972f72,2018-02-27,매일경제,경제지,기준금리,"한국은행, 기준금리 2회 연속 동결…연 1.50% (종합)","한국은행이 기준금리를 2회 연속 동결했다. 한은 금융통화위원회는 27일 오전 전체회의를 열고 이달 기준금리를 현 수준인 연 1.50%로 유지해 통화정책을 운용하기로 했다. 한은은 작년 11월 기준금리를 연 1.25%에서 1.50%로 6년 5개월만에 인상한 바 있다. 한은의 이날 결정은 미국 정책금리 인상 속도 가속화 등 글로벌 통화정책이 정상화 움직임을 보이며 한은의 추가 금리인상을 부추기고 있지만, 가계부채의 증가세와 경기회복 불확실성 등이 기준금리 동결에 무게를 더한 것으로 풀이된다. 앞서 한국금융투자협회가 발표한 종합 채권시장지표(BMSI)에 따르면 채권시장 전문가 중 93.0%가 이달 기준금리 동결을 전망하는 것으로 나타났다. 시장은 또 이날 금통위는 다음달말 임기 만료를 앞둔 이주열 총재의 마지막 ",,,
506,a2077e90e706,2024-03-05,한겨레,진보,가계부채,"진보당, 비례대표 1번에 장진숙…2번 전종덕·3번 손솔","진보당이 5일 4·10 총선 비례대표 후보 1번으로 장진숙 공동대표를 선출했다. 진보당은 지난 1일부터 이날까지 권리당원 4만1665명 가운데 3만3338명이 참여한 비례대표 후보 선출 선거를 개표한 결과를 발표했다. 2번 후보로는 전종덕 전 민주노총 사무총장, 3번은 손솔 수석대변인, 4번은 정태흥 당 공동대표가 선출됐다. 1번 장진숙 공동대표는 진보당 민생특별위원장, 지방자치위원장을 역임하며 가계부채119센터와 주민대회 사업을 제안한 진보당의 민생 전문가다. 전종덕 전 사무총장은 32년차 간호사이자 노동 전문가로, 민주노동당 최연소 전남도의원을 지내며 전국 최초로 학교급식조례를 제정했다. 손솔 수석대변인은 이화여대 총학생회장 시절 박근혜 전 대통령 이화여대 방문 거부 행동에 앞장섰으며, 2016년 흙수저",,,
507,1255b51f7274,2020-02-27,연합뉴스,통신사/방송,GDP_성장률,"피치솔루션스, 올 한국 성장률 전망치 2.2%→1.7% 하향","(서울=연합뉴스) 김아람 기자 = 신용평가회사 피치그룹 산하의 컨설팅업체 피치솔루션스는 27일 올해 한국의 경제성장률 전망치를 2.2%에서 1.7%로 낮추고, 한국은행이 올해 안에 기준금리를 한 차례 내릴 것으로 전망했다. 한은은 이날 금융통화위원회 정례회의를 열어 기준금리를 현 수준인 연 1.25%로 동결했다. 올해 경제성장률 전망치는 기존 2.3%에서 2.1%로 하향 조정했다. 피치솔루션스는 ""통화정책방향문에 뚜렷하게 나타난 비둘기파(통화완화 선호) 어조와 신종 코로나바이러스 감염증(코로나19) 사태의 급속한 악화에 따른 성장 둔화 가능성은 한은이 연내 금리를 인하할 수 있다는 의미""라고 평가했다. 이어 ""국내 경제와 외부 환경이 맞을 수 있는 역풍을 반영해 한국의 실질 국내총생산(GDP) 기준 올해 경",,,
508,c702ca04a6d2,2017-02-21,한국경제,경제지,반도체_수출,"수출, 봄기운 완연…이달 들어 26% 급증 '넉 달째 증가세'","[ 이상열 기자 ] 수출이 이달 들어 26% 넘게 급증하며 넉 달째 증가세를 이어갔다. 반도체 자동차 등 주력 제품이 잘나가 수출 호조가 이어질 것이란 낙관론이 힘을 얻고 있다. 다만 올 들어 수출이 두 자릿수 증가한 것은 작년 초 수출이 매우 부진한 데 따른 기저효과 측면이 있어 증가세가 다소 둔화될 가능성이 있다는 지적도 나온다. 21일 관세청에 따르면 이달 1~20일 수출액은 277억2900만달러로 작년 같은 기간(219억6700만달러)보다 26.2% 늘었다. 글로벌 경기 부진에 따른 교역량 둔화로 2년 가까이 감소하던 수출은 작년 11월 2.5%의 증가세로 전환한 뒤 12월 6.4%, 올 1월 11.2% 등으로 회복세를 보여왔다. 2월 들어선 수출 증가세가 더욱 커졌다. 2월 수출 급증은 무엇보다 조",,,
509,39e1c36da6ad,2017-03-02,서울경제,경제지,반도체_수출,반도체發 '경기착시',호실적에 수출 4개월연속 늘었지만 소비는 3개월째↓ [서울경제] 수출이 4개월째 늘면서 회복세가 완연한 반면 소비는 좀처럼 살아나고 있지 않다. 통계청이 2일 발표한 ‘1월 산업활동 동향’을 보면 국내소비(소매판매)는 전월 대비 2.2%나 줄었다. 3개월 연속 뒷걸음질로 지난 2008년 12월 이후 처음이다. 현재의 소비상황이 글로벌 금융위기 때만큼 좋지 않다는 얘기다. 수출과 소비가 엇박자를 보이는 이유는 뭘까. 전문가들은 반도체로 인한 경기 ‘착시현상’으로 설명하고 있다.실제로 지난 2월 수출은 지난해 같은 달보다 20.2% 증가한 432억달러를 기록했다. 여기서 주목할 것은 반도체 실적이다. 우리 수출에서 비중이 15%나 되는 반도체의 수출액은 64억달러다. 지난해 2월(41억달러)보다 무려 23억달러,,,
510,2f4c28385cf0,2016-08-26,연합뉴스,통신사/방송,가계부채,"KB투자증권 ""가계부채 종합대책, 건설株 영향 제한적""","(서울=연합뉴스) 조민정 기자 = KB투자증권은 26일 정부의 가계부채 종합대책에 대해 ""담보인정비율(LTV), 총부채상환비율(DTI) 및 전매 제도가 유지되는 현 정책 기조에서 건설주가 받는 영향은 제한적""이라고 진단했다. 김세령 연구원은 ""가계부채 종합대책이 발표된 어제 현대산업개발과 대우건설 주가는 오히려 4.63%, 2.83% 상승 마감했다""며 ""이미 연초부터 은행권 집단대출이 엄격해지고 개포 주공3단지에 대한 분양 보증이 거절되는 등 주택공급 규제가 나타나던 상황이어서 리스크는 선반영된 상황""이라고 분석했다. 그는 ""저금리 기조, 주택 소유 심리 지속, 임대주택 공급 부족에 따라 실수요자 주도의 부동산 시장 상황이 계속되면서 가격 붕괴가 나타날 가능성은 미미하다""고 예상했다. 김 연구원은 이어 ""공",,,
511,8ca14985af76,2025-10-12,한국경제,경제지,고용동향,제조·건설 일자리 부진 지속될까…9월 고용동향 주목,주간 전망대 15~29세 청년층 취업자 16개월 연속 감소 양질 일자리에 관심 KDI·기재부 경제 동향 16~17일 릴레이 발표 이번 주에는 최근 경기 상황을 가늠할 수 있는 일자리 지표와 경기 동향 보고서가 잇따라 발표된다. 1년 넘게 이어진 청년층과 건설·제조업 일자리 감소세가 진정돼야 본격적인 경기 회복을 기대할 수 있다고 전문가들은 지적한다. 증시를 연일 사상 최고치로 이끌고 있는 ‘반도체 랠리’는 중대한 변곡점을 맞을 전망이다. 국가데이터처는 17일 ‘9월 고용동향’을 발표한다. 올 들어 전체 취업자 수는 지난해 같은 기간 대비 10만 명대 증가세를 유지하고 있다. 하지만 고용시장의 질이 좋지 않다는 점이 정책당국을 곤혹스럽게 하고 있다. 정부 주도의 ‘공공일자리’(보건·사회복지서비스업)가 전체 취,,,
512,271d915eedd0,2021-02-17,조선일보,보수,부동산가격,“부동산 잡으면 쏜다”고 했는데...4년째 주인 못찾은 문재인 피자,"‘피자 공약' 이후 서울 집값 80% 올라...2·4 대책 후에도 “집값 더 오른다” 전망 많아 “부동산 가격을 잡으면 기획재정부에 피자 한 판씩을 쏘겠다!” 문재인 대통령이 취임 두 달여 만인 2017년 7월 27일 한 말이다. 청와대 상춘재 앞 녹지원에서 가진 기업인과의 간담회 자리에서였다. 문 대통령은 구본준 당시 LG 부회장이 직원들에게 피자를 자주 돌려 ‘피자CEO’라는 별명이 있다고 언급하면서 이같이 말했다. 구 부회장이 “전 세계 법인에 피자를 보냈는데, 그 마을에 있는 피자가 다 동난다”고 하자 문 대통령은 “직원들을 단합하고 사기를 높이는 효과가 있겠다”고 말했다. 그러면서 김동연 당시 경제부총리에게 “부동산 가격을 잡으면 제가 피자 한 판씩을 쏘겠다”고 말했다. 현 정부의 1호 부동산 정책",,,
513,699832fbd0e8,2023-02-27,매일경제,경제지,부동산_대출,“집안 망하게 생겼다”...상가 분양자들 패닉에 빠졌다는데,금리 오르고 임대료 떨어지면서 대출 한도 줄어…잔금 마련 못해 “팔고 싶어도 살 사람이 없어” 신도시 상가 투자자들 ‘비상’ “대출이 처음 예상보다 너무 적게나와서 매우 난처한 상황입니다. 임대도 안되고 매매도 안되고요. 계약금 포기하는 수준으로 싸게 내놨는데도 사겠다는 사람이 없어요. 제발 누가 이 상가 좀 가져갔으면 좋겠어요.” 27일 인천 송도 상가를 분양받은 직장인 이모씨는 “3달안에 잔금을 내야하는데 도저히 낼 수가 없다. 잔금 못내면 가산이자가 불어날텐데 상가 하나 잘못 분양받았다가 집안이 망하게 생겼다”면서 하소연했다. 대출 금리가 오르면서 상가 소유주들의 비명이 커지고 있다. 경기 침체로 임대료는 떨어지는데 상가 대출 금리는 오르면서 “갖고만 있어도 손해나는” 상황이 돼버린 것이다. 자금이 부,,,
514,b4b8a8864c69,2020-03-04,SBS Biz,경제지,기준금리,"美연준, 기준금리 0.5%p 긴급 인하…한국은행도 내릴까","◇ 코로나19 추가 확진 516명…누적 5328명 국내 코로나19 환자가 516명 늘어 오늘 0시 기준 누적 확진자가 5300여 명으로 집계됐습니다. 사망자는 대구에서 한 명 추가돼 모두 33명으로 늘었습니다. 더불어민주당과 정부, 청와대는 오늘 오전 회의를 열고 앞으로 마스크 수출을 최소화하고 주말에도 생산을 독려해 공급 물량을 확보하기로 했습니다. ◇ 美 연준, 기준금리 0.5%p 긴급 인하 미국 중앙은행이 기준금리를 0.5% 포인트 기습 인하했습니다. 한국은행도 다음 달 금리를 내릴 거란 전망에 힘이 실리고 있습니다. ◇ 코로나19 추경 11.7조원…역대 최대 규모 정부가 역대 감염병 대응 추가경정예산안 규모로는 가장 큰 11조 7천억 원을 편성하고 내일 국회에 제출하기로 했습니다. 한국인의 입국을 금",,,
515,8067688c2833,2017-08-22,매일경제,경제지,부동산_대출,부동산대출채권펀드 올 수익률 -30% 최악…금리인상·부동산 경기악화 탓,"부동산 대출채권에 투자하는 공모펀드들이 부동산 경기 침체 여파로 우울한 성적표를 받았다. 국내 공모펀드 전체 유형별 수익률 중 최악의 성과를 냈다. 부동산 대출채권 펀드는 부동산 매입이나 개발에 필요한 자금을 빌려주거나 기존 대출을 차환해주고 이자 수익을 추구하는 펀드다. 작년까지만 해도 저금리와 국내 부동산 경기 호조에 힘입어 두 자릿수 수익률을 올렸던 부동산 대출채권 펀드는 올 들어 금리 인상 기조와 부동산 경기 악화 여파로 맥을 못 추는 모양새다. 22일 펀드평가사 에프앤가이드에 따르면 공모 부동산 대출채권 펀드의 연초 이후 수익률은 -30.5%(18일 기준), 최근 6개월과 3개월 수익률은 각각 -30.9%, -23.3%로 집계됐다. 이는국내 공모펀드 전체 유형을 통틀어 가장 나쁜 성적이다. 그나마 ",,,
516,4eedcdb7752d,2021-02-24,연합뉴스,통신사/방송,환율_달러,"코스피-코스닥 하락, 원/달러 환율 상승","(서울=연합뉴스) 홍해인 기자 = 24일 오후 서울 중구 을지로 하나은행 본점 딜링룸 현황판에 코스피, 원/달러 환율, 코스닥 지수 종가가 표시되고 있다. 이날 코스피는 전장보다 75.11포인트(2.45%) 내린 2,994.98에 거래를 마쳤다. 코스닥지수는 전날보다 30.29포인트(3.23%) 내린 906.31에 마감했다. 서울 외환시장에서 원/달러 환율은 전 거래일 종가에서 1.6원 오른 달러당 1,112.2원으로 거래를 마쳤다. 2021.2.24 <저작권자(c) 연합뉴스(https://www.yna.co.kr/), 무단 전재-재배포 금지>",,,
517,bfb5619f9492,2024-09-01,서울경제,경제지,반도체_수출,'반도체·자동차' 동반 하락에…산업 생산 3개월 연속 감소,"車, GM 등 파업에 14.4% 급감 반도체 기저효과 영향 8% 하락 경기위축에 국세수입 8.8조 줄어 소매판매는 4년來 최저 기록하고 동행지수 순환변동치 5개월 연속 ↓ [서울경제] 한국GM과 부품 업체 파업에 지난달 자동차 생산이 전달보다 14% 이상 급감했다. 반도체 생산 역시 기저 효과에 주춤하면서 전산업생산이 3개월 연속 내림세를 이어갔다. 상품 소비도 약세를 보이면서 소매판매지수가 4년 만에 최저치로 주저앉았다. 정부는 일시적인 요인이라고 밝혔지만 경기 전반에 대한 불확실성이 커지고 있다. 통계청이 발표한 ‘7월 산업활동동향’에 따르면 지난달 전산업생산지수는 112.7로 한 달 새 0.4% 감소했다. 전산업생산은 5월(-0.8%)과 6월(-0.1%)에도 마이너스였다. 3개월 연속 감소는 2022년",,,
518,cc65fa71b1ad,2019-02-19,연합뉴스,통신사/방송,환율_달러,미중 무역협상 앞두고 불확실성 지속…원/달러 환율 소폭 상승,"(서울=연합뉴스) 정수연 기자 = 미국에서 열리는 3차 고위급 무역협상을 앞두고 원/달러 환율이 소폭 상승했다. 19일 서울 외환시장에서 원/달러 환율은 오전 9시 34분 현재 전일 종가보다 1.1원 오른 1,126.9원을 나타냈다. 이날 환율은 0.2원 오른 1,126.0원에 거래를 시작한 후 상승폭을 다소 확대했다. 미국 워싱턴 D.C.에서 열릴 고위급 무역협상을 앞두고 불확실성이 지속해 투자심리가 살아나지 못하는 것으로 풀이된다. 백악관은 15일 미중 협상 결과에 대해 ""세밀하고 집중적인 협상이 진전으로 이어졌다""면서도 ""여전히 많은 일이 남아있다""고 밝혔다. 미중 양측 무역협상단은 지난 14∼15일 중국 베이징에서 2차 고위급 협상을 한 데 이어 곧바로 이번 주 3차 협상을 이어가기로 합의했다. 미 ",,,
519,bd7a8425766b,2018-08-31,경향신문,진보,기준금리,"한은, 기준금리 연 1.50%로 동결","한국은행이 31일 예상대로 기준금리를 연 1.50%로 동결했다. 지난해 11월 0.25%포인트 인상 이후 여섯번째 동결 결정이다. 고용 악화와 내수 부진, 미·중 무역 갈등, 신흥국 불안 등 대내외 불안한 여건을 감안했을 때, 금리를 인상하기엔 역부족이라는 판단이 작용했다. 한은은 31일 오전 서울 중구 태평로 본부에서 이주열 총재(사진) 주재로 금융통화위원회를 열고 기준금리를 연 1.50%로 유지했다. 이번 동결 결정은 시장에서는 어느 정도 예상했던 결과다. 고용은 지난달 취업자 수가 지난해 대비 5000명 늘어나는 데 그치면서 글로벌 금융위기 직후인 2010년 1월 이후 8년6개월 만에 가장 낮은 수준이다. 물가도 여전히 한은의 목표치를 밑돌고 있다. 7월 소비자물가지수는 1년 전보다 1.5% 오르는데 ",,,
520,bfcd0907254f,2026-02-26,한국경제,경제지,경기침체,경기 침체 속 입지·브랜드·상품성 갖춘 단지 강세,"주변 아파트 대비 매매가 높아 ‘힐스테이트 더 운정’ 본격 입주 전반적인 부동산 경기 침체에도 입지·브랜드·상품성을 갖춘 이른바 ‘삼박자’ 아파트 단지에는 수요가 쏠리면서 강세를 보이는 양상이다. 26일 업계에 따르면 교통입지 여건이 빼어나고 브랜드 대단지에다 입주민 전용 커뮤니티 등 차별화 설계가 적용된 아파트 단지는 똘똘한 한 채를 선호하는 실수요가 집중되면서 집값도 상승세를 유지하고 있다. 실제로 경기 고양시 장항동에 현대건설·GS건설·포스코이앤씨 컨소시엄 시공으로 2019년 8월 입주한 ‘킨텍스 원시티’ 3블록 전용면적 84㎡의 최근 1개월 평균 실거래가는 13억원이다. 3.3㎡당 평균 3,616만원으로 장항동 주변 아파트(2,755만원) 평균을 크게 웃돌고 있다. 단지가 GTX-A 노선 서울역까지 ",,,
521,d290bffea363,2016-08-26,연합뉴스,통신사/방송,기준금리,"코스피, 美 금리인상 우려에 2,030선 후퇴 마감","삼성전자, 외인 매도에 사흘째 약세…코스닥 680선 턱걸이 (서울=연합뉴스) 장하나 기자 = 코스피가 26일 미국 기준금리 인상 우려에 2,030선으로 주저앉았다. 이날 코스피는 전 거래일보다 5.42포인트(0.27%) 내린 2,037.50으로 장을 마감했다. 지수는 전 거래일보다 6.18포인트(0.30%) 밀린 2,036.74로 출발한 뒤 장중 한때 2,030선 밑으로 밀려나기도 했으나 기관의 '사자'에 낙폭을 일부 줄였다. 지수가 2,030선으로 후퇴한 것은 지난 8일(2,031.12) 이후 13거래일 만이다. 우리나라 시간으로 이날 밤 12시 예정된 재닛 옐런 미국 연방준비제도(Fed·연준) 의장의 잭슨홀 심포지엄 연설을 앞두고 연준 위원들이 기준금리 인상을 지지하는 발언을 해 투자심리가 위축됐다. 에",,,
522,1ae3b46a0355,2021-09-03,경향신문,진보,기준금리,금리인상·대출 규제에도 수도권 아파트 매수심리 상승,"기준금리 인상과 금융권의 대출 규제에도 서울을 비롯한 수도권 아파트 매수심리는 더 강해진 것으로 나타났다. 3일 한국부동산원에 따르면 8월 다섯째주(30일 기준) 수도권 아파트 매매수급지수는 111.7로 지난주(110.8)보다 0.9포인트 올랐다. 매매수급지수는 기준선인 100을 넘을수록 수요가 공급보다 많다는 뜻이다. 서울이 105.6에서 106.5로 오른 데 이어 경기(113.1→114.0)와 인천(113.6→114.8) 모두 지난주 대비 매매수급지수가 상승했다. 한국은행이 15개월 만에 기준금리를 0.25%포인트 인상하고, 일부 시중은행이 신규 주택담보대출을 중단했지만 수도권 전역에서 매수심리는 꺾이지 않고 있다. 서울에선 ‘노도강’(노원·도봉·강북구)이 속한 동북권 매매수급지수가 110.0으로 가장 ",,,
523,8c4f54ee3cc3,2019-02-28,연합뉴스,통신사/방송,물가_인상,4월부터 기초연금 3천750원 인상…작년 물가상승 1.5% 반영,"소득 하위 20% 노인은 소득인정액 월 5만원 이하면 월 30만원 받아 (서울=연합뉴스) 서한기 기자 = 4월부터 소득 하위 20% 노인을 뺀 일반 기초연금 수급자가 받는 기준연금액이 월 25만원에서 월 25만3천750원으로 3천750원 오른다. 소득 하위 20% 노인은 기초연금으로 월 최대 30만원을 받는다. 28일 보건복지부에 따르면 4월부터 2019년도 기초연금 기준연금액이 현행 월 25만원에서 소득 하위 20% 노인은 월 30만원으로, 그 밖의 일반 기초연금 수급자는 월 25만3천750만원으로 각각 정해졌다. 정부는 65세 이상 노인 중 소득·재산 하위 70% 노인에 2018년 9월부터 월 최대 25만원의 기초연금을 지급하고 있다. 이 중에서 소득 하위 20% 노인에게는 소득인정액이 월 5만원 이하면",,,
524,c9784ca21bf7,2020-03-02,매일경제,경제지,국채_금리,국채 3년물 장중 신저점…강세장 이어질듯,"코로나여파 채권에 몰리는 돈 한때 금리 1.077% 저점 경신 주요국 부양책에 상승마감 시장 ""추세전환까진 아니야"" 外人도 올해 국채 4조 순매수 美채권강세·금리인하 기대에 북미채권펀드 연수익률 13% 지난달 28일(현지시간) 사상 최저치를 경신한 미국 채권에 이어 한국 채권도 단기물에서 장중 한때 사상 최저치를 갈아치웠다. 주요국 경기부양책 발표와 기대감으로 인해 위험자산 선호 심리가 일부 회복되긴 했지만, 코로나19 여파로 당분간 채권 강세장은 이어질 전망이다. 연일 최저치를 경신하는 채권 금리 덕에 채권 펀드도 좋은 성과를 내고 있다. 2일 서울 채권시장에서 국채 3년 금리는 오전 한때 사상 최저치인 1.077%를 기록했다. 이날 오전 동안 채권시장은 코로나19 확진자 증가세가 계속되면서 강세장을 이어",,,
525,9e4b98f02639,2018-08-31,매일경제,경제지,환율_달러,"""LG이노텍, 환율환경·사업 실적 모두 맑음""","미래에셋대우는 31일 LG이노텍에 대해 원달러 환율 상승의 긍정적인 영향뿐 아니라 광학솔루션 사업부 실적 호조로 3분기 실적이 전 분기에 이어 대폭 개선을 이룰 것이라며 목표주가 21만원과 투자의견 '매수'를 유지했다. 미래에셋대우는 LG이노텍의 3분기 매출을 2조4126억원으로 제시했다. 이는 전년 동기 대비 35%, 전 분기 대비 59% 증가한 수준이다. 영업이익은 전년 동기 대비 129%, 전 분기 대비 855% 늘어난 1279억원으로 추정했다. 박원재 미래에셋대우 연구원은 ""사업 실적 호조와 환율환경을 고려해 기존 추정치 2조2780억원 및 1205억원을 각각 5.9% 및 6.1% 올렸다""며 ""광학솔루션 사업부는애플이 9월 아이폰 3종을 출시할 것으로 예상되면서 8월 말부터 본격적인 납품이 시작될 것",,,
526,89e1be2a521c,2018-08-20,연합뉴스,통신사/방송,고용동향,"백운규 ""누진제 폐지하면 1천400만가구 전기요금 올라""(종합)","""산업정책에 몰입하려는데 탈원전에 발목 잡혀"" ""자동차 개소세 인하 내년 상반기까지 연장 건의"" (세종=연합뉴스) 김동현 기자 = 산업통상자원부가 주택용 전기요금 누진제를 폐지하고 단일 요금제를 도입할 경우 1천400만 가구의 전기요금 부담이 증가할 수 있다고 밝혔다. 백운규 산업통상자원부 장관은 20일 세종시에서 열린 기자간담회에서 ""누진제를 바꾸려면 현재 누진제 1단계를 쓰는 800만 가구, 2단계 600만 가구 등 총 1천400만 가구의 전기요금이 올라야 한다""고 밝혔다. 백 장관은 ""누진제를 손봐서 1천400만 가구의 전기요금이 오른다고 하면 가만히 있겠느냐""며 ""굉장히 쉽지 않다""고 말했다. 현행 누진제는 전력 사용량이 200kWh 이하인 1구간에 1kWh당 93.3원을 적용한다. 2구간(201∼4",,,
527,e745c42a4db4,2020-01-16,서울경제,경제지,부동산_대출,"라임이 투자한 1억弗, 해외부동산대출에 물렸다","캄보디아 PF투자금 환수 못해 [서울경제] 환매 중단된 라임자산운용의 사모펀드 투자액 가운데 1억달러가 개발이 힘든 캄보디아 부동산 프로젝트파이낸싱(PF) 대출에 묶인 것으로 확인됐다. 16일 자산운용 업계에 따르면 사모사채 모(母)펀드인 ‘플루토 FI D-1호’에서 파생결합증권(DLS)을 통해 투자한 캄보디아 리조트 PF 대출 1억달러(약 1,160억원)가 만기가 지났음에도 상환되지 않고 있는 것으로 파악됐다. DLS는 또 다른 사모펀드 운용사인 라움자산운용의 부동산대출 사모펀드를 기초자산으로 하고 있다. 대출은 지난 2018~2019년 이뤄졌고 대출이자는 연 13%대, 만기는 지난해 10월 말이었다. 업계 관계자는 “실사단이 현지를 방문했으나 현재로서는 언제 개발될지 알 수 없는 상태인 것으로 파악됐다”",,,
528,4142f826a21f,2025-09-03,연합뉴스,통신사/방송,반도체_수출,"코트라, '세미콘 인디아'에 한국관…반도체 전시·수출 지원","""인도 반도체 시장 급성장…2030년 1천억달러로 세계시장 10% 차지 전망"" (서울=연합뉴스) 김동규 기자 = 대한무역투자진흥공사(코트라)는 지난 2일 인도 뉴델리 인근 야쇼부미 컨벤션센터에서 사흘간의 일정으로 개막한 '세미콘 인디아 2025'에 한국관을 열고 국내 기업의 인도 진출을 지원하고 있다고 3일 밝혔다. 세미콘 인디아는 인도 정부가 전략 산업으로 육성 중인 반도체 산업과 관련한 인도 최대 전시회다. 올해는 타타, 케인즈세미콘, 마이크론 등 글로벌 장비·소재 기업과 투자기관 등 350여곳이 참가했다. 한국을 비롯해 일본, 싱가포르, 말레이시아 등 4개국은 국가관을 차렸다. 한국관에서는 국내 유망 반도체 기업 5개사의 제품을 전시하고 기업간거래(B2B) 상담 공간을 마련해 수출 상담을 진행한다. 코",,,
529,423b63d9af7d,2021-08-26,연합뉴스,통신사/방송,GDP_성장률,"한은, 올해 성장률 전망 4.0% 유지…물가는 2.1%로 올려(종합)","내년 물가 상승률도 1.4%→1.5%, 내년 성장률 3.0% 그대로 4차유행 타격, '수출·온라인소비·재정지출로 상쇄' 판단한 듯 (서울=연합뉴스) 신호경 기자 = 한국은행은 신종 코로나바이러스 감염증(코로나19) 4차 대유행에도 불구, 올해 실질 국내총생산(GDP) 성장률 전망치를 4.0%로 유지했다. 수출 호조와 온라인 소비 증가, 정부의 재난지원금 등 재정 정책 효과를 고려한 것으로 해석된다. 하지만 소비자물가 상승률의 경우 원유·원자재 가격 상승, 소비 회복 등을 반영해 2.1%로 올려 잡았다. 한은이 26일 발표한 수정 경제전망에서 올해 실질 GDP 성장률은 4.0%로, 지난 5월 전망치와 같았다. 7월 초 이후 약 두 달 가까이 코로나19 4차 유행과 강화된 거리두기가 이어지고 있지만, 경제 회복",,,
530,81425a5cba87,2018-12-06,SBS Biz,경제지,경상수지,경상수지 80개월 연속 흑자…‘역대 최대치’ 수출 영향,"■ 경제와이드 백브리핑 시시각각 <앵커> 지난 10월 경상수지가 역대 가장 긴, 80개월 연속 흑자 행진을 이어갔습니다. 수출이 사상 최대 기록을 세운 영향이 큰 것이라는 분석인데요. 자세한 내용, 취재기자 연결해 알아보겠습니다. 정지환 기자, 이번에 경상수지 흑자가 얼마나 확대된 겁니까? <기자> 한국은행에 따르면 지난 10월 경상수지는 91억9천만달러 흑자를 기록했습니다. 이로써 지난 2012년 3월 시작한 흑자기록이 80개월 연속 이어진 건데요. 흑자규모는 한달 전인 9월에 비해서는 줄어들었지만, 1년 전보다는 60% 넘게 커졌습니다. <앵커> 이렇게 최장기간 흑자를 이어갈 수 있었던 이유는 뭘까요? <기자> 수출입 차이를 나타내는 상품수지가 큰 영향을 미쳤습니다. 10월 수출액은 1년 전보다 30% ",,,
531,bde7b5a3da49,2016-09-05,한국경제,경제지,부동산_대출,"김재수 장관 취임 일성 ""언론사 고발""","""청문회 과정서 시골 출신 흙수저라고 무시당했다"" ""인사청문회 방식 바꿀 것"" ""화풀이식 대응 부적절"" 지적도 [ 김재후/이승우 기자 ] 김재수 농림축산식품부 장관(사진)의 첫 취임 일성은 ‘언론사 고발’이었다. 김 장관은 5일 정부세종청사에서 열린 취임식 직후 기자실을 찾아 “청문회 과정에서 의도적으로 사실을 왜곡한 언론에 대해 법적 조치를 하겠다”고 밝혔다. 김 장관은 이날 모교인 경북대 커뮤니티에 쓴 글에 대해 해명하면서 목소리를 높였다. 그는 커뮤니티에서 “이번 청문회 과정에서 온갖 모함과 음해, 정치적 공격이 있었다”며 “시골 출신(경북 영양)에 지방학교를 나온 이른바 ‘흙수저’라고 무시당한 것”이라고 주장했다. 그러면서 “언론도 당사자의 해명은 전혀 듣지 않고 야당 주장만 일방적으로 보도했다”며 ",,,
532,367c7962ab8e,2021-08-27,매일경제,경제지,가계부채,"고승범 후보자 ""필요시 가계부채 추가대책 추진…정책역량 총동원""","고승범 금융위원장 후보자는 27일 앞으로 가계부채 관리를 최우선 역점 과제로 삼고 가능한 모든 정책역량을 총동원해 관리를 강화해 나갈 것""이라고 밝혔다. 고 후보자는 이날 오전 10시 국회 인사청문회 모두발언을 통해 ""금융위원장이라는 중책을 맡게 된다면 최근의 대내외 여건 변화에 대응하면서 금융시스템의 안정과 금융산업의 발전을 위한 금융정책을 설계하고 추진해 나가겠다""고 말했다. 그는 ""특히, 이미 발표한 가계부채 대책을 차질없이 추진하면서 필요 시 추가대책도 마련하겠다""고 강조했다. 다만, 서민·취약계층의 불편이 없도록 보완대책을 병행하는 한편 코로나19 피해가 가장 큰 소상공인에 대한 금융지원을 차질없이 추진하겠다고 덧붙였다. 다음달 끝나는 중소기업·소상공인 대출 만기연장과 상환유예 조치를 연장할지 여부",,,
533,5f975198b6b7,2017-02-28,SBS Biz,경제지,경기침체,경기침체 속 벤처 '붐업'…작년 벤처투자펀드액 사상 최대,"■ 경제와이드 백브리핑 시시각각 <앵커> 지난해 벤처기업은 총 3만3천개까지 늘었습니다. 우리 경제의 저성장 기조가 장기화되고 최악의 실업난이 지속 되는 가운데 창업은 우리 경제의 새로운 돌파구로 꼽히고 있습니다. 이런 창업 열기를 북돋우는 자리가 열렸습니다. 현장에 나가 있는 취재기자 연결해 보겠습니다. <앵커> 박기완 기자, 현장 분위기는 어떻습니까? <기자> 네, 저는 대한민국 창업혁신 페스티벌 현장에 나와 있습니다. 지금 이곳에는 벤처스타트업 250개 업체가 참여해 투자자들에게 사업을 소개하고 투자유치를 하는 장이 열리고 있습니다. 침체된 경제 상황 속에서 열린 오늘 행사는 창업 열기가 뜨겁게 달아오르고 있습니다. 스타트업 벤처기업들의 제품과 서비스를 소개하는 장소도 마련돼 있습니다. 오늘 오전 9시",,,
534,5a90e44095cd,2019-03-04,SBS,통신사/방송,경상수지,"정부 ""북미 정상회담 결렬 이후 단기 시장 변동성 확대 주의""","정부는 2차 북미 정상회담 결렬이 국내외 금융시장에 미치는 영향이 '제한적'이라고 판단하면서도 시장 변동성이 확대되는 것을 주의해야 한다고 경고했습니다. 정부는 4일 서울 명동 은행회관에서 이호승 기획재정부 1차관 주재로 거시경제금융점검회의를 열고 이같이 진단했습니다. 이 차관은 이날 모두발언에서 ""국제금융시장에는 미중 무역협상, 브렉시트, 세계 경기둔화 우려 등 불확실성이 남아 있다""면서 ""이런 요인과 맞물려 단기적으로 시장 변동성이 확대하는 것을 주의해야 한다""고 말했습니다. 그는 ""북한 관련 이벤트가 미치는 영향이 대체로 일시적이고 제한적이었던 만큼 회담 결과가 국내 금융시장에 직접 미칠 영향은 크지 않을 것""이라고 내다봤습니다. 이어 신용부도스와프(CDS) 프리미엄이 2008년 금융위기 이후 가장 낮",,,
535,e32374ef4563,2019-02-28,한겨레,진보,기준금리,"한은 금통위, 기준금리 1.75% 동결","올해 두번째 통화정책방향 결정회의 ‘금리인상 요인 힘 빠졌지만, 인하는 시기상조’ 판단 한국은행 금융통화위원회는 28일 오전 서울 중구 세종대로 한은 본관에서 이주열 의장 주재로 통화정책방향 결정회의를 열고, 현 1.75%인 기준금리를 유지해나가기로 결정했다. 지난해 11월30일 기준금리를 1.5%에서 1.75%로 올린 뒤, 지난달에 이은 두번째 동결이다. 이날 회의를 앞두고 시장에서는 일찌감치 동결 불가피론이 퍼져 있었다. 미국 연방준비제도(Fed)의 통화정책정상화(금리인상) 속도가 지난해 말~올해 초를 거치며 확실히 꺾인 데다, 가계부채 증가세도 어느 정도 안정기에 접어들었기 때문이다. 한은을 압박했던 강력한 금리인상 압박 요인들의 힘이 빠지면서, 경기가 나쁜데도 금리를 올려야 하는 곤혹스러운 처지에서 ",,,
536,c651111d8a6f,2022-03-03,SBS Biz,경제지,가계부채,4% 육박한 은행 가계대출 금리…예대금리차도 확대,"국내 은행의 가계대출 금리가 또 한 번 상승하며 4%대에 육박했습니다. 약 8년 만의 최고 수준인데요. 관련해서 최나리 기자와 얘기 나눠보겠습니다. 우선, 가계대출 금리 얼마나 올랐습니까? 지난달 전체 가계대출 금리는 연 3.91%로 집계됐습니다. 전월보다 0.25% 포인트 올랐는데, 약 8년 만에 가장 높은 수준입니다. 특히 주택담보대출 금리가 연 3.85%로 나타났습니다. 지난달까지 최근 8개월 동안 1% 포인트 이상 꾸준히 올랐는데요. 2013년 4월(3.86%) 이후 가장 높은 수준입니다. 신용대출 금리 역시 5.28%로 2014년 이후 최고를 기록했습니다. 한국은행은 ""장단기 지표금리가 오르고 중금리 대출이 확대되며 전체적으로 가계대출 금리가 상승했다""고 설명했습니다. 예대금리차도 더 커졌겠군요? ",,,
537,a5d6bd2f6c37,2023-01-02,한국경제TV,경제지,부동산_대출,대출 규제 풀어 부동산 시장 연착륙 유도…DSR은 유지,금융당국이 지난해에 이어 새해에도 부동산 시장의 연착륙 유도를 위해 대출 규제 완화 기조를 이어가지만 총부채원리금상환비율(DSR) 규제만큼은 유지할 전망이다. 주택담보대출비율(LTV)에 이어 개인별 DSR 규제까지 완화할 경우 돈을 갚을 능력을 초과한 대출이 이뤄져 우리 경제의 아킬레스건으로 꼽히는 가계 부채 문제를 악화시킬 우려가 있기 때문이다. 2일 금융권 등에 따르면 금융당국은 지난해 12월 '2023년 경제정책방향'에서 서울 등 규제지역 내 다주택자를 상대로 한 주택담보대출 금지 규제를 해제하고 LTV 상한을 30%로 적용하는 등 부동산 금융규제 완화 방안을 내놨으나 DSR 규제만은 유지할 방침이다. 금융위원회와 금융감독원 등 금융당국은 현행 DSR 규제만 유지한다면 금융회사가 개별 차주의 빚 상환 ,,,
538,0cbe707e738b,2018-02-27,한국경제TV,경제지,기준금리,"마지막 금리 '동결'…이주열 ""금리 역전 문제없다""","<앵커> 한국은행이 기준금리를 석달째 동결하면서 한·미간 금리 역전이 임박했습니다. 마지막으로 금리 결정 통화정책회의를 주재한 이주열 총재는 자본유출 우려는 크지 않다고 진단했습니다. 정원우 기자입니다. <기자> 한국은행 금융통화위원회는 이달 기준금리를 연 1.50%로 유지했습니다. 기준금리는 지난해 11월 인상된 뒤 석달째 같은 수준을 이어가게 됐습니다. 금통위는 경기 회복세가 견조하다면서도 낮은 물가상승 압력에 따라 당분간 통화완화 기조를 유지해나갈 것이라고 금리 동결 이유를 밝혔습니다. 다음달 임기가 끝나는 이주열 총재가 주재한 마지막 금리 결정 회의라는 점도 금리 추가 인상에는 부담이었습니다. 이런 가운데 미국 연준의 3월 금리 인상 가능성은 높아지고 있습니다. (CME ""美 3월 금리 인상 가능성 ",,,
539,0be8aa37d417,2022-02-11,조선일보,보수,최저임금,"“CEO 임금, 최저임금 30배 이내로” 沈 주장에… 李 “중국이 너무 좋아할 것”","이재명 더불어민주당 대선 후보는 11일 대선 후보 4자 토론에서 “정의당이 가진 이상적 가치를 존중한다”고 했다. 이 후보는 이른바 ‘살찐고양이법’을 언급하며 이 같이 말했다. 살찐 고양이법은 심상정 정의당 대선 후보가 낸 공약으로, 국회의원과 공공기관 임원 연봉을 최저임금(연봉 환산)의 5배, 7배로 제한하자는 것이다. 민간기업 최고경영자의 임금은 최저임금의 30배로 제한하자고도 했다. 이 후보는 “서생의 문제 의식과 상인의 현실 감각을 가져야 한다는 것은 존중한다”면서도 “가끔 현실과 동떨어진다”고 했다. 이어 “민간 부문 최고경영자의 임금을 (최저임금의) 30배로 제한한다면, 삼성전자 등 고위 임원이 중국으로 빠져나갈 수 있다”며 “중국이 삼성전자 등 고위급 임원을 기술 유출을 위해 영입하려고 한다. ",,,
540,5504fd2133ed,2018-10-11,MBC,기타,경상수지,수출 호조 덕에…경상수지 사상 최장 78개월 연속 흑자행진,"글로벌 교역 회복세와 반도체 수출 호조 속에 경상수지가 사상 최장 흑자행진을 이어갔습니다. 한국은행이 내놓은 '2018년 8월 국제수지' 잠정치를 보면 지난 8월 경상수지는 84억 4천만 달러 흑자로 2012년 3월부터 이어온 사상 최장 흑자 기록을 78개월로 늘렸습니다. 상품수지는 세계 교역 증가세는 물론 반도체 호조 등에 힘입어 상품 수출이 지난해보다 11.7% 증가한 532억 7천만 달러, 상품수입은 9.2% 늘어난 420억 3천만 달러로 112억 4천만 달러 흑자를 냈습니다. 서비스 수지는 중국인·일본인 입국이 늘어 14억 달러의 여행 수입을 올렸지만, 휴가철 해외여행객도 늘면서 여행지급액이 29억 4천만 달러에 달해 21억 1천만 달러 적자를 냈습니다. 미국 금리 인상과 미·중 무역분쟁 우려 속에 ",,,
541,4b4885c3b4c1,2025-08-01,매일경제,경제지,가계부채,GDP대비 가계부채 비율 10%P 낮춘다,"전세대출 DSR규제 국정과제로 주택담보대출 늘리는 금융사 적립금 부담 15%→25%로 가산금리 산정기준도 개편해 취약계층 이자 부담 경감 추진 정부가 가계부채 억제 정책을 국정과제로 추진한다. 현재 90%인 국내총생산(GDP) 대비 가계부채 비중을 중장기적으로 80%대까지 낮추면서 자산 건전성을 끌어올린다는 로드맵을 만들었다. 6·27 부동산 대책과 7월 총부채원리금상환비율(DSR) 규제 강화로 주택 구매용 자금줄을 묶은 데 이어 전세대출에 대해서도 집중 관리에 나서겠다는 것이다. 또 정부는 은행권 주택담보대출과 부동산 투자분(익스포저)에 대한 자본 적립 의무를 강화해 규제 강도를 높인다. 대신 고정금리 대출 상품을 늘리고, 가산금리를 개편해 대출금리를 낮추는 식으로 서민 부담을 완화하기로 했다. 이재명 대",,,
542,b135d19b4b25,2018-12-10,SBS,통신사/방송,경상수지,日 10월 경상수지 13조 원 흑자…52개월 연속,"일본의 지난 10월 경상수지가 1조 3천99억 엔, 약 13조 890억 원 흑자를 기록했다고 일본 재무성이 발표했습니다. 52개월 연속 경상수지 흑자이지만, 흑자 폭은 전년 동월 2조 1천885억 엔보다 8천786억엔, 40.1% 감소했습니다. 원유가격 상승으로 원유 및 액화천연가스 수입액이 증가하면서 수출액에서 수입액을 뺀 무역수지가 3천217억엔 적자를 기록한 것이 무역수지 흑자 감소로 이어졌습니다. 수출은 전년 동월보다 7.7% 증가한 7조 886억 엔이었지만 수입은 20.5% 증가한 7조 4천104억 엔이었습니다. 외국인 여행객의 소비가 반영된 여행수지는 1천835억엔 흑자였습니다. 이는 홋카이도 지진 등의 영향으로 감소했던 외국인 여행객이 다시 늘어난 데 따른 것입니다. 실제 일본정부관광국에 따르면",,,
543,1b86e50c275a,2017-02-21,연합뉴스,통신사/방송,가계부채,"가계부채 1천300조 돌파…""빚 권하는 불안한 사회""","(서울=연합뉴스) 이정현 기자 = 한국은행은 21일 가계부채를 나타내는 통계인 가계신용 잔액이 작년 말 1천344조3천억원(잠정치)이라고 발표했다. 그동안 가계부채가 1천300조원을 넘은 것으로 추정됐지만, 공식적 통계로 확인되기는 처음이다. 누리꾼들은 가계부채가 정부의 부동산정책과 무분별한 소비행태 때문이라고 주장하면서도 가계부채발 경제위기 가능성을 불안해했다. 네이버 아이디 'dald****'는 이날 연합뉴스 관련 기사에 댓글을 달고 ""이게 다 집 때문""이라며 ""집값을 감당 못 할 수준까지 끌어 올려놓은 정부의 무능 탓""이라고 비판했다. 'sm31****'도 ""집값 때문에 1인당 부채 금액이 올라간 것""이라며 ""집이 여러 채 있는 사람은 상관없지만, 서민은 은행에 월세 주는 실정이니 불안한 현실이다. 껍",,,
544,361b1ad232de,2026-02-26,연합뉴스,통신사/방송,수출입동향,인천 1월 수출 50억달러 첫 돌파…일평균 수출액은 감소,"(인천=연합뉴스) 최은지 기자 = 올해 인천의 1월 수출액이 역대 1월 중 처음으로 50억달러를 돌파하며 최대 실적을 기록했다. 26일 한국무역협회 인천지역본부가 발표한 '2026년 1월 인천 수출입동향' 보고서에 따르면 지난달 인천 수출은 전년 같은 달 대비 16.9% 증가한 50억7천만달러를 기록했다. 수입은 4.4% 감소한 49억1천만달러로 집계돼 무역수지는 1억5천만달러 흑자를 냈다. 반도체(20.3%), 자동차(39.8%), 화장품(47.5%) 등이 수출 증가세를 이끌었다. 반도체의 경우 대중국 수출은 13개월 연속 감소했으나, 베트남(132.9%), 대만(63.3%), 싱가포르(50.8%)로의 수출이 대폭 늘어 감소 폭을 만회했다. 자동차 수출은 인천에서 생산되는 소형 스포츠유틸리티차(SUV) 차",,,
545,66528af52a1c,2025-03-02,한국경제TV,경제지,기준금리,요지부동 대출금리 내린다…인하폭은 '주저',"한국은행의 기준금리 추가 인하에 당국 압박까지 더해지자 신한은행과 KB국민은행, 우리은행 등 주요 은행들이 속속 대출 금리를 낮추고 있다. 2일 금융권에 따르면 신한은행은 이번 주 가계대출 상품의 가산금리를 낮출 예정이다. 이번 주 초 결정될 인하 폭은 최대 0.2%포인트(p) 정도로 검토되고 있다. 앞서 1월 14일 가계대출 가산금리를 0.05∼0.30%p 일제히 낮춘 데 이어 올해 들어 두 번째 인하다. KB국민은행도 3일 은행채 5년물 금리를 지표로 삼는 가계대출 상품의 금리를 0.08%p 낮춘다. 가산금리 조정은 아니지만, 기준금리 인하에 따른 시장금리 하락분을 최대한 빨리 대출금리에 반영하자는 취지다. 우리은행은 이미 지난달 28일 주택담보대출 5년 변동(주기형) 상품의 가산금리를 0.25%p 낮췄",,,
546,455f660b719a,2023-08-08,SBS Biz,경제지,가계부채,"주담대 왜, 얼마나 더 오르나…가계부채 '빨간불'","[앵커] 대출금리가 오르면서 이자 부담이 계속 커지고 있는데요. 언제까지 오를지, 가계부채 관리는 가능한지, 좀 더 자세히 짚어보겠습니다. 오서영 기자, 최근 주담대 금리 상승은 시장금리가 오른 탓도 있지만, 은행들의 가열되고 있는 것도 원인이죠? 그렇습니다. 앞서 리포트에서 보신 것처럼 대출금리가 오르는 건 예금금리가 오른 것도 영향이 큽니다. 예금금리 상승은 주담대 변동금리의 기준이 되는 코픽스 금리를 끌어올리기 때문인데요. 은행권 예금금리는 지난 4월 3.43%에서 지난 6월 3.69%로 계속 상승하고 있습니다. 은행연합회가 공시하는 5대 은행의 1년 만기 정기예금 금리만 놓고 보면, 현재 농협은행은 3.8%대 상품도 내놓고 있습니다. 무엇보다 은행채 금리 상승세가 가파른데요. 5년물의 경우 어제 기준",,,
547,d6441fc15f47,2021-08-27,매일경제,경제지,기준금리,"""2023년 기준금리 3%대, 인상속도 빨라질 것"" 서울대 교수의 경고","매경·서울대 경제학부 공동기획 김소영교수, 금리 인상기 조언 ◆ 매경·서울대 경제학부 공동기획 Rebuild Korea / 막내린 초저금리 시대 ② ◆ 한국은행이 기준금리를 연 0.75%로 전격 인상하며 가계빚과의 전쟁을 선포한 가운데 기준금리가 점진적으로 올라 내후년에는 3%에 달할 것이라는 분석이 나왔다. 통화당국이 우리 경제의 기초체력에 걸맞은 수준까지 금리 인상을 밀어붙일 가능성이 높기 때문에 경제주체들이 이를 인지하고 '빚투'(빚내서 투자) 속도를 조절해야 한다는 경고의 목소리다. 김소영 서울대 경제학부 교수(사진)는 27일 매일경제와 서울대 경제학부가 공동으로 기획한 '한국의 미래를 바꾸는 경제정책' 릴레이 인터뷰에서 ""2023년 이후에는 잠재성장률과 물가 수준에 맞춰 기준금리가 3%대로 갈 가능",,,
548,cd84c7c571bb,2023-09-01,경향신문,진보,기준금리,"중국, 주택 계약금 비율·대출 금리 인하…잇단 부동산 대책 약발 먹힐까","중국 당국이 침체된 부동산 시장 활성화를 위해 주택 구입시 최초 불입금(계약금) 비율을 낮추고 주택담보대출 금리를 인하하는 조치를 내놨다. 최근 주택담보대출 완화 등 잇단 부동산 대책을 내놓고 있지만 효과를 발휘할 수 있을지에 대해서는 시장의 분석이 엇갈린다. 중국 중앙은행인 인민은행은 국가금융감독관리총국과 함께 지난달 31일 ‘주택신용정책 최적화’와 ‘최초 주택담보대출 금리 인하’에 관한 통지를 발표했다고 CCTV 등이 1일 보도했다. 양 기관은 통지에서 첫 번째 주택 구매자의 계약금 비율을 20%로 통일하고, 두 번째 주택 계약금 비율은 30%로 통일한다고 밝혔다. 주택을 구입할 때 일시불로 먼저 내야 하는 계약금 비율을 낮추겠다는 것이다. 계약금 비율이 낮아진다는 것은 주택 구매자들이 은행에서 받을 수",,,
549,33bb87e3fbd3,2018-03-05,연합뉴스,통신사/방송,소비자물가,"中,올해 경제성장률 '약6.5%'제시…국방예산 8.1% 늘려 강군의지(종합)","리커창 총리, 전인대 정부업무보고서 밝혀…국방예산 이례적 공개 (베이징=연합뉴스) 심재훈 김진방 특파원 = 중국이 5일 전국인민대표대회(전인대) 정부업무보고를 통해 올해 경제성장률 목표를 6.5% 정도로 제시했다. 이는 지난해 목표치와 같은 수준으로 본격적인 중속 성장을 추구하겠다는 의미로 볼 수 있다. 지난해 실제 경제성장률은 6.9％였다. 시진핑(習近平) 중국 국가주석이 집권한 제18차 전국대표대회(당대회) 이후 중국 경제성장률은 2013년 7.8％, 2014년 7.3％, 2015년 6.9％, 2016년 6.7％를 기록했다. 중국은 올해 재정적자는 국내총생산(GDP)의 2.6％로 낮춘다는 목표도 세웠다. 올해 소비자 물가 상승률을 3%, 도시 신규 취업자 수를 1천100만명 이상 늘려 도시 실업률을 5.",,,
550,44470c1c8b9f,2019-10-10,한국경제,경제지,가계부채,"김윤정 서강대 교수 ""가계·기업의 무분별 차입이 국가부채 키워…경제 위기 부를 수도""","제8회 茶山 젊은 경제학자상 수상 현실 경제를 거시경제학의 이론적 모형으로 분석하는 연구에 집중해 왔다. 국가 간 자본이동, 국가·가계·기업의 해외차입, 개발도상국의 경기변동 등을 연구했다. ‘개방경제 동태확률적 일반균형 모형’ 등을 바탕으로 진행한 가계·기업의 부채 분석도 핵심 연구 주제의 하나다. 개별적 경제주체의 차입 결정이 모여서 국가 부채위기를 심화시킨다는 연구가 대표적이다. 가계나 기업 등이 해외에서 차입금을 조달할 경우 국가 전체적으로 부채가 늘어난다. 국가는 외화부채가 늘면서 경제적 충격에 한층 취약해지고 경제위기에 직면할 가능성도 커진다. 하지만 가계나 기업은 이 같은 위험을 고려하지 않고 차입에 대한 의사결정을 한다. 가계나 기업의 이 같은 의사결정이 모이면 국가부채가 계속 늘어 적정 수준",,,
551,cd5d826d4c95,2021-08-11,한겨레,진보,고용동향,7월 취업자 54만명 증가…숙박·음식점 등 대면업종은 감소,"통계청 ‘7월 고용동향’ 7월 취업자가 54만명 늘어 5개월 연속 증가세를 유지했지만, 코로나19 4차 유행으로 숙박·음식점 등 대면업종은 취업자가 줄었다. 더욱이 4차 유행이 진정될 기미를 보이지 않아 대면업종의 피해는 더욱 커질 전망이다. 11일 통계청이 발표한 ‘7월 고용동향’을 보면, 지난달 취업자 수는 2764만8천명으로, 1년 전보다 54만2천명 늘었다. 지난 3월 31만4천명이 증가한 것을 시작으로 5개월 연속 증가했다. 다만 증가폭은 6년 8개월 만에 최대였던 4월(65만2천명) 이후 5월(61만9천명), 6월(58만2천명)에 이어 둔화하고 있다. 전체 취업자 수는 늘었지만 도·소매업은 18만6천명 줄었다. 6월에 16만4천명이 줄었는데, 7월에는 더 큰 감소를 보였다. 숙박·음식업도 1만2천",,,
552,03b8eb5bb058,2016-09-02,한국경제,경제지,기준금리,"경제지표 호전·주가상승, 미국 경제회복 자신감…미국 Fed 9월 금리인상할까","재닛 옐런의 결정에 세계가 숨죽이고 있다 과연 그녀의 선택은? [ 신동열 기자 ] 미국 중앙은행(Fed)이 연내 기준금리 추가 인상을 강력히 시사한 것은 미 경제가 그만큼 견고하다는 판단이 깔려 있다. 일부에서는 미국 경제가 2008년 월가(뉴욕 맨해튼 금융회사 밀집 지역) 투자은행 리먼브러더스의 파산으로 촉발된 금융위기 이전으로 회복됐다는 분석도 나온다. 실제로 ‘경제의 거울’이라는 미 증시의 3대 지수(다우지수, 나스닥지수, S&P500지수)는 최근 잇달아 사상 최고치를 경신했다. Fed의 기준금리 결정 기구인 연방공개시장위원회(FOMC)가 오는 20, 21일 이틀간 여는 회의에서 어떤 결정을 내릴지 관심이다. Fed, 연내 추가 금리인상 강력 시사 Fed는 글로벌 금융시장을 향해 ‘긴축에 대비하라’는 ",,,
553,5b37b2cb8122,2024-03-02,연합뉴스,통신사/방송,GDP_성장률,브라질 작년 GDP 성장률 2.9%…농업분야가 성장 주도,"(상파울루=연합뉴스) 김지윤 통신원 = 작년 브라질의 국내총생산(GDP)이 정부의 예상을 훨씬 웃돌며 2.9%의 성장을 기록한 것으로 나타났다. 브라질 지리통계연구소(IBGE)는 1일(현지시간) 발표한 자료에서 작년 한 해 브라질의 GDP는 총 10조9천억 헤알을 기록해 전년대비 2.9% 성장했다고 밝혔다. 페르난두 아다지 브라질 재무부 장관은 ""이 결과는 임기 초 예상했던 2%를 훨씬 넘어선 수치로 정부조차 놀랐다""고 말했다. 작년 GDP 성장에 가장 크게 기여한 분야는 농업분야로 연간 15.1% 성장했는데, 이는 상반기 대두와 옥수수 수확량이 사상 최고치를 기록한 데 힘입은 것으로 분석됐다. 농업 분야의 이 같은 성장은 수출, 식품 산업, 농산물 생산 및 물류 체인의 혜택을 받는 일부 서비스 부분에도 긍",,,
554,8a323f529e20,2018-09-04,한국경제TV,경제지,가계부채,은행 실적랠리 제동…내년이 고비,<앵커> 올 상반기 사상 최대 실적을 낸 은행들이 내년엔 고비를 맞을 것이란 전망이 나오고 있습니다. 정부가 각종 규제로 가계대출을 옥죄고 있는 데다 제3 인터넷은행 인가 논의가 가속화되고 있어 경쟁마저 치열해질 것이란 분석입니다. 먼저 고영욱 기자입니다. <기자> 내년부터 국내 시중은행들의 실적 랠리에 제동이 걸릴 전망입니다. 정부가 천정부지로 치솟고 있는 서울 집값을 잡기 위해 가계대출 규제를 강화하고 나섰기 때문입니다. 먼저 임대사업자들에게 대출이 쉽게 나가지 못하도록 요건이 한층 강화되고 전세대출이 갭 투자용으로 악용되지 않도록 연 소득 7천만 원 이상 다주택자는 대상에서 제외하는 방안이 검토되고 있습니다. 또 10월부터 위험대출로 분류하는 DSR 기준이 지금보다 강화되면 대출 한도를 줄이거나 거절해,,,
555,d2f27c23ff90,2023-03-05,SBS Biz,경제지,반도체_수출,역대급 반도체 '한파'…1월 반도체 재고율 26년만에 '최고',"반도체 경기 불황이 지속되면서 지난 1월 반도체 재고율이 26년 만에 가장 높은 수준을 나타냈습니다. 오늘(5일) 통계청에 따르면 지난 1월 반도체 재고율은 265.7%로 지난 1997년 3월(288.7%) 이후 25년 10개월 만에 가장 높은 수준을 기록했습니다. 재고율은 출하 대비 재고가 얼마나 쌓였는지를 보여주는 수치입니다. 지난 1월 반도체 출하지수는 계절조정 기준 71.7(2020년=100)로 이전 달보다 25.8% 급락했습니다. 같은 기간 재고지수는 190.5로 28% 급등했습니다. 추경호 부총리 겸 기획재정부 장관은 ""2월 수출과 무역수지를 보면 세계 경제와 우리 경제 모두 여전히 어려운 모습""이라며 ""반도체 경기의 반등 없이는 당분간 수출 회복에 제약이 불가피한, 어려움이 큰 상황""이라고 진단",,,
556,cdb85d59046a,2017-08-09,서울경제,경제지,고용동향,취업자 6개월 연속 30만명 이상 기록...청년층 실업률은 계속 증가,"취업자 6개월 연속 30만명 이상 기록...청년층 실업률은 계속 증가 [서울경제] 취업자가 6개우러 연속 30만 명을 기록하며 증가 폭을 확대했지만 청년층 실업률은 계속 증가한 것으로 조사됐다. 9일 통계청이 오늘 발표한 '지난달(7월) 고용동향'을 보면, 취업자 수는 2천 691만 6천명으로 지난해 같은 달 보다 31만 3천명 증가하면서 취업자 수 증가 규모는 지난달(30만1천명)에 이어 소폭 확대된 것으로 알려졌다. 해당 통계에 따르면 고용률도 61.5%로 0.3%포인트(p) 상승했고, 실업자는 96만 3천명으로 1년 전보다 1만1천명 감소한 것으로 나타났지만, 청년층 실업률은 9.3%로 오히려 0.1%포인트 증가한 것으로 전해졌다. 한편 경제활동인구는 천589만7천명으로 1년 전보다 3만3천명 늘었고,",,,
557,4557a94a24c7,2020-09-01,연합뉴스,통신사/방송,환율_달러,"원/달러 환율 하락 마감…달러당 1,183원","(서울=연합뉴스) 성서호 기자 = 1일 원/달러 환율이 5원 가까이 떨어진채 마감했다. 이날 서울 외환시장에서 원/달러 환율은 전일 종가보다 4.8원 내린 달러당 1,183.0원에 거래를 마쳤다. 환율은 1.7원 내린 1,186.1원에서 출발한 뒤 장중 내내 하락 폭을 조금씩 키워갔다. 달러 약세 속에 위험자산 선호 심리가 더해져 환율에 하락 압력을 더했다. 이날 중국 금융정보 업체 차이신(財新)은 8월 제조업 구매관리자지수(PMI)가 전달의 52.8보다 소폭 높은 53.1을 기록했다고 밝혔다. 이는 2011년 2월 이후 9년 반 만에 최고 수준이다. 이 영향으로 위안화가 강세를 보였고, 원/달러 환율은 이에 연동했다. 코스피는 1.01% 상승 마감했다. 외국인은 유가증권시장에서 2천억원가량 순매도했으나 전",,,
558,ef45b96b9b80,2016-08-02,연합뉴스TV,통신사/방송,소비자물가,7월 소비자물가 상승률 0.7%…10개월만에 최저,"7월 소비자물가 상승률 0.7%…10개월만에 최저 소비자물가 상승률이 10달만에 최저치를 기록하며 저물가 행진이 이어지고 있습니다. 통계청에 따르면 7월 소비자물가는 작년 같은 달보다 0.7% 상승하는데 그쳐, 지난해 9월 0.6% 이후 상승률이 가장 낮았습니다. 석유류 가격이 1년 전보다 8.9% 떨어지며 전체 물가를 0.38%포인트 끌어내렸고, 농축수산물은 상승률이 0.2%에 그쳤습니다. 반면, 서비스 물가는 집세가 2.5% 오르는 등 1.9% 상승률을 기록했습니다. 5월까지 높은 상승률을 보였던 생선과 조개류, 채소 등 신선식품지수는 7월에 0.4% 내려 두 달째 마이너스를 기록했습니다. 연합뉴스TV : 02-398-4409(제보) 4441(기사문의), 카톡/라인 jebo23",,,
559,bbe8577338ba,2017-08-16,연합뉴스,통신사/방송,최저임금,"바른사회시민회의 ""최저임금 인상, '시장의 복수' 부를 것""","""공공 일자리 81만개 창출도 과장""…문재인 정부 100일 평가 토론회서 비판 (서울=연합뉴스) 권영전 기자 = 보수단체가 출범 100일을 맞은 문재인 정부의 추가경정예산 편성과 최저임금 인상, 고소득층 '핀셋 증세' 등 정책을 정면으로 비판했다. 조동근 바른사회시민회의 공동대표(명지대 경제학과 교수)는 16일 오후 서울 순화동 이 단체 회의실에서 연 '문재인 정부 100일 평가와 국정운영 방향' 토론회에서 경제 분야 발제를 맡아 ""'묻지 마' 최저임금 인상은 '시장의 복수'를 부를 것""이라고 우려했다. 조 대표는 ""최저임금 제도가 취약계층을 지원해 빈곤을 완화하는 수단으로 작동할 것이라는 기대는 인식의 오류""라며 ""최저임금의 급격한 인상은 오히려 대·중소기업 간 임금소득의 격차를 확대할 수 있다""고 지적했",,,
560,d19bae742505,2016-08-14,한겨레,진보,최저임금,30년 넘게 일해도 ‘최저임금’…‘공항 마피아’가 추행·폭언도,"[한겨레] 김포공항 미화원들 경고 파업 왜? 공항공사 퇴직자 용역업체 관리자로 정부 임금 가이드라인 있으나마나 파업 참가자들에 노조탈퇴 종용도 김포공항 비정규직 미화원들이 용역업체 관리자들의 성추행과 욕설, 폭언 등의 횡포와 열악한 근무 환경을 폭로하며 지난 12일 한국공항공사 앞에서 삭발을 하고 경고 파업에 돌입했다. 오랜 세월 열악한 근로 환경이 지속되어온 데는, 한국공항공사에서 ‘낙하산 인사’로 내려온 이들이 간부나 관리자를 맡아 전횡을 일삼고 공항공사가 이를 제대로 관리하지 못했기 때문이란 지적이 나온다. ■ 성추행 의혹 추가 제기 공공비정규직노조 서울경기지부(이하 서경지부)가 쟁의행위를 벌이고 있는 14일, 성추행을 당했다는 직원의 추가 증언이 이어졌다. 김포공항 국내선 청사 여자화장실에서 근무했던",,,
561,64e1ea4f5802,2019-06-01,서울경제,경제지,물가_인상,"6월 소주, 맥주 가격 줄줄이 인상... 주름진 가계 물가","처음처럼 편의점 가격 등 인상 [서울경제] 서민이 주로 찾는 소주, 맥주 등 주류 가격이 최근 오름세를 보이면서 소비자 부담이 커지고 있다. 1일 편의점 업계에 따르면 이날부터 편의점에서 판매되는 롯데주류 소주 ‘처음처럼’과 맥주 ‘클라우드’의 가격이 일제히 인상됐다. 병 제품인 ‘처음처럼 부드러운 360㎖’와 ‘처음처럼 순한 360㎖’가 모두 1,660원에서 1,800원으로 140원(8.4%) 올랐다. ‘청하 300㎖’도 2,300원에서 2,500원으로 200원(8.7%) 인상됐다. 맥주 ‘클라우드 캔 355㎖’는 2,150원에서 2,300원으로 150원(7.0%) 올랐고, ‘클라우드 페트병 1.6ℓ’는 6,700원에서 7,400원으로 700원(10.4%) 뛰었다. 이에 앞서 소주 업계 1위 업체인 하이트",,,
562,87a763a9f522,2022-02-04,동아일보,보수,부동산_대출,‘부모찬스’로 아파트 대출까지 갚은 30대,"국세청, 변칙 탈루 227명 세무조사 부동산 담보대출 부모가 갚은 뒤 근저당권 설정 유지 ‘편법 증여’도 30대 초반 A 씨는 서울 고가 아파트를 사들이며 자금의 절반가량을 은행에서 빌렸다. 월급만 고려하면 대출 이자를 갚기도 벅차 보였다. 그는 의사인 아버지가 운영하는 병원 직원으로 일하고 있었다. 알고 보니 아파트 구입 자금은 아버지 주머니에서 나왔다. 아버지는 A 씨가 은행에서 빌린 원금과 이자도 대신 갚아줬다. 세무당국은 A 씨가 병원 직원으로 이름만 올려두고 월급까지 받은 것으로 파악했다. 국세청은 ‘부모 찬스’로 부동산을 취득하거나 빚까지 갚은 변칙 세금 탈루자 10∼30대 227명을 세무조사한다고 3일 밝혔다. 부동산 담보대출을 부모가 대신 갚고 근저당권 설정을 유지하는 식으로 편법 증여한 사례",,,
563,2793fe13a79b,2023-02-23,조선일보,보수,경기침체,경기침체와 금리격차 사이에서 고심하는 한은,"7NEWS 뉴스레터 구독하기 ☞https://page.stibee.com/subscriptions/145557 안녕하세요. 7NEWS입니다. 오늘(23일)은 한국은행 금융통화위원회가 기준금리 인상여부를 결정하는 통화정책방향 결정회의가 있는 날입니다. 현재 한은 기준금리는 3.5%입니다. 미국 경제가 여전히 과열돼 있는 상황에서 한은은 어떤 결정을 내릴까요. 현재 한은은 딜레마에 빠져있습니다. 금리를 올리면 경기침체 가속화가 우려되고, 동결하자니 한미 금리격차가 더욱 벌어집니다. 양자택일을 해야 합니다. 한국은 지난해 3월부터 올해 1월까지 무역수지 적자를 기록 중입니다. 11개월 연속 적자는 무려 26년 만입니다. 대표적인 수출품인 반도체는 수출액이 급감한 반면, 원유·가스·석탄 등 3대 에너지원 수입액은 ",,,
564,dc39992f4e38,2024-09-05,서울경제,경제지,기준금리,"""한은, 금리 0.25%P씩 3번 내리면 민간 이자부담 8.9조 줄어""","한경연 민간부채 보고서 ""금리 내려도 자본유출 없을것 취약차주 연체 위험성 낮춰야"" [서울경제] 한국은행이 기준금리를 세 번 내리면 기업과 가계 등 민간 부문의 이자 부담이 8조 9500억 원 줄어들 것이라는 경제단체의 분석이 나왔다. 최근 민간부채가 폭발적으로 늘어나고 있는 가운데 지금이라도 금리 인하를 통한 대응에 나서지 않으면 압력솥 안에 들어가 있는 한국 경제에 위기가 올 수 있다는 진단이다. 5일 한국경제연구원이 발표한 ‘민간부채 부실화 위험 증가와 시사점’ 보고서에 따르면 최근 경기 악화에 고금리 장기화가 겹치면서 민간 부문의 대출 연체율이 급증하고 있는 것으로 나타났다. 실제 2022년 1분기 당시 0.7%였던 기업대출 연체율은 올 1분기 들어 2.31%로 세 배 넘게 뛰었다. 자금 사정이 어려",,,
565,7e3bcb4740ea,2016-12-01,서울경제,경제지,경상수지,경상수지 56개월 연속 흑자··· 10月 87.2억달러,"서비스수지 적자 규모는 감소 한국의 경상수지 흑자가 56개월 연속 이어졌다. 서비스 수지 적자 규모는 줄었지만 상품수지의 수출·수입 부진은 여전히 지속됐다. 한국은행이 1일 발표한 ‘2016년 10월 국제수지’를 보면 10월 상품과 서비스 등을 포함한 경상수지 흑자규모는 87억2,000만달러로 집계됐다. 이로써 경상수지는 2013년 3월부터 56개월 연속 흑자를 내면서 최장기 흑자 기록을 세웠다. 흑자규모는 전월보다 6억5,000만달러 늘었다. 다만 작년 같은 달(95억8,000만달러) 보다는 줄었다. 상품수지는 98억3,000만달러 흑자를 내 9월보다 8억3,000만달러 줄었다. 이로써 올해 들어 10월까지 상품수지의 누적 흑자규모는 1,005억9,000만달러로 집계돼 1,000억달러를 넘어섰다. 10월까",,,
566,4e785f69e0be,2019-12-31,중앙일보,보수,최저임금,"최저임금 8590원 명동의 비명···""알바 살리다 자영업 죽는다""",명동·종로 상권 30곳 긴급점검 #1. 달라진 가족의 삶. 서울 종로 한복판에서 13년째 돈가스집을 운영한 태영자(60)씨. 장사라면 산전수전 다 겪었다고 생각했다. 그런데 하면 할수록 버거웠다. 한창땐 태씨와 주방ㆍ홀 직원 3명이 꾸리던 가게였다. 올해부턴 직원을 다 내보내고 태씨와 남편 둘이서 일한다. 지난 27일 그를 만나 “장사가 어려워진 변곡점이 언제였느냐”고 물었다. “2년 전부터 무너지더라고요. 최저임금이 한 번에 1000원 가까이 연달아 뛰니까 버틸 수가 없었습니다.” 급한 대로 아르바이트생 근무 시간부터 줄였다. 그래도 버틸 수 없어 아르바이트생을 내보내고 남편을 가게로 들였다. 처음엔 서툴던 남편도 고기에 튀김옷을 입혀 기름에 튀기는 일을 곧잘 한다. 태씨 남편은 수차례 불에 덴 팔뚝을 훈,,,
567,6ceebc8daf96,2021-08-26,경향신문,진보,가계부채,이주열 “가계부채·집값 증가세 둔화 기대”…추가 인상 시사,"금리 인상 속도에는 “너무 서두르지도, 지체하지도 않겠다” 일각선 “이미 부채의 함정 빠져”…이 총재 “소비 여력 충분” 한국은행 금융통화위원회(금통위)가 2년9개월 만에 기준금리 인상을 결정한 것은 무엇보다 경제의 가장 큰 위험요소인 가계부채, 주택 등 자산가격의 급등을 더 이상 방치하기 어렵다고 판단했기 때문이다. 코로나19 유행이 지속되고 있지만, 금융불균형 해소를 위해 금리 인상 시점을 실기하지 않겠다는 판단이 작용했다. 일단 한은이 통화정책 정상화에 대한 신호를 명확히 주면서 가계부채 증가세를 억누르는 데는 어느 정도 효과가 있을 것으로 예상된다. 이주열 한국은행 총재는 26일 금통위 후 열린 온라인 기자간담회에서 “기준금리를 인상하게 되면 경제 주체의 차입비용이 높아지고 위험 선호 성향을 낮추게 ",,,
568,4fb4b42ea492,2025-08-28,매일경제,경제지,GDP_성장률,미국 2분기 성장률 잠정치 3.3%…속보치서 0.3%p 상향,"미국의 올해 2분기 국내총생산(GDP)이 직전 분기 대비 연율 기준 3.3% 증가한 것으로 28일(현지시간) 잠정 집계됐다. 이는 지난달 발표한 성장률 속보치(3.0%)보다 0.3%포인트(p) 상향 조정된 것이다. 다우존스가 집계한 전문가 전망치(3.1%)도 웃돌았다. 1분기 성장률 잠정치(-0.5%)에 견줘 큰 폭으로 반등한 수치다. 미 상무부는 수입 감소와 소비 증가가 영향을 줬으며, 투자 감소가 일부 상쇄 효과를 가져왔다고 설명했다. GDP 잠정치는 속보치 추계 때는 빠졌던 경제활동 지표를 반영해 산출한다.",,,
569,29e5cf0b710f,2021-03-04,SBS Biz,경제지,환율_달러,“금리가 너무해”…코스피 1% 넘게 떨어지고 환율 상승,"[앵커] 미국 국채금리 상승 여파에 코스피는 어제(3일) 상승분을 고스란히 다시 내줬습니다. 아시아 증시도 흔들렸고, 특히 원달러 환율은 장중 기준 4개월 만에 가장 높았습니다. 안지혜 기자, 코스피시장에서 개인이 홀로 2조 원 넘게 사들였는데, 빛이 바랬다고 봐야 할까요? 그렇습니다. 코스피는 어제보다 1.28% 하락한 3,040선에 거래를 마쳤습니다. 지수는 장중 한때 2% 가까이 하락하면서 3030선을 위협받기도 했는데요. 개인의 왕성한 매수세에 힘입어 장마감 직전 낙폭은 다소 줄었습니다. 외국인과 기관이 각각 9300억 원, 1조2800여억 원을 순매도한 반면에, 개인은 2조2천억 원 가까이 순매수했습니다. 코스닥도 분위기는 비슷했습니다. 개인만 사들이면서 2거래일만에 다시 하락 전환했습니다. [앵커",,,
570,b87db6b07586,2026-02-07,연합뉴스,통신사/방송,수출입동향,작년 세수펑크 얼마나…1월 일자리 동향도 관심,"1월 수출입물가 공개…KDI, 성장률 수정치 발표 (서울=연합뉴스) 신호경 이준서 기자 = 다음 주(9∼13일)에는 지난해 나라 살림 형편을 짐작할 수 있는 통계가 공개되고, 고용·수출입물가 최신 지표도 나온다. 우선 재정경제부는 10일 '2025회계연도 총세입·총세출 마감 결과'와 '2025년 연간 국세 수입 현황'을 발표한다. 지난해 세수의 세부 내역이 담긴 자료다. 앞서 세수 재추계를 통해 지난해 국세 수입(369조9천억원)은 세입예산(382조4천억원)보다 12조5천억원 부족할 것으로 예상됐다. 11일에는 국가데이터처가 '1월 고용동향'을 내놓는다. 고령층을 중심으로 일자리가 늘어나는 반면 청년층 고용이 위축되는 추세가 새해에도 이어졌을 것으로 보인다. 한국개발연구원(KDI)은 11일 경제전망 수정치를",,,
571,c7f848f474ce,2019-02-10,SBS,통신사/방송,소비자물가,작년 한국 물가상승률 4년 만에 주요 7개국 평균 밑돌아,"지난해 한국의 물가상승률이 4년 만에 주요 7개국 평균보다 낮았던 것으로 나타났습니다. 물가 하락은 소비자들에겐 청신호지만 국가 경제 전체로 보면 수요가 부진하고 경기 활력이 떨어지는 것으로 해석될 수 있어 경기둔화에 대한 우려가 나옵니다. 경제협력개발기구 통계를 보면 작년 한국의 연평균 소비자물가 상승률은 1.5%로 G7 평균치인 2.1%보다 0.6%포인트 낮았습니다. 저성장 상태에 진입해 물가가 안정된 G7 국가 평균치보다 한국의 물가상승률이 낮았던 것은 지난 2014년 이후 처음입니다. G7 국가 중에선 일본 1.0%와 이탈리아 1.1%로 2개국만 물가상승률이 한국보다 낮았습니다. 미국 2.4%, 영국 2.3%, 캐나다 2.3%, 독일 1.9%, 프랑스 1.9%로 모두 한국보다 높았습니다. 지난해 OE",,,
572,173a8f65527d,2025-02-21,연합뉴스,통신사/방송,국채_금리,"日국채 금리 15년여만에 최고…재무상 ""예산 운영 압박 우려""","내주 G20 재무장관·중앙은행장 회의에는 ""불참"" (도쿄=연합뉴스) 경수현 특파원 = 일본은행의 기준금리 인상 등에 따라 시장금리도 빠르게 오르고 있는 가운데 가토 가쓰노부 재무상이 21일 국채 금리 상승이 예산 운영에 어려움을 줄 우려가 있다는 의견을 밝혔다. 교도통신과 니혼게이자이신문에 따르면 가토 재무상은 이날 각의(국무회의 격) 후 기자회견에서 최근 시장금리 상승과 관련해 국채 원리금 상환 비용을 뺀 세출 예산을 ""압박할 우려가 있다""고 말했다. 2024년도(2024년 4월∼2025년 3월) 예산안 편성 때 국채 원리금 상환 비용은 일반회계 예산안의 24%를 차지할 것으로 추정된 바 있다. 이날 오전 한때 도쿄 국채시장에서 장기금리 지표인 10년물 국채 금리는 1.455%까지 올랐다. 이는 2009년",,,
573,389f8cfdcc44,2020-02-24,연합뉴스,통신사/방송,환율_달러,코로나19 급속 확산에 금융시장도 '충격'…주가↓·환율↑,"안전자산 선호심리에 국고채·금값↑ (서울=연합뉴스) 김기훈 기자 = 국내에서 신종코로나 바이러스 감염증(코로나19)이 전방위로 확산하자 24일 주가가 급락하고 원/달러 환율은 상승하는 등 금융시장의 충격이 커지고 있다. 이날 오전 9시 27분 현재 코스피는 전 거래일보다 50.53포인트(2.34%) 내린 2,112.31을 가리켰다. 지수는 전장보다 48.80포인트(2.26%) 내린 2,114.04로 출발해 하락하고 있다. 장중 한때는 2,104.88까지 내리면서 2,100대로 후퇴하기도 했다. 같은 시각 코스닥지수는 전장보다 14.17포인트(2.12%) 내린 653.82를 나타냈다. 주말새 코로나19 확진자가 급증하자 투자 심리가 급격히 위축된 것으로 풀이된다. 앞서 정부는 전날 코로나19 위기 경보 단계를",,,
574,31ef666ca364,2024-02-29,SBS Biz,경제지,기준금리,"연준인사들, 조기 금리인하에 거리 둬…""달력 아닌 지표로 판단""","미국의 1월 물가지수 발표를 앞두고 기준금리에 대한 관심이 커진 가운데, 중앙은행인 연방준비제도(연준·Fed) 고위인사들이 조기 금리 인하 가능성에 거리를 두며 지표에 따라 판단하겠다는 입장을 밝혔습니다. 현지시간 28일 블룸버그통신에 따르면 '연준 내 3인자'로 평가되는 존 윌리엄스 뉴욕 연방준비은행(연은) 총재는 이날 기준금리 인하 시점에 대해 ""올해 중 나중에(later this year)"" 고려할 수 있을 것이라고 말했습니다. 인플레이션이 연준 목표인 2% 수준으로 내려가려면 할 일이 더 있다는 것입니다. 그는 최근 미국 매체 악시오스 인터뷰에서도 비슷한 견해를 피력한 바 있습니다. 윌리엄스 총재는 ""미국 경제가 여전히 튼튼한 만큼 플러스 성장과 인플레이션(물가 상승)의 지속적 하락을 기대한다""면서 ",,,
575,d78040b09e62,2024-08-29,연합뉴스,통신사/방송,경기침체,"""경기 침체에 영화표도 비싸""…中여름 성수기 극장 매출 반토막","(서울=연합뉴스) 윤고은 기자 = 중국 경제 둔화 속 여름 극장가 성수기 매출이 전년 대비 거의 반토막났다고 미국의소리(VOA) 방송이 28일(현지시간) 보도했다. VOA는 중국 영화데이터정보망을 인용, 올여름 중국 극장가 티켓 판매 매출이 15억여달러(약 2조10억원)를 기록, 전년 동기의 28억9천만달러(약 3조9천억원)의 절반을 약간 넘겼을 뿐이라고 전했다. 이어 여름(6∼8월)은 1월이나 2월의 춘절(春節·설), 10월 초의 국경절과 함께 중국 극장가 3대 성수기로, 관측통과 관객들은 경제 둔화와 창의적 국내 영화의 부족이 올여름 극장가 부진을 낳았다고 지적한다고 덧붙였다. 중국 소셜미디어의 한 댓글은 ""지난해 경제 침체의 여파가 올해 공식적으로 나타났다""며 ""모두가 푯값 40∼80위안(약 7천500",,,
576,f6da971432a9,2023-03-03,SBS,통신사/방송,기준금리,"라가르드 ECB 총재 ""3월 이후에도 금리 인상 계속해야 할 수도""","크리스틴 라가르드 유럽중앙은행 총재가 유로존의 물가를 잡기 위해 이달 이후에도 기준금리 인상을 계속해야 할 수도 있다고 밝혔습니다. 라가르드 총재는 스페인 방송 인터뷰에서 인플레이션이 기대만큼 진정되지 않는 상황이라면서 이렇게 말했습니다. 라가르드 총재는 물가 상승률을 목표치인 연 2%대로 낮추기 위해 모든 방법을 강구할 것이라면서 오는 16일 열리는 통화정책회의에서도 금리를 인상할 필요성이 있으며 그럴 가능성이 큰 상태라고 밝혔습니다. 금리 인상에 따른 기준금리 고점, 즉 최종금리 수준도 경제지표에 따라 결정될 것이라며, 기준금리를 경제활동을 제한하는 수준으로 유지하고 인플레이션이 목표치까지 떨어질 것이란 확신이 들 때까지 금리 인하는 없을 것이라고 못 박았습니다. 시장에선 유럽중앙은행이 16일 회의에서 ",,,
577,1d87bac0cf4b,2022-08-29,한국경제TV,경제지,기준금리,"""한은 내년까지 금리인상 기조…연말 3% 뛴다""","제롬 파월 미국 연방준비제도(Fed·연준) 의장이 다음 달 자이언트 스텝(한꺼번에 기준금리 0.75%포인트 인상)을 예고하면서, 한국은행의 금리 인상 기조에도 관심이 모아진다. 파월 의장은 지난 26일(현지시간) 미국 와이오밍주 잭슨홀에서 열린 경제정책 심포지엄(잭슨홀 미팅)에서 ""멈추거나 쉬어갈 지점이 아니다""라며 ""물가 안정은 연준의 책임이자 경제의 기반 역할을 한다. 물가 안정 없이는 경제가 제대로 작동하지 않을 것이고 물가상승률을 2% 목표치로 되돌리는 데 초집중하고 있다""고 말했다. 이에 따라 연준은 인플레이션(물가상승)을 잡기 위해 두 달 연속 '자이언트 스텝'을 밟은 데 이어 다음 달 회의에서도 3회 연속 자이언트 스텝에 나설 가능성이 매우 커졌다. 미국의 기준금리가 우리나라를 큰 폭으로 웃돌면",,,
578,ba2a96b2c1d8,2018-08-29,연합뉴스,통신사/방송,최저임금,"소상공인, 오늘 광화문 거리로…'최저임금 총궐기'(종합)","(서울=연합뉴스) 윤선희 기자 = 전국 소상공인들이 29일 서울 광화문광장에 모여 최저임금 제도개선 촉구 국민대회에 나선다. 소상공인 생존권 운동연대는 이날을 '소상공인 총궐기의 날'로 정하고, 오후 4시 광화문광장에서 범국민대회를 한다고 밝혔다. 운동연대는 이번 대회에서 당면한 최저임금 문제와 관련해 최저임금 차등화와 결정 구조 개편 등을 요구하며 소상공인들의 결의를 하나로 모으겠다는 계획이다. 운동연대 관계자는 ""전국 지역별, 업종별 다양한 소상공인 단체들이 참여하고 일반 국민까지 동참하면 참여자들은 더 늘어날 것""이라며 ""다만, 우천 때문에 참여 인원이 다소 줄어들 수 있다""고 말했다. 운동연대 측은 ""총궐기 대회를 개최하는 것은 1년 넘는 기간에 29% 인상된 최저임금에 대한 소상공인들의 항의와 분노",,,
579,8b40a9838b3d,2020-08-27,연합뉴스,통신사/방송,환율_달러,파월 잭슨홀 연설 대기…원/달러 환율 소폭 하락 마감,"(서울=연합뉴스) 김연숙 기자 = 27일 원/달러 환율이 소폭 내림세로 마감했다. 이날 서울 외환시장에서 원/달러 환율은 전날보다 1.8원 내린 달러당 1,185.0원에 거래를 마쳤다. 환율은 1.7원 내린 달러당 1,185.1원에 거래를 시작해 1,185∼1,186원대의 좁은 범위에서 움직였다. 27∼28일(현지시간) 열리는 잭슨홀 회의를 앞두고 시장의 관망세가 이어지고 있다. 각국 중앙은행장 연례 심포지엄인 잭슨홀 회의에서 제롬 파월 미 연장준비제도(Fed·연준) 의장이 공개할 정책 변화에 시장 참가자들의 시선이 쏠려있다. 글로벌 위험 선호 심리와 달러화 가치 약세가 이어지는 중에도 한국은행의 경제성장률 전망치 하향 조정, 국내 신종 코로나바이러스 감염증(코로나19) 확진자 급증 등의 요소는 원/달러 환",,,
580,5eac07c1ea0e,2018-02-26,서울경제,경제지,물가_인상,서울 택시요금 대폭 인상···물가에 기름 부을라,"[서울경제] ▲서울시가 연내 택시요금 인상으로 가닥을 잡았다고 합니다. 인상 비율은 15∼25%, 시기는 지방선거 일정을 고려했을 때 올 하반기가 유력하다는 전망이 나오는데요. 이렇게 되면 서울 택시 기본요금이 3,000원에서 3,900~4,500원으로 훌쩍 뛰게 됩니다. 물가상승 요인 등을 고려하더라도 상당한 인상폭이어서 시민들에게 적은 않은 부담이 될 것 같은데요. 요금 인상 때마다 시나 택시업계는 서비스 개선을 약속하지만 공염불이 되기 일쑤입니다. 택시회사 배만 불리고 서비스는 제자리걸음이라는 지적이 많은데 이번에는 다를까요. ▲‘미투’ 운동이 사회 각층으로 퍼지면서 정치권도 관련 법안을 앞다퉈 발의하거나 당 차원의 간담회를 열고 있다고 합니다. 일부 의원들은 성희롱의 경우 공직에서 배제하고 사업주가 ",,,
581,cf03f21107e4,2018-01-28,연합뉴스,통신사/방송,고용동향,"시중은행 불법 채용비리, 언제나 뿌리 뽑을 건가","(서울=연합뉴스) 취업준비생들에게 선망의 일자리로 꼽히는 시중은행의 채용비리가 또 터졌다. 불합격 대상인 특정 명문대생을 합격시키려고 임원 면접점수를 조작하는가 하면 서류전형에서 꼴찌로 붙은 사외이사 자녀가 임원면접에서 최고 등급을 받아 합격한 사례도 있었다. 금융감독원은 지난해 12월과 올해 1월 두 차례에 걸쳐 11개 시중은행을 대상으로 실시한 채용비리 현장검사 결과 비리 정황 22건을 적발했다. 유형별로는 청탁에 의한 특혜채용이 9건, 명문대 출신을 합격시키기 위한 면접점수 조작이 7건, 채용 전형의 불공정 운영이 6건 등이다. 한 은행은 명문대 출신 지원자 7명이 불합격 대상임에도 임원면접점수를 임의로 올려 합격 처리했다. 이 때문에 다른 대학 출신 지원자 7명은 임원면접 전 단계까지의 점수로는 합격",,,
582,26baea1d8e93,2023-09-05,연합뉴스,통신사/방송,GDP_성장률,"녹색성장은 허구?…""선진국도 현 추세면 탄소중립 200년 걸려""","스페인·英 연구팀 ""파리협약 지키려면 감축 속도 5~30배 높여야"" (서울=연합뉴스) 이주영 기자 = 10여년간 탄소 배출량은 줄이면서 GDP는 증가하는 소위 '녹색성장'을 이룬 고소득 국가들도 배출량 감축이 파리협약 요건에 크게 못 미치는 것으로 나타났다. 현 추세대로면 영국·프랑스·독일 등 11개 고소득 국가도 탄소중립을 달성하는 데 평균 200년 이상이 걸릴 것으로 예측됐다. 스페인 바르셀로나 자치대 환경과학기술연구소 제이슨 히켈 교수팀은 5일 국제학술지 '랜싯 플래니터리 헬스(Lancet Planetary Health)에서 고소득 11개국의 탄소 배출량 감축과 GDP 성장을 분석, 이런 결과를 얻었다고 밝혔다. 분석 결과 탄소 배출량과 GDP 성장률의 '분리'(decoupling)에 성공한 11개 고",,,
583,204a590424dd,2025-08-18,매일경제,경제지,경기침체,올들어 재개발·재건축 수주 67% 급증…침체 건설경기 속 ‘유일한 활로’,올 상반기 정비사업 수주액 23.6조 전년 동기 대비 67% 급증 지난 정부서 안전진단 절차 미루는 등 정비사업 규제 대폭 완화 영향 올해 상반기 국내 건설사들의 재개발·재건축 사업 수주액이 전년 동기 대비 67% 급증한 것으로 확인됐다. 국내 건설경기가 전반적으로 침체하며 전체 건설 수주액이 줄어든 것과는 대조적이다. 지난 정부에서 주택 공급을 위해 정비사업 관련 규제를 대폭 완화하며 개별 사업장들이 점차 사업에 속도를 내기 시작한 영향으로 분석된다. 18일 대한건설협회에 따르면 올해 6월까지 누적 기준 국내 건설 재개발·재건축 사업 수주액은 23조6000억원으로 전년 동기(14조1419억원) 대비 67% 늘었다. 토목과 건축을 합친 전체 건설 수주액이 전년 대비 7.8% 줄어든 것과 비교하면 대조적인 흐,,,
584,d7a787857826,2017-01-05,SBS Biz,경제지,경상수지,"경상수지 57개월 흑자 행진, 외환보유 3개월 연속 감소","■ 경제와이드 백브리핑 시시각각 <앵커> 우리나라 경제의 버팀목 중 하나죠. 외환보유액과 국제수지가 발표됐습니다. 취재기자 연결해 알아보겠습니다.곽준영 기자 우선 국제수지부터 살펴보죠. 11월에도 경상수지 흑자 이어졌나요? <기자> 네 그렇습니다. 지난해 11월 경상수지는 89억9천만 달러 흑자로 집계됐습니다. 한국은행이 오늘(4일) 발표한 2016년 11월 잠정 국제수지 자료에 따르면, 상품과 서비스 수지를 합한 경상수지는 89억 9000만 달러로 조사됐습니다. 지난해 10월 경상수지 87억 2천만 달러 보다 증가한 것인데요, 11월 경상수지 흑자로 2012년 3월 이후 57개월 동안 사상 최장 기간 흑자를 이어가게 됐습니다. <앵커> 경상수지를 나눠서 봤을 때 상품수지는 흑자를 이어갔는데 서비스 수지는 ",,,
585,c1d90f0fb09a,2019-01-05,조선일보,보수,국채_금리,G2 리스크 불거지자 금·美국채·日엔화 안전자산에 돈 몰려,"글로벌 투자자금 급속 이동 금값, 작년 6월 이후 최고치 양대 경제 대국인 미·중에서 경기 둔화 우려가 동시에 불거지자 글로벌 투자 자금이 피난처를 찾아 국채나 금(金), 엔화 등으로 급속히 이동하고 있다. 3일(현지 시각) 뉴욕 채권시장에서 미국 10년물 국채 금리가 연 2.63%에서 2.56%로 0.07%포인트 떨어졌다(국채 가격 상승). 작년 1월 이후 최저 수준이다. 안전 자산으로 분류되는 미국 국채는 사려는 사람이 많을수록 가격이 오르고 금리가 떨어진다. 작년 10월만 해도 미국 10년물 국채 금리는 3.2%를 넘었지만 이후 하락세를 지속하다가 이날 최저점을 찍었다. 국제 금값도 4일 온스당 1300달러를 돌파해 지난해 6월 이후 최고치를 기록했다. 금은 변동성이 큰 시장에서 빛을 발하는 안전 자산",,,
586,eec6f9c9b0cc,2018-02-26,SBS,통신사/방송,경기침체,인천공항 누적 공항화물 4천만t 돌파,"인천국제공항공사는 오늘(26일) 인천공항의 국제 항공화물 물동량이 누적 4천만t을 넘어섰다고 밝혔습니다. 누적 화물 4천만t은 2017년 기준 전 세계 화물 물동량의 57%에 달하는 수치입니다. 인천공항의 연간 화물 물동량은 지난 2010년 268만t으로 정점을 기록한 뒤 세계 경기가 침체 등으로 내림세를 탔지만, 이후 상승세를 회복해 개항 이후 지난해까지 평균 5.8%의 성장세를 기록해왔습니다. 배정훈 기자( ) ☞ [2018 평창 타임라인] 17일간의 여정을 한눈에! ※",,,
587,144fe5106de7,2021-08-11,서울경제,경제지,국채_금리,美국채 금리 오르자···카뱅 등 은행주 강세,"카뱅 4.2%·KB금융 2.5%·신한지주 0.8%↑ ""금리 오르면 수익성 주목···외인 자금유입 전망"" [서울경제] 미국 국채금리가 상승 흐름을 보이자 국내 은행주들에 대한 투자 심리가 개선되며 주가가 동반 강세를 기록했다. 11일 유가증권시장에서 카카오뱅크(323410) 는 전 거래일보다 4.20% 오른 7만 4,400원에 거래를 마쳤다. KB금융(105560) 와 신한지주(055550) 역시 전일 대비 각각 2.49%, 0.77% 상승한 5만 3,600원, 3만 9,200원에 장을 마감했다. 이 밖에 하나금융지주(086790) (1.69%), 기업은행(024110) (1.46%), 우리금융지주(316140) (1.35%) 등도 모두 강세를 기록했다. 카카오뱅크를 제외한 8개 은행주로 구성된 KRX은행지수",,,
588,5be67850b55b,2026-03-05,서울경제,경제지,가계부채,AI 충격에 사모대출 시장 자금 이탈…블랙스톤 자산 7.9% 환매,■AI프리즘 [글로벌 뉴스] 사모대출 펀드 대규모 환매 쇄도 아시아 증시 중에서도 한국 낙폭 두드러져 방산 4사 매출 50조 돌파 관측도 ▲ AI 프리즘* 맞춤형 경제 브리핑 * 편집자 주: ‘AI PRISM’(Personalized Report &amp; Insight Summarizing Media)은 한국언론진흥재단의 지원을 받아 개발한 ‘인공지능(AI) 기반 맞춤형 뉴스 추천 및 요약 서비스’입니다. 독자 유형별 맞춤 뉴스 6개를 선별해 제공합니다 [주요 이슈 브리핑] ■ 사모대출 시장 펀드런 가속화: AI 혁신에 따른 소프트웨어 업종 경쟁력 약화와 데이터센터 회의론이 겹치면서 블랙스톤 BCRED 펀드에서 38억 달러(약 5조 6000억 원) 규모의 환매가 발생했다. 이란 전쟁 이후 위험자산 현금화 ,,,
589,de1edd2c47c5,2022-08-23,매일경제,경제지,국채_금리,美국채금리 반등에…美회사채ETF 쓸어 담는 서학개미,채권 저점매수 기회 노리고 일주일새 순매수 22% 늘어 미국 10년물 국채 금리가 5주 만에 반등하면서 개인투자자들이 미국 회사채 상장지수펀드(ETF) 매수를 늘린 것으로 나타났다. 경기 둔화 국면에 채권을 저점 매수하는 것은 좋은 중장기 투자 전략이지만 단기적으로는 채권 금리가 상승해 가격이 하락할 수도 있다는 점에 유의해야 한다는 조언이다. 23일 한국예탁결제원에 따르면 국내 투자자들은 지난 15~22일 미국 투자등급 회사채 ETF '아이셰어스 iBoxx USD 인베스트먼트 그레이드(LQD)'를 690만7109달러어치 순매수했다. 이달 들어 지난 15일까지 보름간 순매수액인 564만3304달러보다 22% 많은 수치다. LQD는 최근 일주일간 미국 주식 투자자들이 10번째로 많이 매수한 종목에 등극하기도 ,,,
590,9e1e43ebb2a0,2020-11-17,한겨레,진보,최저임금,“10년째 최저임금 단기계약…이주여성은 소모품인가요”,"공공기관 이주여성 노동자들 인권위에 처우개선 요구 진정 2012년부터 이중언어 강사로 일한 이주여성 푸렙수렌 마잉바야르(38)씨는 매번 10개월 미만의 단기계약직으로 일했다. 올해는 6개월 계약으로 일주일에 14시간씩 일해 퇴직금과 주휴수당(주 15시간 이상 근무)을 받지 못한다. 9년째 다문화가족지원센터에서 통번역사로 근무 중인 이주여성 ㄱ씨는 매해 임금이 오르는 내국인 직원과 달리 항상 최저임금 수준의 급여를 받는다. 17일 한국이주여성인권센터 등으로 구성된 ‘이주여성노동자 처우개선 대책위원회’와 이주여성 노동자들은 서울 중구 국가인권위원회 앞에서 공공기관 이주여성 노동자의 처우개선을 촉구하는 기자회견을 열고 인권위에 차별 시정 진정서를 제출했다. 이들은 “이주여성 노동자들은 상담, 통번역, 이중언어 강",,,
591,d8e28f491036,2026-03-04,경향신문,진보,반도체_수출,한·필리핀 비즈니스 협력 강화…소비재 수출 1640만달러 계약 체결,"조선·원전·소비재 MOU 7건도 체결 이재명 대통령의 필리핀 국빈 방문을 계기로 열린 비즈니스 행사에서 1640만달러(약 243억원) 규모의 소비재 수출 계약이 체결됐다. 또 조선·원전 등 업무협약(MOU)도 7건 체결됐다. 산업통상부는 대한무역투자진흥공사(코트라)와 함께 개최한 ‘한·필 비즈니스 파트너십 행사’에 한국 식품·뷰티·헬스케어 등 소비재 기업 52개사와 필리핀 기업 70개사가 참가해 총 11건이 체결됐다고 4일 밝혔다. 김정관 산업부 장관은 “최근 K뷰티, 식품 등 한국 제품의 인기가 빠르게 확산하고 있는 만큼 정부는 관계부처 및 관계기관과 긴밀히 협력해 필리핀을 거점으로 동남아 시장에서 다양한 비즈니스 기회를 창출할 수 있도록 우리 기업의 시장 진출을 적극적으로 지원할 것”이라고 밝혔다. 한국",,,
592,09e0bc830014,2019-02-17,연합뉴스,통신사/방송,가계부채,가계대출은 건전성 되레 개선…돈줄 막힌 저소득층 어디로,"가계대출 채무불이행자 비율 1년새 0.17%p↓…개인사업자대출은 0.11%p↑ ""규제 '풍선효과'로 저신용 차주, 자영업자 대출로 몰려 부실화 진행중"" (서울=연합뉴스) 박용주 홍정규 박의래 김경윤 기자 = 정부가 가계대출 규제의 고삐를 조이면서 가계대출과 개인사업자(자영업자) 대출의 건전성이 양극화되는 현상이 관측됐다. 대출 규제가 강하게 부과된 가계대출에서 금융사들이 신용도가 높고 소득이 많은 우량차주를 골라 받음에 따라 은행 문턱을 넘지 못한 저신용·저소득층이 가계대출에 비해 규제가 약했던 개인사업자 대출로 몰렸다. 이 때문에 경기 여건이 점차 악화하면서 개인사업자 대출이 부실화하고 가계대출의 질은 개선되는 상황이 나타났다. 17일 더불어민주당 최운열 의원실이 나이스(NICE)신용평가로부터 제출받은 가",,,
593,cacd09805222,2023-08-23,동아일보,보수,가계부채,"가계부채, 이젠 전 정부 탓만 못 한다","‘부동산 연착륙’ 명분 가계대출 또 늘려 고금리 속 가계빚 증가, 과거보다 위험 추경호 부총리 겸 기획재정부 장관은 올해 1월 금융계 신년 인사회에 참석해 “거시금융정책 책임자 4명이 ‘F4’를 이뤄 원팀 정신으로 위기 극복에 앞장서겠다”고 했다. ‘금융(Finance)’ 정책을 담당하는 자신과 김주현 금융위원장, 이창용 한국은행 총재, 이복현 금융감독원장 등 4명을 드라마 ‘꽃보다 남자’에 등장한 꽃미남 4총사 ‘F(Flower) 4’에 빗댄 조어인 듯한데, 그들이 활동하고 있는 한국 금융시장의 현실은 드라마처럼 풋풋하거나 화사하지 않다. 2008년 세계 금융위기 이후 다른 나라들은 긴축 과정을 거치며 가계부채 규모를 줄이거나 유지했다. 문재인 정부에서 집값 폭등을 통제하지 못한 한국은 역주행을 했다. 작",,,
594,29236dd957d8,2018-08-31,조선일보,보수,고용동향,경기하강 '굉음' 한국 경제...주요 경제지표 글로벌 금융위기 수준 '추락',"한국 경제가 경기 하강의 굉음을 내고 있다. 고용, 투자 등 주요 경제 지표가 일제히 한국 경제가 역(-)성장했던 글로벌 금융위기, 심지어 IMF(국제통화기금) 외환위기 당시 수준으로 곤두박질쳤다. 소비심리와 기업체감심리도 악화일로를 달리고 있다. 조선 자동차 등 전통 주력 산업의 침체가 장기화하는 가운데 최저임금 대폭 인상 등 문재인 정부의 몰아치기식 친노동 소득주도성장 정책의 부작용이 속출하면서 경기 활력이 뚝 떨어진 결과다. 미국 등 선진국 경기가 호조를 보이는 상황에서 주요국 중 한국만 역주행하고 있어 심각성을 더한다. 그나마 한국 경제를 홀로 떠받치고 있는 반도체 산업도 이상 징후를 보이고 있다. 올들어 반도체 가격이 하락하는 가운데 반도체 업종의 설비투자도 크게 꺾이는 모습이다. JP모건, 모건스",,,
595,7cfbe8f1827e,2020-12-22,매일경제,경제지,최저임금,설 곳 잃은 중장년층…단기근로 전전하며 최저임금 의존,"통계청 `2019년 중장년층 행정통계` 재취업해도 대다수는 1년만에 밀려나 우리나라 40~64세 중장년층 상당수가 안정된 일자리를 얻지 못한 채 단기근로에 의존하고 있는 것으로 나타났다. 지난해 중장년층 7명 중 1명꼴로 1년 사이에 새 일자리를 얻거나 기존 일자리에서 밀려난 것으로 파악됐는데, 가까스로 재취업하더라도 대부분은 최저임금 수준에 머물렀다. 22일 통계청이 공개한 '2019년 기준 중장년층 행정통계'에 따르면 지난해 40~64세 중장년층 1997만9000명 중 전년 취업상태에서 작년 미취업 상태로 전환된 이들은 137만9000명(6.9%)에 달하는 것으로 집계됐다. 종전 일자리 종사상 지위를 보면 임금근로자 비중이 77.8%, 비임금근로자는 20.7%였다. 특히 기존 근속기간이 1년 미만인 경우",,,
596,414d5d6c0978,2019-08-14,서울경제,경제지,고용동향,7월 취업자 29만9천명↑···18개월만에 최대폭 증가,"[서울경제] 지난달 취업자 수가 30만명 가까이 늘어난 것으로 나타났다. 14일 통계청이 발표한 ‘고용동향’에 따르면 지난 7월 취업자 수는 2,738만3,000명으로 1년 전보다 29만9,000명(1.1%) 증가했다. 특히 지난 달 증가 폭은 지난해 1월(33만4000명) 이후 최고치다.취업자 수 증가 폭은 3개월 연속 20만명대를 넘어섰다. /정가람기자 [서울경제 바로가기] | 저작권자",,,
597,4effd4b210b5,2017-03-05,경향신문,진보,기준금리,옐런 “때가 됐다” 곧 금리 인상 시사,"재닛 옐런 미국 연방준비제도(연준·Fed) 의장(사진)이 이달 중 금리 인상을 시사하면서 세계 주요국 중앙은행들도 돈줄 죄기 압박에 직면할 것으로 보인다. 옐런 의장은 지난 3일(현지시간) 시카고 경영자클럽 주최 행사에서 물가·고용 관련 지표가 연준 전망에 부합하면 오는 14~15일 연방공개시장위원회(FOMC)에서 기준금리를 추가 조정하는 게 “적절하다”고 말했다. 개인소비지출(PCE) 물가지수 상승률이 지난 1월 1.9%를 기록해 연준 목표치인 2%에 거의 도달했고, 고용지표도 꾸준히 상승곡선을 그리고 있기 때문이다. 연준은 금융 위기 이후 10년 동안 금리를 단 2번 올렸다. 그러나 지난해 말 금리를 올리면서 2017년에는 3차례 인상할 것이라고 예고했다. 경기를 부양하려 돈을 풀었던 세계 주요국 중앙은",,,
598,aee137d057ce,2019-08-30,한국경제,경제지,기준금리,'8월 금리 동결-10월 인하' 공식 깨질까,"30일 한국은행 금융통화위원회(이하 금통위)가 금리를 내릴 수 있다는 '소수의견'이 이목을 끈다. 미중 무역갈등, 일본 수출규제 등 대외 문제가 악화해서다. 내부적으로는 경제 성장률 전망치를 달성하기 어려울 것으로 관측되고 있고 소비자와 기업의 심리도 악화됐다. 금통위는 지난달에도 '7월 동결-8월 인하'라는 공식을 깨고 전격적으로 기준금리를 내렸다. 대내외 경제 불확실성이 확대됐다는 이유에서다. 30일 금융투자업계에 따르면 한은의 금리인하에 베팅하는 소수 의견이 속속 등장하고 있다. 이베스트투자증권은 전날 '두 달 연속 인하도 가능성 있다'는 제목의 리포트를 내고 한은이 이날 금리를 내릴 것이라고 내다봤다. 먼저 금리 인하에 주장에 무게를 더하는 이유는 미중 무역갈등, 일본 수출규제 등의 대외 문제가 악화",,,
599,1133bbf11e35,2018-08-22,SBS,통신사/방송,고용동향,"25∼34세 사회진출 정체 심각…실업률 6.4％, 19년새 최고","사회진출이 활발해야 할 20대 후반·30대 초반 젊은이의 취업이 매우 어려운 상황인 것으로 파악됐습니다. 22일 통계청의 경제활동인구조사 결과를 분석해보니 지난달 25∼34세 실업자는 33만8천 명으로 7월 기준으로는 1999년 43만4천 명을 기록한 후 최근 19년 사이에 가장 많았습니다. 7월 기준 25∼34세 실업자는 2014년 30만5천 명이었다가 2015년 28만5천 명으로 감소했으나 2016년 31만9천 명, 2017년 32만7천 명을 기록했고 올해까지 3년 연속 증가했습니다. 고용동향은 월·계절 등에 따라 변동성이 있으므로 통상 각 연도의 동일 시점을 비교해 추이를 파악합니다. 경제활동에 참여하는 25∼34세의 규모 변화를 고려해도 실업은 기록적인 수준에 달했습니다. 실업자 수를 경제활동인구로 ",,,
600,76e3bff8f3a9,2021-08-18,동아일보,보수,가계부채,"고승범 후보자, 가계부채와의 전쟁…“모든 수단 동원 추가대책”","고승범 금융위원장 후보자가 “모든 수단을 동원해 가계부채 추가 대책을 내놓겠다”며 ‘가계부채와 전쟁’을 예고했다. 2023년 7월부터 적용하는 ‘총부채원리금상환비율(DSR) 40%’ 규제 확대를 앞당기거나 대상을 확대할 가능성이 있다. 금융감독원도 시중은행 신용대출 한도 축소를 지시한 데 이어 무작위 현장 검사까지 예고했다. 18일 금융위에 따르면 고 후보자는 전날 금융위 직원들과 회의에서 “기존에 발표된 가계부채 관리 대책을 강력히 추진하면서 대책의 효과를 높이기 위한 노력을 지속하겠다”며 “필요하다면 가용한 모든 정책 수단을 활용해 추가 대책도 적극적으로 추진하고자 한다”고 밝혔다. 금융위는 올해 가계대출 증가율을 연 5∼6%, 내년에는 4% 수준으로 관리하겠다는 목표를 세웠다. 하지만 상반기(1~6월)",,,
