event_type,week,event_date,n_articles,n_media,tone,dispersion,share_positive,share_negative,mean_bias,ticker,t0,pre_car,car_01,car_05,abn_volume,vol_ratio,abs_tone,log_n_media,log_n_articles
GDP_성장률,2016-07-25/2016-07-31,2016-07-29,7,6,-0.5,0.7637626158259734,0.2857142857142857,0.7142857142857143,-1.4557857142857145,KOSPI,2016-07-29,0.0023384949108493573,0.003388346510272623,-0.003925370792738232,-0.19113589917186502,-0.06336038976965935,0.5,1.791759469228055,1.9459101490553132
GDP_성장률,2016-08-01/2016-08-07,2016-08-01,8,4,-0.5,0.5,0.25,0.75,-1.095275,KOSPI,2016-08-01,0.00022102595962228454,0.0003559807579727346,0.004288605381085501,-0.0991478000298116,-0.020563459676923766,0.5,1.3862943611198906,2.0794415416798357
GDP_성장률,2016-08-15/2016-08-21,2016-08-18,12,6,0.16666666666666666,0.6871842709362769,0.5833333333333334,0.4166666666666667,0.39892500000000003,KOSPI,2016-08-18,-0.002545857325730786,0.005094583659947765,-0.0033980679146204053,-0.1981791780423272,-0.5981040783373542,0.16666666666666666,1.791759469228055,2.4849066497880004
GDP_성장률,2016-08-22/2016-08-28,2016-08-26,8,3,-0.22222222222222218,0.87488976377909,0.125,0.75,-1.6906375,KOSPI,2016-08-26,-0.00816673044512273,-0.0060118480636500125,-0.0047318788901290374,-0.23800953089291177,-1.0653690541190446,0.22222222222222218,1.0986122886681098,2.0794415416798357
GDP_성장률,2016-08-29/2016-09-04,2016-09-02,8,6,-0.8333333333333334,0.372677996249965,0.0,0.875,-2.0152625000000004,KOSPI,2016-09-02,-0.007046391591608836,0.012607324723374665,0.00020830389195339652,0.1310591727665802,-0.04962190608526417,0.8333333333333334,1.791759469228055,2.0794415416798357
GDP_성장률,2016-09-05/2016-09-11,2016-09-05,5,4,-0.125,0.8926785535678563,0.4,0.4,0.027459999999999908,KOSPI,2016-09-05,-0.0016122692198476127,0.013000587189322135,-0.025268541705633692,0.3645786624492331,0.39882728201637146,0.125,1.3862943611198906,1.6094379124341003
GDP_성장률,2017-01-23/2017-01-29,2017-01-25,13,6,-0.5,0.5,0.07692307692307693,0.7692307692307693,-1.609446153846154,KOSPI,2017-01-25,-0.003405395755984851,0.00844312549219414,0.0031177052572980216,-0.07751877648571437,-0.16493672888533661,0.5,1.791759469228055,2.5649493574615367
GDP_성장률,2017-01-30/2017-02-05,2017-01-31,9,5,-0.2,0.7483314773547883,0.4444444444444444,0.5555555555555556,-0.607511111111111,KOSPI,2017-01-31,0.0030638059288012904,-0.002313271737841443,-0.0065728107650403315,0.5110299477734959,-0.3609651067527475,0.2,1.6094379124341003,2.1972245773362196
GDP_성장률,2017-02-06/2017-02-12,2017-02-06,8,5,-0.6,0.48989794855663565,0.125,0.75,-1.7080000000000002,KOSPI,2017-02-06,0.002393418301560131,0.0007099506120477326,0.0018266842050581975,-0.1803930176357138,-0.8029942787538732,0.6,1.6094379124341003,2.0794415416798357
GDP_성장률,2017-02-13/2017-02-19,2017-02-13,3,3,0.6666666666666666,0.4714045207910317,0.6666666666666666,0.0,1.9956333333333334,KOSPI,2017-02-13,0.000325449257611808,-0.0004925168640166769,0.00374183623547597,-0.04039578142542766,-0.8034555171777583,0.6666666666666666,1.0986122886681098,1.0986122886681098
GDP_성장률,2017-02-27/2017-03-05,2017-03-05,19,5,0.07878787878787881,0.4805109004342981,0.21052631578947367,0.3684210526315789,0.13581052631578944,KOSPI,2017-03-06,-0.01413281476442646,0.007173435722477476,0.018047014043847627,0.002708598006250895,-0.21549012907121587,0.07878787878787881,1.6094379124341003,2.9444389791664403
GDP_성장률,2017-07-24/2017-07-30,2017-07-27,10,6,0.611111111111111,0.4479032082388083,0.7,0.0,1.10946,KOSPI,2017-07-27,-0.004785086731424875,-0.01638491098742647,-0.02746785220868931,-0.03698264301963938,0.635698713195707,0.611111111111111,1.791759469228055,2.302585092994046
GDP_성장률,2017-07-31/2017-08-06,2017-08-06,6,4,0.3333333333333333,0.408248290463863,0.3333333333333333,0.0,0.9424,KOSPI,2017-08-07,-0.00995127688251342,-0.0034293715024404274,-0.03505319449090789,-0.3415008988377153,0.6577035912956635,0.3333333333333333,1.3862943611198906,1.791759469228055
GDP_성장률,2017-08-14/2017-08-20,2017-08-14,9,4,0.625,0.414578098794425,0.7777777777777778,0.1111111111111111,1.8980777777777778,KOSPI,2017-08-14,-0.03848002554330318,0.009643929593315488,0.011662630198575264,-0.32090231685059045,-0.32530384206571233,0.625,1.3862943611198906,2.1972245773362196
GDP_성장률,2017-08-28/2017-09-03,2017-09-01,14,6,0.2380952380952381,0.6437383730759892,0.2857142857142857,0.42857142857142855,-0.36973571428571433,KOSPI,2017-09-01,-0.010848842962273763,-0.016433153674946185,-0.014767508046773955,-0.08771960670112122,0.19424735326095632,0.2380952380952381,1.791759469228055,2.6390573296152584
GDP_성장률,2018-01-15/2018-01-21,2018-01-18,8,4,0.75,0.25,0.75,0.125,1.4730875,KOSPI,2018-01-18,0.005062284522219419,0.0014235218423702474,0.01711226355757374,0.01881784141625431,0.13285509876983406,0.75,1.3862943611198906,2.0794415416798357
GDP_성장률,2018-01-22/2018-01-28,2018-01-26,5,4,-0.75,0.4330127018922193,0.2,0.8,-1.16954,KOSPI,2018-01-26,0.017451892831681505,0.013590763490702321,-0.015415157832795633,0.2241156048536901,0.37386768246237234,0.75,1.3862943611198906,1.6094379124341003
GDP_성장률,2018-02-05/2018-02-11,2018-02-07,5,3,0.6666666666666666,0.4714045207910317,0.6,0.2,1.02152,KOSPI,2018-02-07,-0.047941743145587815,-0.019599713461340547,-0.015601063240038935,0.26438735253171686,0.7652280012860204,0.6666666666666666,1.0986122886681098,1.6094379124341003
GDP_성장률,2018-02-12/2018-02-18,2018-02-12,7,4,0.25,0.82915619758885,0.7142857142857143,0.14285714285714285,0.4316857142857143,KOSPI,2018-02-12,-0.06937916782504827,0.011694085580895653,0.023039052873048055,0.04581641371353662,0.16227771144301822,0.25,1.3862943611198906,1.9459101490553132
GDP_성장률,2018-02-26/2018-03-04,2018-03-04,6,4,-0.25,0.4330127018922193,0.16666666666666666,0.3333333333333333,-0.4066166666666667,KOSPI,2018-03-05,-0.005400407540184464,0.003778519260830634,0.0331959342720209,0.024992506496651856,0.17574427538007356,0.25,1.3862943611198906,1.791759469228055
GDP_성장률,2018-03-05/2018-03-11,2018-03-05,4,4,0.0,0.7071067811865476,0.25,0.25,0.11640000000000002,KOSPI,2018-03-05,-0.005400407540184464,0.003778519260830634,0.0331959342720209,0.024992506496651856,0.17574427538007356,0.0,1.3862943611198906,1.3862943611198906
GDP_성장률,2018-08-20/2018-08-26,2018-08-26,6,3,0.16666666666666666,0.6236095644623235,0.3333333333333333,0.5,-0.4989833333333334,KOSPI,2018-08-27,0.022616585085427132,0.005202612572519553,0.008719324651338761,-0.3530161050406626,-0.5852519541121096,0.16666666666666666,1.0986122886681098,1.791759469228055
GDP_성장률,2018-08-27/2018-09-02,2018-08-31,13,7,0.8285714285714285,0.3452298849598449,0.8461538461538461,0.07692307692307693,1.667776923076923,KOSPI,2018-08-31,0.013797230096381672,0.00110459840496717,-0.007527337845149392,-0.3993474023964776,-0.22125944719583454,0.8285714285714285,1.9459101490553132,2.5649493574615367
GDP_성장률,2018-09-03/2018-09-09,2018-09-04,13,7,-0.5714285714285714,0.4948716593053935,0.07692307692307693,0.6923076923076923,-1.8172384615384618,KOSPI,2018-09-04,0.007341254671679155,-0.005001954830951077,-0.005588362119670733,-0.08208138002410337,-0.436097140003079,0.5714285714285714,1.9459101490553132,2.5649493574615367
GDP_성장률,2019-02-11/2019-02-17,2019-02-14,9,7,-0.9047619047619049,0.23328473740792174,0.0,0.7777777777777778,-1.9080222222222223,KOSPI,2019-02-14,0.00040285180033465887,-0.0018180249008414237,0.013953417805700127,0.12591070576180918,0.08002186818773042,0.9047619047619049,1.9459101490553132,2.1972245773362196
GDP_성장률,2019-02-18/2019-02-24,2019-02-24,8,4,-0.1875,0.854674645698584,0.375,0.5,0.10835000000000006,KOSPI,2019-02-25,0.01753642363434566,-0.0009844258269754546,-0.020785885017967867,-0.216181984975778,-0.16947614715363152,0.1875,1.3862943611198906,2.0794415416798357
GDP_성장률,2019-02-25/2019-03-03,2019-02-28,10,5,-0.11666666666666665,0.6489307444643928,0.2,0.4,-0.27978000000000003,KOSPI,2019-02-28,0.004067597943422031,-0.019063986963465528,-0.04210386142563018,-0.03642132014040378,-0.2773888485829273,0.11666666666666665,1.6094379124341003,2.302585092994046
GDP_성장률,2019-03-04/2019-03-10,2019-03-05,10,5,-0.7,0.4,0.1,0.7,-0.5823500000000001,KOSPI,2019-03-05,-0.01586176755903726,-0.006086767697825244,-0.012860307135802732,-0.30086992710767824,-0.20444826470252525,0.7,1.6094379124341003,2.302585092994046
GDP_성장률,2019-08-05/2019-08-11,2019-08-09,10,6,-0.5555555555555555,0.7370277311900888,0.2,0.8,-1.7907499999999998,KOSPI,2019-08-09,-0.046168755186201185,0.012246766521377645,0.013070329239713236,0.07563558480894272,0.03887370439814459,0.5555555555555555,1.791759469228055,2.302585092994046
GDP_성장률,2019-08-12/2019-08-18,2019-08-17,9,5,-0.8,0.2449489742783178,0.1111111111111111,0.7777777777777778,-1.880111111111111,KOSPI,2019-08-19,0.00794566639358902,0.018863576852208307,-0.0001073048686407816,-0.1831182757009433,0.2957248703419984,0.8,1.6094379124341003,2.1972245773362196
GDP_성장률,2019-08-19/2019-08-25,2019-08-23,11,7,-0.6428571428571429,0.6925256939166183,0.18181818181818182,0.8181818181818182,-1.7214818181818181,KOSPI,2019-08-23,0.012795999276258359,-0.015337892800177695,0.016322743242128915,-0.3754625710672581,0.3357461179612257,0.6428571428571429,1.9459101490553132,2.3978952727983707
GDP_성장률,2019-08-26/2019-09-01,2019-08-30,10,3,-0.9444444444444445,0.0785674201318386,0.0,0.9,-2.09357,KOSPI,2019-08-30,-0.0045887409185728974,0.020206350861517043,0.04381569628377392,-0.6212375245276593,-0.09555172430782455,0.9444444444444445,1.0986122886681098,2.302585092994046
GDP_성장률,2019-09-02/2019-09-08,2019-09-03,24,9,-0.7777777777777778,0.26057865332352387,0.08333333333333333,0.75,-1.6290416666666667,KOSPI,2019-09-03,0.0320952135963446,0.01170770051113586,0.03717134385865388,-0.3808191480897367,-0.5733679914494612,0.7777777777777778,2.1972245773362196,3.1780538303479458
GDP_성장률,2020-02-03/2020-02-09,2020-02-09,5,3,-1.0,0.0,0.0,1.0,-2.56998,KOSPI,2020-02-10,0.03624259286732029,0.0021836720066473435,0.004922958177416431,0.05135461692416854,-0.3251147396440035,1.0,1.0986122886681098,1.6094379124341003
GDP_성장률,2020-02-17/2020-02-23,2020-02-20,37,12,-0.9583333333333334,0.13819269959814165,0.02702702702702703,0.972972972972973,-2.2474675675675675,KOSPI,2020-02-20,-0.01740950465185952,-0.02356159353534839,-0.07772731800682886,0.294167722968222,0.518030766732013,0.9583333333333334,2.4849066497880004,3.6109179126442243
GDP_성장률,2020-02-24/2020-03-01,2020-02-27,20,6,-0.9523809523809524,0.10647942749998998,0.05,0.85,-1.93306,KOSPI,2020-02-27,-0.06813437305957534,-0.04631225323993336,-0.003162626008918281,0.0006266859418744275,0.6428944210305302,0.9523809523809524,1.791759469228055,2.995732273553991
GDP_성장률,2020-03-02/2020-03-08,2020-03-03,14,8,-0.6458333333333333,0.4119524986101081,0.07142857142857142,0.7142857142857143,-1.7925785714285714,KOSPI,2020-03-03,-0.042885280587645874,0.025773686346339086,-0.025883112186008528,0.05620229109556796,0.8603395229166559,0.6458333333333333,2.0794415416798357,2.6390573296152584
GDP_성장률,2020-08-10/2020-08-16,2020-08-10,3,3,0.6666666666666666,0.4714045207910317,0.6666666666666666,0.0,0.9978666666666666,KOSPI,2020-08-10,0.044228437854996284,0.028082187639723172,-0.0014837840255324843,-0.08874360958385807,0.04591867378022125,0.6666666666666666,1.0986122886681098,1.0986122886681098
GDP_성장률,2020-08-17/2020-08-23,2020-08-17,9,7,-1.0,0.0,0.0,1.0,-2.4403555555555556,KOSPI,2020-08-18,0.01883411702940562,-0.021340015682735154,-0.021698407787681957,-0.07008906832244932,0.42594533662289974,1.0,1.9459101490553132,2.1972245773362196
GDP_성장률,2020-08-24/2020-08-30,2020-08-27,30,10,-0.82,0.23485219938411384,0.13333333333333333,0.8333333333333334,-1.9320399999999998,KOSPI,2020-08-27,-0.0039524770742506215,-0.009957777597268649,0.001099159215788256,0.42180420061846213,-0.31607011773815774,0.82,2.302585092994046,3.4011973816621555
GDP_성장률,2020-08-31/2020-09-06,2020-09-01,26,11,-0.5242424242424242,0.6053784039239898,0.23076923076923078,0.7307692307692307,-1.2565384615384616,KOSPI,2020-09-01,-0.012044663702457273,0.012066533302946093,0.019440371222046175,0.3415319260437748,-0.4835947170352682,0.5242424242424242,2.3978952727983707,3.258096538021482
GDP_성장률,2021-02-15/2021-02-21,2021-02-15,5,4,-0.875,0.21650635094610965,0.0,0.8,-1.3293,KOSPI,2021-02-15,-0.021369329081515776,0.01524046892704533,-0.02107900126437181,0.35705538294850037,-0.1312761241245394,0.875,1.3862943611198906,1.6094379124341003
GDP_성장률,2021-02-22/2021-02-28,2021-02-25,14,7,0.2476190476190476,0.34680269440063094,0.35714285714285715,0.07142857142857142,0.1280857142857142,KOSPI,2021-02-25,-0.057782915613344546,0.001785177357935281,-0.003960287243489851,0.178322005270374,0.3953074617928382,0.2476190476190476,1.9459101490553132,2.6390573296152584
GDP_성장률,2021-03-01/2021-03-07,2021-03-04,36,11,-0.17727272727272725,0.6459771678452811,0.25,0.4722222222222222,-0.39945,KOSPI,2021-03-04,-0.008017088974650702,-0.02393141373048668,-0.03874123173403095,0.13430968088112039,-0.2513153598610472,0.17727272727272725,2.3978952727983707,3.58351893845611
GDP_성장률,2021-08-09/2021-08-15,2021-08-13,6,4,0.25,0.82915619758885,0.6666666666666666,0.16666666666666666,1.1450000000000002,KOSPI,2021-08-13,-0.023373360206564477,-0.02146393236760975,-0.04013194627989174,-0.6350066237446761,0.6956961118605086,0.25,1.3862943611198906,1.791759469228055
GDP_성장률,2021-08-16/2021-08-22,2021-08-18,9,6,-0.6666666666666666,0.4714045207910317,0.1111111111111111,0.6666666666666666,-1.3176444444444444,KOSPI,2021-08-18,-0.04000869025247966,-0.015707092196198723,-0.002585712622702472,-0.6625029650665049,0.8178513161236127,0.6666666666666666,1.791759469228055,2.1972245773362196
GDP_성장률,2021-08-23/2021-08-29,2021-08-26,16,8,0.04166666666666666,0.7156485015549029,0.4375,0.25,0.44925625,KOSPI,2021-08-26,-0.0066834754497301935,-0.005401587592613818,0.005485190029803747,-0.679464630304027,0.44703414642146483,0.04166666666666666,2.0794415416798357,2.772588722239781
GDP_성장률,2021-08-30/2021-09-05,2021-09-05,17,8,-0.47916666666666663,0.4365068091616034,0.29411764705882354,0.6470588235294118,-0.5500529411764706,KOSPI,2021-09-06,0.021414584826152945,-0.004268847191184443,-0.02300023002899793,-0.3137966632872775,0.0032684404336261463,0.47916666666666663,2.0794415416798357,2.833213344056216
GDP_성장률,2021-12-27/2022-01-02,2022-01-02,3,3,-1.0,0.0,0.0,1.0,-2.2314333333333334,KOSPI,2022-01-04,-0.0029437387549741643,-0.006376190567742186,-0.012178552227473959,0.1674027629100454,0.007776403199566838,1.0,1.0986122886681098,1.0986122886681098
GDP_성장률,2022-01-24/2022-01-30,2022-01-25,8,4,0.4375,0.8361930100162283,0.625,0.25,1.6163500000000002,KOSPI,2022-01-25,-0.02991212082370689,-0.028001583013615217,-0.008425436943171351,-0.05659473960369077,0.9029229375477197,0.4375,1.3862943611198906,2.0794415416798357
GDP_성장률,2022-01-31/2022-02-06,2022-02-03,3,3,1.0,0.0,1.0,0.0,0.7497666666666666,KOSPI,2022-02-03,-0.0565192119382365,0.0341487866777231,0.045582410851458505,-0.19772293762021143,-0.15885481560187487,1.0,1.0986122886681098,1.0986122886681098
GDP_성장률,2022-02-07/2022-02-13,2022-02-07,4,3,-0.8333333333333334,0.23570226039551584,0.0,0.75,-0.8465750000000001,KOSPI,2022-02-07,0.017873882783845572,0.0009777586223965297,-0.009522210214518611,-0.09901308296344524,-0.14105258727580083,0.8333333333333334,1.0986122886681098,1.3862943611198906
GDP_성장률,2022-02-14/2022-02-20,2022-02-18,9,6,-0.27777777777777773,0.9111788592698181,0.2222222222222222,0.6666666666666666,-0.8357444444444446,KOSPI,2022-02-18,-0.0038241280038466005,0.00223215346473248,-0.017326602049863356,0.027345131032207703,0.1289794441483812,0.27777777777777773,1.791759469228055,2.1972245773362196
GDP_성장률,2022-02-21/2022-02-27,2022-02-24,8,3,-0.7000000000000001,0.21602468994692867,0.125,0.75,-0.92685,KOSPI,2022-02-24,0.001939927862151026,-0.013233080424890848,0.005052290747265355,0.32098313805679446,0.3018188997569191,0.7000000000000001,1.0986122886681098,2.0794415416798357
GDP_성장률,2022-02-28/2022-03-06,2022-03-03,35,11,0.30303030303030304,0.5776484103244925,0.42857142857142855,0.4,0.6041,KOSPI,2022-03-03,0.0070771839614406865,0.006998631370059516,-0.005544488743353257,0.2305792470369692,0.43501562023711504,0.30303030303030304,2.3978952727983707,3.5553480614894135
GDP_성장률,2022-07-25/2022-07-31,2022-07-29,5,4,0.25,0.82915619758885,0.6,0.4,-0.25217999999999996,KOSPI,2022-07-29,0.016728285761152917,0.009320748064089347,0.02970901641425484,-0.21895821952652383,-0.9091080973580932,0.25,1.3862943611198906,1.6094379124341003
GDP_성장률,2022-08-15/2022-08-21,2022-08-15,9,5,-0.6,0.48989794855663565,0.3333333333333333,0.6666666666666666,-0.8657999999999999,KOSPI,2022-08-16,0.019789546381514755,-0.002606558431136777,-0.03138587078832273,-0.2613306367668091,-0.8985911117700401,0.6,1.6094379124341003,2.1972245773362196
GDP_성장률,2022-08-22/2022-08-28,2022-08-25,12,7,0.37142857142857144,0.7740695533796609,0.5,0.4166666666666667,0.11571666666666669,KOSPI,2022-08-25,-0.02453231343770101,0.014944369289551115,-0.008700672590243154,-0.04508137647109223,0.2634928696702684,0.37142857142857144,1.9459101490553132,2.4849066497880004
GDP_성장률,2022-08-29/2022-09-04,2022-09-01,20,9,-0.3185185185185186,0.6862154416603533,0.35,0.65,-0.9501099999999998,KOSPI,2022-09-01,0.011976350566543623,-0.02476866739558755,-0.03388519412164495,-0.07384602230753501,-0.17285268831795442,0.3185185185185186,2.1972245773362196,2.995732273553991
GDP_성장률,2022-09-05/2022-09-11,2022-09-05,6,4,-1.0,0.0,0.0,1.0,-2.1546499999999997,KOSPI,2022-09-05,-0.026011983816596886,0.0013333790682071062,0.004655369093409717,-0.305839014711518,0.2351936630507578,1.0,1.3862943611198906,1.791759469228055
GDP_성장률,2023-01-23/2023-01-29,2023-01-27,4,3,0.8333333333333334,0.23570226039551584,0.75,0.0,1.723725,KOSPI,2023-01-27,0.03866444321490945,-0.006654877058279318,0.006882473817850948,0.11136606313816877,-0.13829185718676973,0.8333333333333334,1.0986122886681098,1.3862943611198906
GDP_성장률,2023-02-06/2023-02-12,2023-02-07,14,8,-0.04166666666666666,0.7156485015549029,0.42857142857142855,0.5,0.2711785714285715,KOSPI,2023-02-07,-0.0031968560592106846,0.019182200223378007,0.013184940897401116,0.01963119787899359,-0.4044898226420715,0.04166666666666666,2.0794415416798357,2.6390573296152584
GDP_성장률,2023-02-13/2023-02-19,2023-02-14,8,5,-0.2,0.9797958971132713,0.5,0.5,0.21028749999999996,KOSPI,2023-02-14,0.00676938320345448,-0.009750206404476408,0.00376278382667428,-0.1929118216658523,0.13305581364995864,0.2,1.6094379124341003,2.0794415416798357
GDP_성장률,2023-02-20/2023-02-26,2023-02-23,19,10,-0.6799999999999999,0.44899888641287294,0.10526315789473684,0.7894736842105263,-1.5921789473684214,KOSPI,2023-02-23,-0.00523670500721986,0.001948494803714335,0.0043793755285253064,-0.18637566130652772,-0.44683327502582776,0.6799999999999999,2.302585092994046,2.9444389791664403
GDP_성장률,2023-02-27/2023-03-05,2023-03-05,26,10,-0.04166666666666665,0.9031195934094222,0.34615384615384615,0.5,-0.14004615384615388,KOSPI,2023-03-06,-0.004363379029726926,0.012230267718693328,-0.010501270254722113,-0.04060348789079882,-0.09548853392468276,0.04166666666666665,2.302585092994046,3.258096538021482
GDP_성장률,2023-08-07/2023-08-13,2023-08-13,6,4,-0.16666666666666663,0.7637626158259733,0.16666666666666666,0.5,-0.8760833333333332,KOSPI,2023-08-14,-0.007292423137399588,-0.026650021636547096,-0.032926834600391496,0.11719224986348742,0.03011694977608555,0.16666666666666663,1.3862943611198906,1.791759469228055
GDP_성장률,2023-08-14/2023-08-20,2023-08-15,16,8,-0.16666666666666666,0.6009252125773316,0.375,0.5625,-0.21622499999999995,KOSPI,2023-08-16,-0.007024357212691001,-0.021213817163977442,-0.029548803515083627,0.08798677018993217,0.007919451555168142,0.16666666666666666,2.0794415416798357,2.772588722239781
GDP_성장률,2023-08-21/2023-08-27,2023-08-24,17,7,-0.6,0.465985898008574,0.11764705882352941,0.7058823529411765,-1.7742411764705883,KOSPI,2023-08-24,-0.01106064281892303,0.004302069574902069,0.016522393719890904,-0.16714394475229888,-0.07657811743813547,0.6,1.9459101490553132,2.833213344056216
GDP_성장률,2023-08-28/2023-09-03,2023-08-31,21,9,0.37407407407407406,0.6213839150007614,0.5714285714285714,0.2857142857142857,0.3885285714285714,KOSPI,2023-08-31,0.020288338760984063,0.00022823586346418494,-0.007238154568016946,-0.30190945382833867,-0.36270507500761107,0.37407407407407406,2.1972245773362196,3.044522437723423
GDP_성장률,2023-09-04/2023-09-10,2023-09-04,20,10,0.2666666666666667,0.8103497187428812,0.6,0.3,0.21345,KOSPI,2023-09-04,0.015409464833201044,0.006334718807935018,-0.005215143440432046,-0.4380040346506977,-0.35523428189289746,0.2666666666666667,2.302585092994046,2.995732273553991
GDP_성장률,2024-02-05/2024-02-11,2024-02-05,8,4,-0.0625,0.7153451963912248,0.375,0.375,0.1861375,KOSPI,2024-02-05,0.05593946128557152,-0.014356334697503154,0.00418082010095144,-0.013781804383228291,0.12803196228817457,0.0625,1.3862943611198906,2.0794415416798357
GDP_성장률,2024-02-12/2024-02-18,2024-02-15,23,11,-0.6818181818181818,0.39218724562256924,0.08695652173913043,0.6521739130434783,-1.3353913043478256,KOSPI,2024-02-15,0.011550211869957971,0.010907706669629709,0.016979277845736926,0.10913669030919237,0.012120055282026384,0.6818181818181818,2.3978952727983707,3.1354942159291497
GDP_성장률,2024-02-19/2024-02-25,2024-02-22,11,6,-0.39999999999999997,0.4472135954999579,0.0,0.36363636363636365,-1.438327272727273,KOSPI,2024-02-22,0.010810419870822891,0.004673371052272997,-0.006234812605912714,-0.08097020351568851,-0.2785591108062174,0.39999999999999997,1.791759469228055,2.3978952727983707
GDP_성장률,2024-02-26/2024-03-03,2024-02-29,17,6,0.08333333333333333,0.6718548123582124,0.4117647058823529,0.17647058823529413,0.6137176470588235,KOSPI,2024-02-29,-0.0016295099781135983,0.007783318746936322,0.009082609171557164,-0.12753614912221778,-0.11386523673443649,0.08333333333333333,1.791759469228055,2.833213344056216
GDP_성장률,2024-03-04/2024-03-10,2024-03-05,20,10,0.18,0.7884161337770811,0.5,0.4,0.295445,KOSPI,2024-03-05,0.0008361321909780926,-0.013013864998034943,0.0008196988527073724,-0.17269566718441354,-0.1308463767977949,0.18,2.302585092994046,2.995732273553991
GDP_성장률,2024-08-05/2024-08-11,2024-08-08,12,10,-1.0,0.0,0.0,1.0,-2.1701333333333337,KOSPI,2024-08-08,-0.07239931691100987,0.00702674632433555,0.046853145744050556,-0.2541224208985611,0.039985214804430506,1.0,2.302585092994046,2.4849066497880004
GDP_성장률,2024-08-12/2024-08-18,2024-08-15,8,6,0.6666666666666666,0.7453559924999298,0.875,0.125,1.3703125,KOSPI,2024-08-16,0.027263026644851137,0.010610995156199714,0.019120631535849843,-0.23911954295468796,0.08604926207371436,0.6666666666666666,1.791759469228055,2.0794415416798357
GDP_성장률,2024-08-19/2024-08-25,2024-08-22,13,4,-0.8333333333333334,0.28867513459481287,0.07692307692307693,0.7692307692307693,-1.7945692307692307,KOSPI,2024-08-22,0.03195550519174943,0.0009029071555597327,-0.012352182384051802,-0.38763417285242596,-1.3494884563872669,0.8333333333333334,1.3862943611198906,2.5649493574615367
GDP_성장률,2024-08-26/2024-09-01,2024-08-29,14,8,0.29166666666666663,0.4912427551063165,0.5,0.2857142857142857,0.2568642857142857,KOSPI,2024-08-29,-0.004176237804948387,-0.0057218881819615566,-0.042836730255032866,-0.6495317781613696,-0.2379738859078598,0.29166666666666663,2.0794415416798357,2.6390573296152584
GDP_성장률,2024-09-02/2024-09-08,2024-09-05,22,9,-0.8703703703703705,0.31207962122875404,0.0,0.8636363636363636,-1.8633954545454545,KOSPI,2024-09-05,-0.04159871060057462,-0.014499740620557807,-0.003982707421059623,-0.38732102653932365,-0.3158763455355525,0.8703703703703705,2.1972245773362196,3.091042453358316
GDP_성장률,2025-02-03/2025-02-09,2025-02-04,6,5,-0.8,0.4,0.0,0.8333333333333334,-2.0497333333333336,KOSPI,2025-02-04,-0.021620391769885092,0.023868114604774025,0.03866865364220687,-0.013722373974532687,-0.5350567594438126,0.8,1.6094379124341003,1.791759469228055
GDP_성장률,2025-02-10/2025-02-16,2025-02-11,6,4,-0.375,0.81967981553775,0.16666666666666666,0.6666666666666666,-1.4588333333333334,KOSPI,2025-02-11,0.0270225470955512,0.01063341732395976,0.04089209618500408,0.10214157954617775,-1.1612096124695157,0.375,1.3862943611198906,1.791759469228055
GDP_성장률,2025-02-17/2025-02-23,2025-02-18,33,11,-0.9015151515151515,0.16973754926066728,0.06060606060606061,0.9090909090909091,-1.929212121212121,KOSPI,2025-02-18,0.037580133007543384,0.024369583784576435,0.01100026524172641,0.03471381725690392,-0.28132686851250527,0.9015151515151515,2.3978952727983707,3.4965075614664802
GDP_성장률,2025-02-24/2025-03-02,2025-02-25,23,10,-0.5583333333333333,0.5986675018553936,0.13043478260869565,0.7391304347826086,-1.7795782608695654,KOSPI,2025-02-25,0.01626284681843854,-0.000432778301386722,-0.029416326999891867,-0.07917487830531833,0.27075649965904824,0.5583333333333333,2.302585092994046,3.1354942159291497
GDP_성장률,2025-03-03/2025-03-09,2025-03-05,11,6,-0.5,0.5,0.18181818181818182,0.5454545454545454,-0.7001909090909091,KOSPI,2025-03-05,-0.0433053547688073,0.01901198309839078,0.019523093735563046,0.20093606873794556,-0.13308052346176932,0.5,1.791759469228055,2.3978952727983707
GDP_성장률,2025-08-11/2025-08-17,2025-08-16,3,3,0.3333333333333333,0.9428090415820634,0.6666666666666666,0.3333333333333333,1.7796666666666667,KOSPI,2025-08-18,-0.009826258936972216,-0.026808471818727926,-0.01575839722251738,-0.47317410236372837,0.06018385683962978,0.3333333333333333,1.0986122886681098,1.0986122886681098
GDP_성장률,2025-08-18/2025-08-24,2025-08-22,18,9,-0.15555555555555556,0.8261169020196046,0.4444444444444444,0.5,-0.35885,KOSPI,2025-08-22,-0.035152060883167205,0.017823548745680918,0.0029288523061496543,-0.658179374154761,-0.3647765068852579,0.15555555555555556,2.1972245773362196,2.8903717578961645
GDP_성장률,2025-08-25/2025-08-31,2025-08-28,41,12,0.39523809523809517,0.5702003997216957,0.7073170731707317,0.24390243902439024,0.7849829268292683,KOSPI,2025-08-28,0.0072317480249294895,-0.0047564137761907255,-0.008769133643872079,-0.6003732971719593,-0.3381345805022312,0.39523809523809517,2.4849066497880004,3.713572066704308
GDP_성장률,2025-09-01/2025-09-07,2025-09-03,18,9,-0.2777777777777778,0.5328701692569688,0.3888888888888889,0.5,-0.43304444444444445,KOSPI,2025-09-03,-0.01178672437987075,0.005066930358859221,0.032418004190499866,-0.43262232704914183,-0.6148766493514146,0.2777777777777778,2.1972245773362196,2.8903717578961645
GDP_성장률,2026-02-09/2026-02-15,2026-02-11,15,7,0.21904761904761902,0.682399394958966,0.4666666666666667,0.26666666666666666,0.14678666666666665,KOSPI,2026-02-11,-0.016883235898093263,0.03278671909452163,0.07351321670918749,0.7809953062889488,-0.11865782448455339,0.21904761904761902,1.9459101490553132,2.70805020110221
GDP_성장률,2026-02-16/2026-02-22,2026-02-20,26,9,-0.09894179894179894,0.6085879794131716,0.46153846153846156,0.46153846153846156,-0.19938846153846154,KOSPI,2026-02-20,0.048675230991747254,0.02100731394801812,0.07081990644812096,1.2674960547848837,0.017679582096382866,0.09894179894179894,2.1972245773362196,3.258096538021482
GDP_성장률,2026-02-23/2026-03-01,2026-02-26,21,11,0.37878787878787884,0.6280115689715972,0.47619047619047616,0.14285714285714285,-0.11876190476190475,KOSPI,2026-02-26,0.07862152719225066,0.01785136309651246,-0.0964233961399983,0.9526425987364817,1.4365800676226763,0.37878787878787884,2.3978952727983707,3.044522437723423
가계부채,2016-08-22/2016-08-28,2016-08-25,49,10,-0.6516666666666666,0.33470135942359125,0.22448979591836735,0.5714285714285714,-0.8258959183673469,은행,2016-08-25,-0.013298054567167998,0.006489335910013,0.0510670519824806,-1.2366424340623858,-0.1431696234870879,0.6516666666666666,2.302585092994046,3.8918202981106265
가계부채,2016-08-29/2016-09-04,2016-09-01,17,9,-0.7222222222222222,0.3424674446093876,0.058823529411764705,0.7647058823529411,-1.5808176470588238,은행,2016-09-01,0.0370313972748193,0.0006471682918566014,-0.0010315542408039996,-0.5605887247401498,-0.4704150741981176,0.7222222222222222,2.1972245773362196,2.833213344056216
가계부채,2017-02-06/2017-02-12,2017-02-06,12,8,-0.75,0.6614378277661477,0.08333333333333333,0.9166666666666666,-1.8719583333333334,은행,2017-02-06,0.022682367688344002,0.0016348887356293995,0.014172908291581202,-0.024607610293687188,-0.710578754368403,0.75,2.0794415416798357,2.4849066497880004
가계부채,2017-02-13/2017-02-19,2017-02-18,7,4,-0.4375,0.8361930100162283,0.14285714285714285,0.7142857142857143,-0.5904142857142858,은행,2017-02-20,-0.010808651386899399,-0.011321230046563501,-0.0339302489472721,-0.10368398679850976,0.08861333371651547,0.4375,1.3862943611198906,1.9459101490553132
가계부채,2017-02-20/2017-02-26,2017-02-21,20,7,-0.43506493506493504,0.6785015187998193,0.2,0.7,-0.38715000000000005,은행,2017-02-21,-0.014792168573121697,-0.005471601429368001,-0.011436784807693699,-0.3559229128698078,0.33922404502570463,0.43506493506493504,1.9459101490553132,2.995732273553991
가계부채,2017-02-27/2017-03-05,2017-03-05,15,5,-0.8333333333333333,0.21081851067789198,0.06666666666666667,0.8,-0.85202,은행,2017-03-06,0.010533233511194704,-0.0059946594121906005,0.0298748059296881,1.80337549855561,0.28943482257865677,0.8333333333333333,1.6094379124341003,2.70805020110221
가계부채,2017-07-31/2017-08-06,2017-08-06,4,3,-1.0,0.0,0.0,1.0,-2.047025,은행,2017-08-07,0.006547436780784202,0.007124660098953699,0.006180038152452801,-0.774521810459488,0.29867312514111455,1.0,1.0986122886681098,1.3862943611198906
가계부채,2017-08-07/2017-08-13,2017-08-09,3,3,-1.0,0.0,0.0,1.0,-1.6859666666666666,은행,2017-08-09,0.0014071991486333006,-0.0024001520827547987,-0.013726580607660499,-0.6892640857362302,0.24101146226795156,1.0,1.0986122886681098,1.0986122886681098
가계부채,2017-08-14/2017-08-20,2017-08-20,10,6,0.20833333333333334,0.6194195311382711,0.3,0.4,0.31098,은행,2017-08-21,-0.015268517277317699,-0.009931026185568001,0.005532942280396495,-1.1520429157722916,0.19126770464510376,0.20833333333333334,1.791759469228055,2.302585092994046
가계부채,2017-08-21/2017-08-27,2017-08-24,7,3,-0.8333333333333334,0.23570226039551584,0.0,0.7142857142857143,-0.8320857142857142,은행,2017-08-24,-0.0232190683129985,0.012985756225255898,-0.008371629825261899,-1.073811915898066,0.34282838188117354,0.8333333333333334,1.0986122886681098,1.9459101490553132
가계부채,2017-08-28/2017-09-03,2017-08-31,8,5,-0.5,0.7745966692414834,0.125,0.75,-0.87485,은행,2017-08-31,0.004959590389020499,-0.0148250058412933,-0.0653676223364881,-0.3284600382405163,0.6596413402402871,0.5,1.6094379124341003,2.0794415416798357
가계부채,2017-09-04/2017-09-10,2017-09-05,21,9,-0.1259259259259259,0.5781575200322329,0.09523809523809523,0.19047619047619047,0.0934047619047619,은행,2017-09-05,-0.0319783596308387,-0.053765213816167806,-0.04668694281813931,0.2923041098165786,0.7350694863977605,0.1259259259259259,2.1972245773362196,3.044522437723423
가계부채,2018-02-26/2018-03-04,2018-03-02,21,7,-0.02380952380952382,0.7542397172122456,0.23809523809523808,0.5714285714285714,0.036504761904761894,은행,2018-03-06,-0.005410251024295799,-0.0649491267838144,-0.08250675840848079,-1.0624240775866767,0.5675906840973133,0.02380952380952382,1.9459101490553132,3.044522437723423
가계부채,2018-03-05/2018-03-11,2018-03-05,4,3,-0.3333333333333333,0.9428090415820634,0.25,0.75,-0.433075,은행,2018-03-06,-0.005410251024295799,-0.0649491267838144,-0.08250675840848079,-1.0624240775866767,0.5675906840973133,0.3333333333333333,1.0986122886681098,1.3862943611198906
가계부채,2018-06-11/2018-06-17,2018-06-17,7,5,-1.0,0.0,0.0,1.0,-1.369942857142857,은행,2018-06-18,0.0019190656848194002,0.0251469365672711,0.008877333041503703,-0.10309166854028717,0.4725524311411629,1.0,1.6094379124341003,1.9459101490553132
가계부채,2018-06-18/2018-06-24,2018-06-20,4,4,-0.5,0.8660254037844386,0.25,0.75,-0.8062249999999997,은행,2018-06-20,0.013781810406436798,-0.026403235887135498,-0.0184328043291243,0.05428673422979813,0.4220422569884787,0.5,1.3862943611198906,1.3862943611198906
가계부채,2018-08-20/2018-08-26,2018-08-23,5,5,-0.8,0.4000000000000001,0.0,0.8,-1.3803800000000002,은행,2018-08-23,-0.008849613913907898,-0.011735718430082299,-0.0095891070656835,-0.03420593264051064,-0.2247491019707725,0.8,1.6094379124341003,1.6094379124341003
가계부채,2018-08-27/2018-09-02,2018-08-31,6,4,-0.75,0.4330127018922193,0.16666666666666666,0.6666666666666666,-1.3994666666666664,은행,2018-08-31,0.0049891120800913,-0.0011272538581135008,-0.006006134312972703,-1.247535562851814,-0.4091962440551019,0.75,1.3862943611198906,1.791759469228055
가계부채,2018-09-03/2018-09-09,2018-09-04,16,8,-0.8333333333333333,0.3333333333333333,0.0,0.8125,-1.5236125,은행,2018-09-04,-0.0130535050161978,-0.011270903546377302,-0.0018459454926798013,-0.15948951402021017,-0.35351320401561187,0.8333333333333333,2.0794415416798357,2.772588722239781
가계부채,2019-01-21/2019-01-27,2019-01-27,5,5,-1.0,0.0,0.0,1.0,-1.89874,은행,2019-01-28,-0.018339189234360297,0.0006545775337422,0.02533405203176188,0.026531176102331244,-0.4525076742536768,1.0,1.6094379124341003,1.6094379124341003
가계부채,2019-02-11/2019-02-17,2019-02-14,4,3,-0.3333333333333333,0.9428090415820634,0.25,0.75,-0.6745,은행,2019-02-14,-0.0051718519795227215,0.004896255732989001,-0.0243756147436207,0.25786200246454705,-0.15318111894067307,0.3333333333333333,1.0986122886681098,1.3862943611198906
가계부채,2019-02-18/2019-02-24,2019-02-22,3,3,-0.3333333333333333,0.9428090415820634,0.3333333333333333,0.6666666666666666,-0.19100000000000003,은행,2019-02-22,-0.023387754354117402,0.0033726503620833998,-0.011748228002713398,0.02458573812178244,0.06223706150355315,0.3333333333333333,1.0986122886681098,1.0986122886681098
가계부채,2019-02-25/2019-03-03,2019-03-03,12,5,-0.675,0.4153311931459037,0.08333333333333333,0.5833333333333334,-1.100658333333333,은행,2019-03-04,0.0053922621985284,-0.015205647507920299,-0.0006239770685901001,0.12765897825696726,0.16832146195667638,0.675,1.6094379124341003,2.4849066497880004
가계부채,2019-03-04/2019-03-10,2019-03-05,5,3,-0.3333333333333333,0.4714045207910317,0.4,0.6,-0.026760000000000013,은행,2019-03-05,-0.008371555480607298,0.0022829897164266004,0.016196457443611097,-0.5328413710288178,0.043813270631992106,0.3333333333333333,1.0986122886681098,1.6094379124341003
가계부채,2019-05-20/2019-05-26,2019-05-24,10,7,0.21428571428571427,0.7491491772643939,0.5,0.2,0.60289,은행,2019-05-24,0.015482585078404144,0.012919433768713,-0.0155820160243665,-0.6677617817971768,0.08213777619519881,0.21428571428571427,1.9459101490553132,2.302585092994046
가계부채,2019-08-26/2019-09-01,2019-08-30,16,6,-0.43333333333333335,0.42295258468165065,0.1875,0.625,-1.1782062500000001,은행,2019-08-30,-0.005076445472977802,0.0090442224260477,0.0087169240485343,0.03853818804561726,0.22866355237822564,0.43333333333333335,1.791759469228055,2.772588722239781
가계부채,2019-09-02/2019-09-08,2019-09-03,9,6,-1.0,0.0,0.0,1.0,-1.786733333333333,은행,2019-09-03,-0.0006158145631247009,-0.0006373405777451988,0.0188785263445955,0.04211062822005118,-0.05981188521262299,1.0,1.791759469228055,2.1972245773362196
가계부채,2019-11-18/2019-11-24,2019-11-21,3,3,-0.3333333333333333,0.9428090415820634,0.3333333333333333,0.6666666666666666,-0.0368666666666666,은행,2019-11-21,0.023022568944045897,0.0005272861147916016,-0.003842834750005699,-0.7216928149911013,-0.24815291975764062,0.3333333333333333,1.0986122886681098,1.0986122886681098
가계부채,2019-12-16/2019-12-22,2019-12-16,4,4,0.5,0.5,0.5,0.0,0.630125,은행,2019-12-16,0.016260460835853502,-0.0391247508929822,-0.014301650162555501,0.24458581996023376,0.03693125594118716,0.5,1.3862943611198906,1.3862943611198906
가계부채,2019-12-23/2019-12-29,2019-12-26,3,3,-1.0,0.0,0.0,1.0,-2.0322999999999998,은행,2019-12-26,0.023524986614365598,0.0099428672020411,-0.007849651609904298,0.157299350598608,0.10692647138520436,1.0,1.0986122886681098,1.0986122886681098
가계부채,2020-02-24/2020-03-01,2020-02-27,18,9,-0.8111111111111111,0.24139512202667146,0.0,0.7222222222222222,-1.511961111111111,은행,2020-02-27,0.012551950025042596,0.025786064158982103,-0.03757982048603949,0.24960984462195945,0.11154103114983631,0.8111111111111111,2.1972245773362196,2.8903717578961645
가계부채,2020-03-02/2020-03-08,2020-03-04,6,5,-0.4,0.7999999999999999,0.16666666666666666,0.5,-1.4058,은행,2020-03-04,0.0017484778968467028,-0.0298080873059415,-0.025704222420395297,0.30323822050866056,0.7280748887301831,0.4,1.6094379124341003,1.791759469228055
가계부채,2020-06-08/2020-06-14,2020-06-10,4,4,-0.5,0.5,0.0,0.5,-0.14054999999999998,은행,2020-06-10,-0.007517897031012006,-0.055263151218633,-0.061961603801212094,0.7880417321679616,0.05274162362110415,0.5,1.3862943611198906,1.3862943611198906
가계부채,2020-08-17/2020-08-23,2020-08-19,12,7,-0.8571428571428571,0.3499271061118826,0.0,0.9166666666666666,-1.547775,은행,2020-08-19,0.016680873325160297,-0.007739980008880498,-0.024713947797624695,0.13392847172120526,-0.10100390354964706,0.8571428571428571,1.9459101490553132,2.4849066497880004
가계부채,2020-08-24/2020-08-30,2020-08-24,10,7,-0.7857142857142857,0.36421567954234174,0.0,0.8,-1.73613,은행,2020-08-24,-0.0362872494962346,-0.0029269837606952977,-0.018606973247315695,-0.37189419922115974,-0.35251767498967973,0.7857142857142857,1.9459101490553132,2.302585092994046
가계부채,2020-08-31/2020-09-06,2020-09-02,13,8,-0.10416666666666666,0.6397563555326703,0.38461538461538464,0.38461538461538464,0.3226692307692308,은행,2020-09-02,-0.0160689559803986,-0.021543039376702697,-0.0276044360905077,-0.7023777574770467,-0.9213385093923994,0.10416666666666666,2.0794415416798357,2.5649493574615367
가계부채,2020-12-14/2020-12-20,2020-12-14,3,3,-0.6666666666666666,0.4714045207910317,0.0,0.6666666666666666,-0.8210333333333334,은행,2020-12-14,-0.0140454636991667,-0.007068744669049,-0.022117329394273702,-0.34845983556759386,-1.1694767104569854,0.6666666666666666,1.0986122886681098,1.0986122886681098
가계부채,2020-12-21/2020-12-27,2020-12-22,9,8,-0.625,0.4841229182759271,0.0,0.6666666666666666,-0.7286666666666667,은행,2020-12-22,-0.0178629397987466,-0.0103134912908135,-0.0290496676882563,-0.1547776851968532,-0.667558108599417,0.625,2.0794415416798357,2.1972245773362196
가계부채,2021-01-11/2021-01-17,2021-01-15,6,4,-1.0,0.0,0.0,1.0,-1.1328833333333332,은행,2021-01-15,-0.011270190683769905,0.007629703676355397,-0.050908415746121705,-0.0922579513927495,-0.35098879861632876,1.0,1.3862943611198906,1.791759469228055
가계부채,2021-01-18/2021-01-24,2021-01-20,3,3,-0.6666666666666666,0.4714045207910317,0.0,0.6666666666666666,-0.9533666666666667,은행,2021-01-20,0.0029640971333775943,-0.0356895288202407,-0.06313175551930139,-0.06505645654568859,-0.7785852843897599,0.6666666666666666,1.0986122886681098,1.0986122886681098
가계부채,2021-01-25/2021-01-31,2021-01-25,3,3,-0.3333333333333333,0.4714045207910317,0.0,0.3333333333333333,-0.6350666666666668,은행,2021-01-25,-0.04891427587389251,-0.0207878017327786,-0.013544555756107798,-0.4541396693919477,0.38380645235549904,0.3333333333333333,1.0986122886681098,1.0986122886681098
가계부채,2021-02-15/2021-02-21,2021-02-16,3,3,0.0,0.816496580927726,0.3333333333333333,0.3333333333333333,0.4347666666666667,은행,2021-02-16,0.040998659464446495,0.0073085006668421,0.0169667737308617,0.21535990866668975,-0.29431581974327903,0.0,1.0986122886681098,1.0986122886681098
가계부채,2021-02-22/2021-02-28,2021-02-28,4,4,-0.75,0.4330127018922193,0.0,0.75,-1.9287999999999998,은행,2021-03-02,0.03644682929071409,0.0033447657954521013,0.10724344452205581,0.09187446121704923,-0.24610611163017068,0.75,1.3862943611198906,1.3862943611198906
가계부채,2021-03-01/2021-03-07,2021-03-03,20,10,-2.2204460492503132e-17,0.5962847939999439,0.45,0.35,0.515595,은행,2021-03-03,0.0313366043974526,0.0238667310399518,0.1019693210485226,0.3535767434213035,0.09581625088416793,2.2204460492503132e-17,2.302585092994046,2.995732273553991
가계부채,2021-08-16/2021-08-22,2021-08-18,9,5,-0.8,0.2449489742783178,0.0,0.6666666666666666,-0.21182222222222225,은행,2021-08-18,0.0319408902175405,-0.016009374949203698,0.006415549080336497,-0.3763178635738953,0.6023385827882424,0.8,1.6094379124341003,2.1972245773362196
가계부채,2021-08-23/2021-08-29,2021-08-27,27,9,-0.41111111111111115,0.3026630771528052,0.1111111111111111,0.4074074074074074,-0.24812962962962962,은행,2021-08-27,0.03562144936755719,-0.0234774496442807,-0.029394696348082797,-0.26076298795138797,0.07728005326323753,0.41111111111111115,2.1972245773362196,3.295836866004329
가계부채,2021-08-30/2021-09-05,2021-08-31,21,11,-0.20454545454545456,0.6106831292065638,0.14285714285714285,0.42857142857142855,0.47653333333333336,은행,2021-08-31,0.013771897389920702,-0.0030224816732430998,-0.019863013909643,-0.28850380438195344,-0.4193085978693842,0.20454545454545456,2.3978952727983707,3.044522437723423
가계부채,2021-12-27/2022-01-02,2021-12-31,5,5,-0.4,0.48989794855663565,0.0,0.4,0.021760000000000022,은행,2022-01-04,0.007637081283065104,0.014535103855096,0.06509463977918009,-0.8987518529426453,-0.05009330021665631,0.4,1.6094379124341003,1.6094379124341003
가계부채,2022-01-03/2022-01-09,2022-01-06,5,4,0.25,0.82915619758885,0.4,0.2,1.16434,은행,2022-01-06,0.0325629581124388,-0.0024150015282568982,0.048732282301306704,-0.14488016872818754,-0.09562163312859605,0.25,1.3862943611198906,1.6094379124341003
가계부채,2022-02-28/2022-03-06,2022-03-02,8,6,-0.8333333333333334,0.372677996249965,0.0,0.875,-1.4610375000000002,은행,2022-03-02,-0.025436459414699797,-0.0299733881576249,-0.0357489106122292,0.33041359416167637,0.49680007421672717,0.8333333333333334,1.791759469228055,2.0794415416798357
가계부채,2022-06-06/2022-06-12,2022-06-07,7,4,-0.75,0.25,0.0,0.7142857142857143,-0.6698999999999999,은행,2022-06-07,-0.025795552188647403,0.006065789952084842,0.0013314128790194342,-0.21578248704168956,0.4388138355272559,0.75,1.3862943611198906,1.9459101490553132
가계부채,2022-06-13/2022-06-19,2022-06-14,3,3,-1.0,0.0,0.0,1.0,-0.8780666666666668,은행,2022-06-14,-0.013348501152660164,0.02228355428761,0.0059245175988042005,0.14432197690075022,-0.19176135917690468,1.0,1.0986122886681098,1.0986122886681098
가계부채,2022-07-04/2022-07-10,2022-07-05,4,4,-0.25,0.82915619758885,0.25,0.5,-0.3210750000000001,은행,2022-07-05,-0.014983739158420602,-0.008575070323888101,-0.0323081986375479,0.003032160761257785,0.2624858101868807,0.25,1.3862943611198906,1.3862943611198906
가계부채,2022-07-11/2022-07-17,2022-07-13,4,3,-1.0,0.0,0.0,1.0,-1.183375,은행,2022-07-13,-0.0324151870418338,-0.012938306714852,-0.0021815092517730034,0.11505722650159278,0.48141702835838196,1.0,1.0986122886681098,1.3862943611198906
가계부채,2022-08-29/2022-09-04,2022-09-04,13,7,-0.35714285714285715,0.7423074889580903,0.15384615384615385,0.5384615384615384,-0.8655153846153845,은행,2022-09-05,-0.021970769811147397,0.0048824413466647,0.022764765320935798,-0.9528974415897569,0.2825680826793518,0.35714285714285715,1.9459101490553132,2.5649493574615367
가계부채,2022-09-05/2022-09-11,2022-09-05,15,9,-0.5,0.6666666666666666,0.13333333333333333,0.6,-1.1035666666666666,은행,2022-09-05,-0.021970769811147397,0.0048824413466647,0.022764765320935798,-0.9528974415897569,0.2825680826793518,0.5,2.1972245773362196,2.70805020110221
가계부채,2022-10-31/2022-11-06,2022-11-01,4,3,0.0,0.816496580927726,0.25,0.5,-0.359,은행,2022-11-01,0.0175656882159139,-0.004944273323752801,-0.018458418247321702,-0.13351926457493235,-0.9243201253995392,0.0,1.0986122886681098,1.3862943611198906
가계부채,2022-11-14/2022-11-20,2022-11-15,3,3,-1.0,0.0,0.0,1.0,-1.6411333333333333,은행,2022-11-15,0.022052396412607398,0.0068944579684338,0.020409880652512098,-0.6463200317691857,-0.7207726726353381,1.0,1.0986122886681098,1.0986122886681098
가계부채,2022-11-21/2022-11-27,2022-11-22,3,3,-1.0,0.0,0.0,1.0,-1.6327666666666667,은행,2022-11-22,0.018551310027451497,-0.0002067922103284,0.015785417954842004,-0.23146059755837456,0.13255694239856122,1.0,1.0986122886681098,1.0986122886681098
가계부채,2022-12-05/2022-12-11,2022-12-06,3,3,-1.0,0.0,0.0,1.0,-1.3118999999999998,은행,2022-12-06,0.057430324147022496,-0.0109548162532482,0.037568458382191805,-0.26618132373099,-0.036753699780608474,1.0,1.0986122886681098,1.0986122886681098
가계부채,2023-02-20/2023-02-26,2023-02-21,6,5,-0.3,0.6,0.16666666666666666,0.3333333333333333,-1.2647166666666667,은행,2023-02-21,-0.04662002820519051,-0.00038483174855979984,0.0158425065858488,-0.21911707400219704,-0.732186442706065,0.3,1.6094379124341003,1.791759469228055
가계부채,2023-02-27/2023-03-05,2023-03-05,5,4,-0.75,0.4330127018922193,0.0,0.6,-1.33824,은행,2023-03-06,-0.015219976519829901,-0.010556401326375999,-0.0142798057148059,-0.6335047080175826,-0.574887976892018,0.75,1.3862943611198906,1.6094379124341003
가계부채,2023-08-07/2023-08-13,2023-08-10,7,6,-1.0,0.0,0.0,1.0,-1.5797285714285718,은행,2023-08-10,0.012664754804175699,0.006173595031781401,0.0252381083957042,-0.48706071206198587,-0.7139088075100306,1.0,1.791759469228055,1.9459101490553132
가계부채,2023-08-14/2023-08-20,2023-08-14,10,5,-1.0,0.0,0.0,1.0,-1.24147,은행,2023-08-14,-0.008590023073881698,0.011510819790927499,0.019565187769929798,-0.5150584200591197,-0.7831376251174655,1.0,1.6094379124341003,2.302585092994046
가계부채,2023-08-21/2023-08-27,2023-08-22,19,9,-0.8055555555555556,0.36851386559504445,0.05263157894736842,0.8421052631578947,-1.586921052631579,은행,2023-08-22,0.0215036072661426,0.0095763504791936,-0.004052764375754401,-0.7189656394067772,-0.7454423041372892,0.8055555555555556,2.1972245773362196,2.9444389791664403
가계부채,2023-08-28/2023-09-03,2023-08-30,6,6,-0.8333333333333334,0.37267799624996495,0.0,0.8333333333333334,-1.4528999999999996,은행,2023-08-30,-0.0021143448795416008,0.014672717639406,0.0166726535076185,0.04738782185711621,-0.8595487205389217,0.8333333333333334,1.791759469228055,1.791759469228055
가계부채,2023-09-04/2023-09-10,2023-09-05,4,4,-0.5,0.5,0.0,0.5,-0.9964999999999999,은행,2023-09-05,0.006731699354905899,0.0114267377163792,0.024354705860523802,-0.4832366683549285,-0.6059708489524327,0.5,1.3862943611198906,1.3862943611198906
가계부채,2024-01-29/2024-02-04,2024-01-31,4,3,-1.0,0.0,0.0,1.0,-0.560575,은행,2024-01-31,0.031115096339268,0.0522364428659949,0.0584202699437421,1.9814703897110881,0.9764577601826665,1.0,1.0986122886681098,1.3862943611198906
가계부채,2024-02-12/2024-02-18,2024-02-12,4,3,-1.0,0.0,0.0,1.0,-0.9365500000000001,은행,2024-02-13,0.02495914819642239,-0.0180264850214687,-0.0155302047957889,1.4554691693032513,0.820143907262746,1.0,1.0986122886681098,1.3862943611198906
가계부채,2024-02-19/2024-02-25,2024-02-22,12,7,-0.8214285714285714,0.34626284695830917,0.0,0.8333333333333334,-1.7135749999999996,은행,2024-02-22,0.00033599208912090143,0.0144487797051073,0.0207946959650376,1.35076311791091,0.12573377406079211,0.8214285714285714,1.9459101490553132,2.4849066497880004
가계부채,2024-02-26/2024-03-03,2024-03-03,4,3,-0.3333333333333333,0.4714045207910317,0.0,0.5,-1.817125,은행,2024-03-04,0.019133901852606702,0.023955916085457902,0.033545678072726196,1.4143911194293572,-0.13801164500433935,0.3333333333333333,1.0986122886681098,1.3862943611198906
가계부채,2024-03-04/2024-03-10,2024-03-04,14,9,-0.5555555555555556,0.6431020501550125,0.07142857142857142,0.7142857142857143,-0.9158428571428574,은행,2024-03-04,0.019133901852606702,0.023955916085457902,0.033545678072726196,1.4143911194293572,-0.13801164500433935,0.5555555555555556,2.1972245773362196,2.6390573296152584
가계부채,2024-08-12/2024-08-18,2024-08-13,4,3,-1.0,0.0,0.0,1.0,-1.9955500000000002,은행,2024-08-13,-0.013148242070071002,0.0108063527184163,0.0367324747696835,-0.3945070086060323,-0.1148535865860767,1.0,1.0986122886681098,1.3862943611198906
가계부채,2024-08-19/2024-08-25,2024-08-22,21,10,-0.925,0.16007810593582122,0.0,0.8571428571428571,-1.6989095238095235,은행,2024-08-22,0.0212581385725625,0.010909732881687301,-0.017643612456964698,-0.017340762121980546,0.09981231450014906,0.925,2.302585092994046,3.044522437723423
가계부채,2024-08-26/2024-09-01,2024-08-27,12,7,-0.5714285714285714,0.7284313590846836,0.16666666666666666,0.8333333333333334,-1.0385583333333333,은행,2024-08-28,0.0410889150609164,-0.0339534287986143,-0.0271616740985421,0.18144406700412574,0.01883350949744571,0.5714285714285714,1.9459101490553132,2.4849066497880004
가계부채,2024-09-02/2024-09-08,2024-09-05,30,11,-0.6740259740259741,0.32914100601458846,0.06666666666666667,0.7,-1.2619100000000003,은행,2024-09-05,0.0153306137084199,0.018260892013701298,-0.04084780351341981,-0.3250445464256977,0.16349389108535856,0.6740259740259741,2.3978952727983707,3.4011973816621555
가계부채,2025-02-03/2025-02-09,2025-02-06,3,3,-0.6666666666666666,0.4714045207910317,0.0,0.6666666666666666,-0.5783,은행,2025-02-06,0.02864480593517068,-0.026322088599726998,-0.0551172331869893,0.1471297978468744,-0.9050051535066618,0.6666666666666666,1.0986122886681098,1.0986122886681098
가계부채,2025-02-17/2025-02-23,2025-02-21,5,5,0.0,0.0,0.0,0.0,1.0246600000000001,은행,2025-02-21,-0.009781602325400702,0.0021587927405751998,0.0313949986474288,-0.7764151958127936,-0.28524857067831894,0.0,1.6094379124341003,1.6094379124341003
가계부채,2025-02-24/2025-03-02,2025-02-27,20,7,-0.5476190476190477,0.4054615801411048,0.15,0.7,-0.7891500000000001,은행,2025-02-27,0.014909534926752298,0.0212940640977637,-0.014728706649538102,-0.11788439446720034,0.022415150561347467,0.5476190476190477,1.9459101490553132,2.995732273553991
가계부채,2025-03-03/2025-03-09,2025-03-04,14,8,-0.8333333333333333,0.3333333333333333,0.0,0.8571428571428571,-1.542392857142857,은행,2025-03-04,0.0310142127364975,-0.0396091134455735,-0.028917750395339902,-0.20664206274893893,-0.12804756488226626,0.8333333333333333,2.0794415416798357,2.6390573296152584
가계부채,2025-07-07/2025-07-13,2025-07-10,6,5,-0.6,0.48989794855663565,0.0,0.6666666666666666,-1.3190166666666667,은행,2025-07-10,0.06497894865414999,-0.0021935583592178013,-0.0222156370769677,0.9631975081119712,0.42951574900121653,0.6,1.6094379124341003,1.791759469228055
가계부채,2025-08-04/2025-08-10,2025-08-05,6,5,0.1,0.48989794855663565,0.16666666666666666,0.16666666666666666,-0.5063666666666667,은행,2025-08-05,0.00011071993344869725,0.017569884560681957,0.026053808572310353,0.08007284611897347,-0.5124871320716893,0.1,1.6094379124341003,1.791759469228055
가계부채,2025-08-11/2025-08-17,2025-08-17,6,4,-0.25,0.4330127018922193,0.16666666666666666,0.3333333333333333,0.3680666666666667,은행,2025-08-18,0.0005744276978748002,-0.006412896317921299,-0.023570517111931998,-0.027360744207014065,-0.6221372361266276,0.25,1.3862943611198906,1.791759469228055
가계부채,2025-08-18/2025-08-24,2025-08-21,3,3,-0.6666666666666666,0.4714045207910317,0.0,0.6666666666666666,-0.4848333333333333,은행,2025-08-21,-0.004792751870220102,-0.0170578654636005,-0.0203641936654528,-1.4672893583601265,-1.2191860315799914,0.6666666666666666,1.0986122886681098,1.0986122886681098
가계부채,2025-08-25/2025-08-31,2025-08-31,5,3,-0.7777777777777778,0.31426968052735443,0.2,0.8,-1.0644199999999997,은행,2025-09-01,-0.0109030632698708,-5.695145227619866e-05,-0.0258306632079448,-1.480863541469441,-0.770976772512967,0.7777777777777778,1.0986122886681098,1.6094379124341003
가계부채,2025-09-01/2025-09-07,2025-09-02,9,7,-0.19047619047619047,0.6388765649999399,0.1111111111111111,0.3333333333333333,0.012577777777777823,은행,2025-09-02,-0.0014495582906623007,0.002771149811317401,-0.021928331594568404,-1.579130679979901,-0.7814712507200996,0.19047619047619047,1.9459101490553132,2.1972245773362196
가계부채,2025-11-24/2025-11-30,2025-11-27,5,4,-1.0,0.0,0.0,1.0,-1.46978,은행,2025-11-27,0.008827195896303701,0.006737515204496303,0.010718070185412109,-0.9462113989639764,0.07466936207842581,1.0,1.3862943611198906,1.6094379124341003
가계부채,2026-01-12/2026-01-18,2026-01-12,3,3,-1.0,0.0,0.0,1.0,-1.5993333333333333,은행,2026-01-12,-0.06965757606768201,-0.0131027094659837,-0.0523858563463634,-0.7403475792703791,-1.051371370755652,1.0,1.0986122886681098,1.0986122886681098
가계부채,2026-01-19/2026-01-25,2026-01-23,3,3,-0.3333333333333333,0.4714045207910317,0.0,0.3333333333333333,-1.1386,은행,2026-01-23,0.0057110214861698,0.0111254868611806,-0.031733015916622496,-0.1105032811185005,0.2997378897092276,0.3333333333333333,1.0986122886681098,1.0986122886681098
가계부채,2026-02-23/2026-03-01,2026-02-26,6,4,-0.41666666666666663,0.4330127018922193,0.0,0.5,-1.1459833333333334,은행,2026-02-26,-0.10734709396951259,-0.0661259713920114,-0.042495136710495804,0.21250082059781938,1.2899915816086016,0.41666666666666663,1.3862943611198906,1.791759469228055
경기침체,2016-08-29/2016-09-04,2016-09-04,31,6,-0.38888888888888884,0.5241100628920335,0.45161290322580644,0.41935483870967744,-0.12661612903225808,KOSPI,2016-09-05,-0.0016122692198476127,0.013000587189322135,-0.025268541705633692,0.3645786624492331,0.39882728201637146,0.38888888888888884,1.791759469228055,3.4339872044851463
경기침체,2016-09-05/2016-09-11,2016-09-05,25,8,-0.5875,0.3887077951366553,0.28,0.72,-0.9913599999999999,KOSPI,2016-09-05,-0.0016122692198476127,0.013000587189322135,-0.025268541705633692,0.3645786624492331,0.39882728201637146,0.5875,2.0794415416798357,3.2188758248682006
경기침체,2017-01-23/2017-01-29,2017-01-25,7,4,-0.25,0.82915619758885,0.2857142857142857,0.7142857142857143,-0.9558857142857141,KOSPI,2017-01-25,-0.003405395755984851,0.00844312549219414,0.0031177052572980216,-0.07751877648571437,-0.16493672888533661,0.25,1.3862943611198906,1.9459101490553132
경기침체,2017-01-30/2017-02-05,2017-01-31,11,5,0.08,0.8158431221748457,0.2727272727272727,0.6363636363636364,-0.8186090909090908,KOSPI,2017-01-31,0.0030638059288012904,-0.002313271737841443,-0.0065728107650403315,0.5110299477734959,-0.3609651067527475,0.08,1.6094379124341003,2.3978952727983707
경기침체,2017-02-06/2017-02-12,2017-02-10,7,6,-0.5,0.7637626158259734,0.2857142857142857,0.7142857142857143,-1.089,KOSPI,2017-02-10,-0.0029748859505563685,0.005969608178735093,0.006502076933891778,-0.06888697348029638,-0.6404637644427968,0.5,1.791759469228055,1.9459101490553132
경기침체,2017-02-13/2017-02-19,2017-02-13,3,3,0.3333333333333333,0.9428090415820634,0.6666666666666666,0.3333333333333333,0.18313333333333345,KOSPI,2017-02-13,0.000325449257611808,-0.0004925168640166769,0.00374183623547597,-0.04039578142542766,-0.8034555171777583,0.3333333333333333,1.0986122886681098,1.0986122886681098
경기침체,2017-02-20/2017-02-26,2017-02-26,6,4,-0.75,0.4330127018922193,0.16666666666666666,0.6666666666666666,-1.0266833333333334,KOSPI,2017-02-27,0.0055409952466104985,-0.0015759312976805395,-0.0011333305393941206,0.09998259612954108,0.2227323773147721,0.75,1.3862943611198906,1.791759469228055
경기침체,2017-02-27/2017-03-05,2017-03-05,57,10,-0.009375000000000012,0.6346581880232854,0.42105263157894735,0.43859649122807015,0.09065964912280702,KOSPI,2017-03-06,-0.01413281476442646,0.007173435722477476,0.018047014043847627,0.002708598006250895,-0.21549012907121587,0.009375000000000012,2.302585092994046,4.04305126783455
경기침체,2017-08-28/2017-09-03,2017-08-31,23,6,0.2916666666666667,0.6194195311382711,0.34782608695652173,0.34782608695652173,-0.28145217391304345,KOSPI,2017-08-31,-0.00279353179855799,-0.008284115476320575,-0.017274682562606027,-0.16283726108519936,0.20854075656384152,0.2916666666666667,1.791759469228055,3.1354942159291497
경기침체,2017-09-04/2017-09-10,2017-09-05,14,6,-0.15833333333333333,0.7014370170506322,0.42857142857142855,0.42857142857142855,0.25268571428571424,KOSPI,2017-09-05,-0.022570438725675268,-0.006367690568474986,0.00892023941829494,-0.05157921986386427,-0.08988401492301563,0.15833333333333333,1.791759469228055,2.6390573296152584
경기침체,2018-02-26/2018-03-04,2018-02-26,27,6,0.2916666666666667,0.3656235161413384,0.5185185185185185,0.4074074074074074,0.4271333333333333,KOSPI,2018-02-26,0.011718971811590904,0.0015965146016232818,-0.017058369022296363,-0.1120352010295349,0.20563374225017061,0.2916666666666667,1.791759469228055,3.295836866004329
경기침체,2018-03-05/2018-03-11,2018-03-05,7,4,-0.375,0.81967981553775,0.14285714285714285,0.7142857142857143,-0.5215285714285713,KOSPI,2018-03-05,-0.005400407540184464,0.003778519260830634,0.0331959342720209,0.024992506496651856,0.17574427538007356,0.375,1.3862943611198906,1.9459101490553132
경기침체,2018-08-06/2018-08-12,2018-08-06,8,5,-0.8,0.4,0.125,0.875,-1.3199874999999999,KOSPI,2018-08-06,-6.165874205413084e-05,0.006640936305235207,-0.013575116668747979,-0.6592732325192188,-0.02210685903538686,0.8,1.6094379124341003,2.0794415416798357
경기침체,2018-08-20/2018-08-26,2018-08-24,6,3,-0.8333333333333334,0.23570226039551584,0.16666666666666666,0.8333333333333334,-1.9287333333333334,KOSPI,2018-08-24,0.0213348684626851,0.00842025540163196,0.020883535024815984,-0.28028850572795605,-1.1664981945622057,0.8333333333333334,1.0986122886681098,1.791759469228055
경기침체,2018-08-27/2018-09-02,2018-08-31,16,5,-0.16666666666666669,0.6912147117775908,0.375,0.5625,-0.3023562500000001,KOSPI,2018-08-31,0.013797230096381672,0.00110459840496717,-0.007527337845149392,-0.3993474023964776,-0.22125944719583454,0.16666666666666669,1.6094379124341003,2.772588722239781
경기침체,2018-09-03/2018-09-09,2018-09-04,30,10,-0.41944444444444445,0.6124291342224375,0.2,0.6666666666666666,-1.2045366666666666,KOSPI,2018-09-04,0.007341254671679155,-0.005001954830951077,-0.005588362119670733,-0.08208138002410337,-0.436097140003079,0.41944444444444445,2.302585092994046,3.4011973816621555
경기침체,2019-02-11/2019-02-17,2019-02-12,16,6,-0.8333333333333334,0.37267799624996495,0.0625,0.9375,-1.6671062499999998,KOSPI,2019-02-12,-0.008174216779235072,0.010838178008656682,0.015588834362869548,0.23456934394199358,0.024848353383245272,0.8333333333333334,1.791759469228055,2.772588722239781
경기침체,2019-02-18/2019-02-24,2019-02-20,5,3,-1.0,0.0,0.0,1.0,-1.8756,KOSPI,2019-02-20,0.007717122020400348,0.01069930170532224,0.013962057429195218,-0.009366850465378107,-0.6071840950258355,1.0,1.0986122886681098,1.6094379124341003
경기침체,2019-02-25/2019-03-03,2019-03-03,13,6,0.0,0.838870492807861,0.3076923076923077,0.5384615384615384,-0.3529,KOSPI,2019-03-04,-0.013433531302220915,-0.006828214960570046,-0.02465089135274444,-0.2136995697859536,-0.6092704831596518,0.0,1.791759469228055,2.5649493574615367
경기침체,2019-03-04/2019-03-10,2019-03-05,19,7,-0.1564625850340136,0.502320037390411,0.42105263157894735,0.3684210526315789,0.01674736842105254,KOSPI,2019-03-05,-0.01586176755903726,-0.006086767697825244,-0.012860307135802732,-0.30086992710767824,-0.20444826470252525,0.1564625850340136,1.9459101490553132,2.9444389791664403
경기침체,2019-08-12/2019-08-18,2019-08-15,41,11,-0.8666666666666667,0.29128763250176765,0.024390243902439025,0.9024390243902439,-1.9556512195121953,KOSPI,2019-08-16,0.019231969740734083,0.002515569499418873,0.010294817362899217,-0.16264597990563345,-0.047900240061240544,0.8666666666666667,2.3978952727983707,3.713572066704308
경기침체,2019-08-19/2019-08-25,2019-08-19,43,10,-0.256265664160401,0.5963096146300789,0.27906976744186046,0.5348837209302325,-0.2572767441860465,KOSPI,2019-08-19,0.00794566639358902,0.018863576852208307,-0.0001073048686407816,-0.1831182757009433,0.2957248703419984,0.256265664160401,2.302585092994046,3.7612001156935624
경기침체,2019-08-26/2019-09-01,2019-08-26,24,8,-0.96875,0.08267972847076846,0.041666666666666664,0.9583333333333334,-1.7333833333333335,KOSPI,2019-08-26,0.016826614281307703,-0.009766272256068258,0.017993068152219426,-0.4790857417451768,0.3412898391963524,0.96875,2.0794415416798357,3.1780538303479458
경기침체,2019-09-02/2019-09-08,2019-09-04,8,4,-0.875,0.21650635094610965,0.125,0.875,-1.271175,KOSPI,2019-09-04,0.025330230363011526,0.02137719591686109,0.04657963899192167,-0.3457756041243467,-0.933621261780423,0.875,1.3862943611198906,2.0794415416798357
경기침체,2020-02-03/2020-02-09,2020-02-05,4,4,-1.0,0.0,0.0,1.0,-2.390575,KOSPI,2020-02-05,-0.01569651054583232,0.029383567243537877,0.028228118227181628,0.2273512703713223,0.5124926672734118,1.0,1.3862943611198906,1.3862943611198906
경기침체,2020-02-10/2020-02-16,2020-02-14,10,4,0.375,0.81967981553775,0.6,0.3,0.77526,KOSPI,2020-02-14,-0.002744503621031557,0.002083794449120817,-0.037779710385469845,-0.10314768771973348,-0.13011952730690535,0.375,1.3862943611198906,2.302585092994046
경기침체,2020-02-17/2020-02-23,2020-02-19,18,8,-0.29166666666666663,0.789470638395684,0.2777777777777778,0.7222222222222222,-1.156638888888889,KOSPI,2020-02-19,-0.010728040496653643,-0.007833327979117117,-0.06595651900894056,0.12433864695067598,0.549690232470346,0.29166666666666663,2.0794415416798357,2.8903717578961645
경기침체,2020-02-24/2020-03-01,2020-02-28,7,5,-0.4,0.7999999999999999,0.14285714285714285,0.7142857142857143,-1.111157142857143,KOSPI,2020-02-28,-0.07103774965877532,-0.02760860078182743,-0.013124212867413082,0.020082428472793623,0.7277234477522019,0.4,1.6094379124341003,1.9459101490553132
경기침체,2020-03-02/2020-03-08,2020-03-05,8,5,-0.6666666666666667,0.4216370213557839,0.25,0.75,-0.9991125000000001,KOSPI,2020-03-05,-0.012156428445471105,-0.010860657650952964,-0.11886797429417328,0.19897474194493725,0.7809638146170502,0.6666666666666667,1.6094379124341003,2.0794415416798357
경기침체,2020-08-10/2020-08-16,2020-08-14,4,4,0.0,1.0,0.5,0.5,-0.77295,KOSPI,2020-08-14,0.03643295134397248,-0.03833898239812571,-0.04817143859056612,-0.04661533212310154,0.3345903833877782,0.0,1.3862943611198906,1.3862943611198906
경기침체,2020-08-31/2020-09-06,2020-09-03,48,10,-0.35023809523809524,0.3458835509806765,0.2708333333333333,0.5208333333333334,-0.27902708333333337,KOSPI,2020-09-03,-0.012813939706851265,-0.002575284846233825,0.000681214637430724,0.35416406565578384,-0.3106202588682348,0.35023809523809524,2.302585092994046,3.871201010907891
경기침체,2021-02-22/2021-02-28,2021-02-22,4,3,-0.6666666666666666,0.4714045207910317,0.25,0.75,-1.49555,KOSPI,2021-02-22,-0.011255563829735572,-0.01763631124471421,-0.03592343361707773,0.4400173469691566,0.4593052240792011,0.6666666666666666,1.0986122886681098,1.3862943611198906
경기침체,2021-03-01/2021-03-07,2021-03-04,39,9,-0.0933862433862434,0.42716078510178135,0.358974358974359,0.46153846153846156,-0.36548205128205125,KOSPI,2021-03-04,-0.008017088974650702,-0.02393141373048668,-0.03874123173403095,0.13430968088112039,-0.2513153598610472,0.0933862433862434,2.1972245773362196,3.6635616461296463
경기침체,2021-08-23/2021-08-29,2021-08-26,11,7,0.04761904761904761,0.29160592175990213,0.2727272727272727,0.18181818181818182,0.043681818181818176,KOSPI,2021-08-26,-0.0066834754497301935,-0.005401587592613818,0.005485190029803747,-0.679464630304027,0.44703414642146483,0.04761904761904761,1.9459101490553132,2.3978952727983707
경기침체,2021-08-30/2021-09-05,2021-09-02,25,10,-0.22976190476190478,0.5456499276435532,0.36,0.4,0.23023999999999997,KOSPI,2021-09-02,0.01748532114999856,-0.0024396479057405386,-0.03094573151350461,-0.46103700057713226,0.2527223291843728,0.22976190476190478,2.302585092994046,3.2188758248682006
경기침체,2022-02-07/2022-02-13,2022-02-09,5,4,-0.25,0.82915619758885,0.4,0.6,-0.4253,KOSPI,2022-02-09,0.05537238285222722,0.011537474742044149,0.0011427047374897477,-0.0761100608209695,0.31345162318953723,0.25,1.3862943611198906,1.6094379124341003
경기침체,2022-02-21/2022-02-27,2022-02-24,6,4,-0.6666666666666666,0.408248290463863,0.0,0.6666666666666666,-1.2957333333333334,KOSPI,2022-02-24,0.001939927862151026,-0.013233080424890848,0.005052290747265355,0.32098313805679446,0.3018188997569191,0.6666666666666666,1.3862943611198906,1.791759469228055
경기침체,2022-02-28/2022-03-06,2022-03-03,48,12,-0.004166666666666661,0.53029189201867,0.3333333333333333,0.3541666666666667,0.1551208333333333,KOSPI,2022-03-03,0.0070771839614406865,0.006998631370059516,-0.005544488743353257,0.2305792470369692,0.43501562023711504,0.004166666666666661,2.4849066497880004,3.871201010907891
경기침체,2022-08-08/2022-08-14,2022-08-14,6,5,-0.1,0.9165151389911681,0.3333333333333333,0.5,-0.6132500000000001,KOSPI,2022-08-16,0.019789546381514755,-0.002606558431136777,-0.03138587078832273,-0.2613306367668091,-0.8985911117700401,0.1,1.6094379124341003,1.791759469228055
경기침체,2022-08-15/2022-08-21,2022-08-18,19,10,-0.09333333333333334,0.7989993742175271,0.42105263157894735,0.47368421052631576,-0.4361684210526316,KOSPI,2022-08-18,0.010403686940180418,-0.007468223309327832,-0.0094523660935714,-0.19225229705139135,-0.27367145472564636,0.09333333333333334,2.302585092994046,2.9444389791664403
경기침체,2022-08-22/2022-08-28,2022-08-23,40,12,-0.6,0.5650303171151609,0.175,0.8,-0.9879249999999999,KOSPI,2022-08-23,-0.023627553170717214,-0.005066246457629247,-0.0012990779960194432,-0.11157836352794881,0.057976395818082616,0.6,2.4849066497880004,3.6888794541139363
경기침체,2022-08-29/2022-09-04,2022-08-29,32,10,-0.7266666666666668,0.41117717186958064,0.125,0.84375,-1.3490375000000001,KOSPI,2022-08-29,-0.0009307337339353005,-0.01050169528465702,-0.026832140220586154,-0.17190913280656694,0.13298999914830564,0.7266666666666668,2.302585092994046,3.4657359027997265
경기침체,2023-02-06/2023-02-12,2023-02-12,11,7,0.0,0.9258200997725514,0.45454545454545453,0.5454545454545454,-0.3902727272727272,KOSPI,2023-02-13,-0.0038143533011495787,-0.0015240764774605512,-0.005250938372864754,-0.11732858553320291,0.17641426766743382,0.0,1.9459101490553132,2.3978952727983707
경기침체,2023-02-13/2023-02-19,2023-02-14,24,11,-0.6515151515151515,0.4290849169244332,0.16666666666666666,0.7916666666666666,-1.252275,KOSPI,2023-02-14,0.00676938320345448,-0.009750206404476408,0.00376278382667428,-0.1929118216658523,0.13305581364995864,0.6515151515151515,2.3978952727983707,3.1780538303479458
경기침체,2023-02-20/2023-02-26,2023-02-23,27,10,-0.7880952380952382,0.3152312616148972,0.1111111111111111,0.8518518518518519,-1.5314333333333334,KOSPI,2023-02-23,-0.00523670500721986,0.001948494803714335,0.0043793755285253064,-0.18637566130652772,-0.44683327502582776,0.7880952380952382,2.302585092994046,3.295836866004329
경기침체,2023-02-27/2023-03-05,2023-03-02,15,9,-0.8888888888888888,0.3142696805273545,0.06666666666666667,0.9333333333333333,-1.7864600000000002,KOSPI,2023-03-02,-0.020066936413666706,0.007400670682395679,0.0011153542609831316,-0.11367922413570142,-0.18374951639945802,0.8888888888888888,2.1972245773362196,2.70805020110221
경기침체,2023-08-07/2023-08-13,2023-08-09,17,8,-0.84375,0.27775607554111215,0.058823529411764705,0.7647058823529411,-1.557123529411765,KOSPI,2023-08-09,-0.03849588566625786,0.009451449797283754,-0.02482228367070254,-0.05419083470221153,0.3477757171331424,0.84375,2.0794415416798357,2.833213344056216
경기침체,2023-08-14/2023-08-20,2023-08-14,24,10,-0.6333333333333333,0.4,0.125,0.75,-1.5371249999999996,KOSPI,2023-08-14,-0.007292423137399588,-0.026650021636547096,-0.032926834600391496,0.11719224986348742,0.03011694977608555,0.6333333333333333,2.302585092994046,3.1780538303479458
경기침체,2023-08-21/2023-08-27,2023-08-23,32,11,-0.36536796536796534,0.41388541594854944,0.21875,0.53125,-0.2959875,KOSPI,2023-08-23,-0.02489532548903842,0.007412922158275993,0.01401063942839498,-0.12568992810934176,-0.029033948813741082,0.36536796536796534,2.3978952727983707,3.4657359027997265
경기침체,2023-08-28/2023-09-03,2023-09-03,17,9,-0.40740740740740744,0.7162622076227303,0.29411764705882354,0.7058823529411765,-0.9170529411764706,KOSPI,2023-09-04,0.015409464833201044,0.006334718807935018,-0.005215143440432046,-0.4380040346506977,-0.35523428189289746,0.40740740740740744,2.1972245773362196,2.833213344056216
경기침체,2023-09-04/2023-09-10,2023-09-05,6,5,0.4,0.7999999999999999,0.6666666666666666,0.16666666666666666,0.7019333333333333,KOSPI,2023-09-05,0.014129958038374819,-0.008999915338080493,-0.02101227471736938,-0.4021757430072448,-0.5548470130340517,0.4,1.6094379124341003,1.791759469228055
경기침체,2024-02-05/2024-02-11,2024-02-06,11,6,0.08333333333333333,0.9316949906249122,0.45454545454545453,0.5454545454545454,0.024709090909090955,KOSPI,2024-02-06,0.037886048042890995,0.007791791055707998,0.010874114552070591,-0.06881400566055618,0.04755611557527844,0.08333333333333333,1.791759469228055,2.3978952727983707
경기침체,2024-02-12/2024-02-18,2024-02-15,16,6,-0.4305555555555555,0.42058344249240887,0.3125,0.625,-1.10100625,KOSPI,2024-02-15,0.011550211869957971,0.010907706669629709,0.016979277845736926,0.10913669030919237,0.012120055282026384,0.4305555555555555,1.791759469228055,2.772588722239781
경기침체,2024-02-19/2024-02-25,2024-02-20,8,6,-0.611111111111111,0.7307192465536615,0.125,0.75,-1.6572749999999998,KOSPI,2024-02-20,0.021985611861766393,-0.010435960284171023,-0.021803455391272666,0.08277141495038087,-0.4675987531207593,0.611111111111111,1.791759469228055,2.0794415416798357
경기침체,2024-02-26/2024-03-03,2024-03-03,13,8,-0.125,0.9270248108869579,0.38461538461538464,0.6153846153846154,-0.5705461538461539,KOSPI,2024-03-04,-0.009477111117099608,0.002238242438198838,0.005206907473214815,-0.21609019096585058,-0.0455911692271186,0.125,2.0794415416798357,2.5649493574615367
경기침체,2024-03-04/2024-03-10,2024-03-05,24,9,-0.3222222222222222,0.6249938271300103,0.4583333333333333,0.3333333333333333,0.44115,KOSPI,2024-03-05,0.0008361321909780926,-0.013013864998034943,0.0008196988527073724,-0.17269566718441354,-0.1308463767977949,0.3222222222222222,2.1972245773362196,3.1780538303479458
경기침체,2024-08-12/2024-08-18,2024-08-17,4,3,0.0,0.816496580927726,0.5,0.5,0.08047499999999985,KOSPI,2024-08-19,0.05155875781253561,-0.001077869938863496,-0.0024104943889283895,-0.21446829957734437,-0.46833590159147315,0.0,1.0986122886681098,1.3862943611198906
경기침체,2024-08-19/2024-08-25,2024-08-23,10,8,-0.08333333333333334,0.9391189724653869,0.5,0.5,-0.2941300000000001,KOSPI,2024-08-23,0.02439113086843941,-0.0033651993792355563,-0.011709105534171269,-0.5640657723410474,-1.2493565954218484,0.08333333333333334,2.0794415416798357,2.302585092994046
경기침체,2024-08-26/2024-09-01,2024-08-27,21,8,-0.6791666666666667,0.3589868072475335,0.14285714285714285,0.8095238095238095,-1.0524714285714285,KOSPI,2024-08-27,0.00930467801202033,-0.002847865642504709,-0.011809342963069229,-0.6774470297900592,-1.102535671466204,0.6791666666666667,2.0794415416798357,3.044522437723423
경기침체,2024-09-02/2024-09-08,2024-09-04,46,13,-0.8241758241758241,0.35945993920431046,0.08695652173913043,0.8695652173913043,-1.9705565217391305,KOSPI,2024-09-04,-0.010222388188355535,-0.03395788959725952,-0.059165482352806144,-0.22661259543798806,-0.3971693025819806,0.8241758241758241,2.5649493574615367,3.828641396489095
경기침체,2025-02-03/2025-02-09,2025-02-05,15,7,-0.8571428571428571,0.3499271061118826,0.06666666666666667,0.9333333333333333,-1.8211933333333334,KOSPI,2025-02-05,-0.02129479449953561,0.023735375977208435,0.031703204326192405,-0.0664926282787448,-0.6097854174471725,0.8571428571428571,1.9459101490553132,2.70805020110221
경기침체,2025-02-10/2025-02-16,2025-02-13,8,4,0.20833333333333331,0.5448623679425842,0.5,0.375,0.581125,KOSPI,2025-02-13,0.016001748447989933,0.016867875898582595,0.04144626842296528,0.06296873190941987,-0.38633381597582944,0.20833333333333331,1.3862943611198906,2.0794415416798357
경기침체,2025-02-17/2025-02-23,2025-02-21,9,7,-0.6190476190476192,0.6998542122237651,0.1111111111111111,0.6666666666666666,-1.0254666666666665,KOSPI,2025-02-21,0.02936852673727167,-0.0024798334376033913,-0.04363203679332657,-0.021614646672457383,0.13090356784855317,0.6190476190476192,1.9459101490553132,2.1972245773362196
경기침체,2025-02-24/2025-03-02,2025-02-27,22,11,-0.7575757575757575,0.5875975584747065,0.09090909090909091,0.9090909090909091,-1.933527272727273,KOSPI,2025-02-27,-0.009071501331473674,-0.040325214697910616,-0.02630702360853373,0.11978822761755659,0.3089228057731491,0.7575757575757575,2.3978952727983707,3.091042453358316
경기침체,2025-03-03/2025-03-09,2025-03-04,8,8,-0.75,0.6614378277661477,0.125,0.875,-2.0348375,KOSPI,2025-03-04,-0.04495846421010954,0.010571794334808945,0.0037276431144527365,0.15317346519560715,-0.30396117318247146,0.75,2.0794415416798357,2.0794415416798357
경기침체,2025-08-04/2025-08-10,2025-08-07,6,5,-0.8,0.4000000000000001,0.16666666666666666,0.8333333333333334,-1.1559666666666668,KOSPI,2025-08-07,-0.027252747730701025,-0.0005329624758788473,-0.004187265586968338,-0.43398407415494056,-0.4044632153752065,0.8,1.6094379124341003,1.791759469228055
경기침체,2025-08-18/2025-08-24,2025-08-18,9,4,-0.3,0.818535277187245,0.4444444444444444,0.5555555555555556,-0.020422222222222192,KOSPI,2025-08-18,-0.009826258936972216,-0.026808471818727926,-0.01575839722251738,-0.47317410236372837,0.06018385683962978,0.3,1.3862943611198906,2.1972245773362196
경기침체,2025-08-25/2025-08-31,2025-08-28,9,6,0.16666666666666666,0.8975274678557508,0.4444444444444444,0.5555555555555556,-0.40203333333333335,KOSPI,2025-08-28,0.0072317480249294895,-0.0047564137761907255,-0.008769133643872079,-0.6003732971719593,-0.3381345805022312,0.16666666666666666,1.791759469228055,2.1972245773362196
경기침체,2025-09-01/2025-09-07,2025-09-05,33,12,-0.20833333333333334,0.742633576960825,0.3333333333333333,0.5151515151515151,-0.3766818181818181,KOSPI,2025-09-05,-0.007928780352519817,0.0020548348691214737,0.04803629083504823,-0.23748806243622766,-0.5834764940075867,0.20833333333333334,2.4849066497880004,3.4965075614664802
경기침체,2026-02-02/2026-02-08,2026-02-04,3,3,-1.0,0.0,0.0,1.0,-2.6968,KOSPI,2026-02-04,0.02324008501862715,-0.030861637884227577,-0.009425358258280433,0.6889624530892942,0.5216909496901604,1.0,1.0986122886681098,1.0986122886681098
경기침체,2026-02-09/2026-02-15,2026-02-11,6,3,-0.4444444444444444,0.41573970964154905,0.3333333333333333,0.6666666666666666,-0.8478166666666667,KOSPI,2026-02-11,-0.016883235898093263,0.03278671909452163,0.07351321670918749,0.7809953062889488,-0.11865782448455339,0.4444444444444444,1.0986122886681098,1.791759469228055
경상수지,2016-08-01/2016-08-07,2016-08-01,8,7,0.7142857142857143,0.6998542122237652,0.875,0.125,1.8602750000000001,KOSPI,2016-08-01,0.00022102595962228454,0.0003559807579727346,0.004288605381085501,-0.0991478000298116,-0.020563459676923766,0.7142857142857143,1.9459101490553132,2.0794415416798357
경상수지,2016-11-28/2016-12-04,2016-12-01,4,3,0.6666666666666666,0.4714045207910317,0.75,0.25,0.6274,KOSPI,2016-12-01,-0.0012861453539376629,-0.006118442082395666,0.0251281767380118,-0.5088066889065797,0.21251346161635445,0.6666666666666666,1.0986122886681098,1.3862943611198906
경상수지,2017-01-02/2017-01-08,2017-01-04,8,5,0.8,0.4000000000000001,0.875,0.0,2.2832625,KOSPI,2017-01-04,0.0018882166212428452,-0.001482184585834682,0.013779559243225853,0.4161335669479378,-0.20213662133130628,0.8,1.6094379124341003,2.0794415416798357
경상수지,2017-01-30/2017-02-05,2017-02-03,4,3,0.16666666666666666,0.6236095644623235,0.25,0.25,0.634425,KOSPI,2017-02-03,0.0016140098519614237,0.0028022320223452892,0.000769446980271067,-0.02565162997719561,-0.8168248300104992,0.16666666666666666,1.0986122886681098,1.3862943611198906
경상수지,2017-02-27/2017-03-05,2017-03-03,5,5,-0.6,0.8000000000000002,0.2,0.8,-1.4890599999999998,KOSPI,2017-03-03,-0.002468544957971554,-0.01036462442213298,-0.0031934687092305446,0.04786151435994768,0.13679139483039657,0.6,1.6094379124341003,1.6094379124341003
경상수지,2017-06-05/2017-06-11,2017-06-05,10,6,-0.25,0.6922186552431729,0.3,0.5,-0.15077,KOSPI,2017-06-05,0.0005887422725010475,-0.0074612966688387605,-0.006353207580495282,-0.027479977161373625,0.10219698372029995,0.25,1.791759469228055,2.302585092994046
경상수지,2018-04-02/2018-04-08,2018-04-05,4,3,-0.3333333333333333,0.4714045207910317,0.25,0.5,-0.6775500000000001,KOSPI,2018-04-05,-0.0063645778147177045,0.008238626614220259,0.012177662499008476,0.16135056021134275,-0.4437998766233186,0.3333333333333333,1.0986122886681098,1.3862943611198906
경상수지,2018-06-04/2018-06-10,2018-06-05,7,5,-1.0,0.0,0.0,1.0,-1.1899999999999997,KOSPI,2018-06-05,-0.011820724808171338,0.009532651199628886,-0.009033355650670045,0.02041010406213495,0.21282870890322583,1.0,1.6094379124341003,1.9459101490553132
경상수지,2018-07-02/2018-07-08,2018-07-05,4,4,1.0,0.0,1.0,0.0,1.87065,KOSPI,2018-07-05,-0.030566731676819937,0.004216364108173445,0.011450923849373336,-0.4784267198303169,-0.3833968663625247,1.0,1.3862943611198906,1.3862943611198906
경상수지,2018-10-08/2018-10-14,2018-10-11,5,4,0.375,0.81967981553775,0.6,0.2,-0.1519,KOSPI,2018-10-11,-0.04541680361483605,-0.028246897211183144,-0.032329776254108225,0.036834934222341076,1.2487936609978525,0.375,1.3862943611198906,1.6094379124341003
경상수지,2018-12-03/2018-12-09,2018-12-06,10,6,1.0,0.0,1.0,0.0,2.45224,KOSPI,2018-12-06,0.004601428315353812,-0.009043850954136115,0.006748048359019354,0.23049174083203106,-0.048788135099129444,1.0,1.791759469228055,2.302585092994046
경상수지,2019-01-07/2019-01-13,2019-01-08,5,5,-0.6,0.8,0.2,0.8,-1.6792399999999996,KOSPI,2019-01-08,0.00880553640701666,0.015368079322811944,0.03453065890045493,0.0883045257121271,-0.12131950658971952,0.6,1.6094379124341003,1.6094379124341003
경상수지,2019-06-03/2019-06-09,2019-06-05,6,5,-0.8,0.4,0.16666666666666666,0.8333333333333334,-2.1404666666666667,KOSPI,2019-06-05,0.0097096605343915,0.00287375001376734,0.01830746561630542,-0.09658610232843401,-0.33692808152828174,0.8,1.6094379124341003,1.791759469228055
경상수지,2019-06-17/2019-06-23,2019-06-21,5,4,-0.625,0.414578098794425,0.0,0.6,-0.88382,KOSPI,2019-06-21,0.013032743089342814,-0.002468836701596214,-0.0007171720266518913,0.3538397826472952,-0.924770708741266,0.625,1.3862943611198906,1.6094379124341003
경상수지,2019-07-01/2019-07-07,2019-07-04,6,4,-0.375,0.81967981553775,0.16666666666666666,0.6666666666666666,-1.4745000000000001,KOSPI,2019-07-04,-0.014212572696338025,0.006119732270751749,-0.009529639653024452,-0.07029470249688252,0.3834379378596358,0.375,1.3862943611198906,1.791759469228055
경상수지,2019-07-08/2019-07-14,2019-07-08,3,3,-0.3333333333333333,0.4714045207910317,0.0,0.3333333333333333,-1.4453333333333334,KOSPI,2019-07-08,-0.010807132298363279,-0.02846024749036827,-0.014833135463587914,-0.18733261210930507,0.34651120024563803,0.3333333333333333,1.0986122886681098,1.0986122886681098
경상수지,2019-08-05/2019-08-11,2019-08-06,6,5,-1.0,0.0,0.0,1.0,-2.374616666666667,KOSPI,2019-08-06,-0.03916424914931731,-0.01843751610008196,-0.00840425743619868,0.35596768244070454,0.2531924943386812,1.0,1.6094379124341003,1.791759469228055
경상수지,2019-09-02/2019-09-08,2019-09-05,4,3,-1.0,0.0,0.0,1.0,-1.685875,KOSPI,2019-09-05,0.028433381443494325,0.011963349004156909,0.041376115728850825,-0.2148678357140401,-1.2747653878953793,1.0,1.0986122886681098,1.3862943611198906
경상수지,2020-03-02/2020-03-08,2020-03-05,4,4,-1.0,0.0,0.0,1.0,-2.442625,KOSPI,2020-03-05,-0.012156428445471105,-0.010860657650952964,-0.11886797429417328,0.19897474194493725,0.7809638146170502,1.0,1.3862943611198906,1.3862943611198906
경상수지,2020-06-01/2020-06-07,2020-06-04,4,4,-1.0,0.0,0.0,1.0,-2.336875,KOSPI,2020-06-04,0.05640049845621268,0.01635109182504171,0.014335487368498632,0.13055020525062844,-1.4355176837803754,1.0,1.3862943611198906,1.3862943611198906
경상수지,2020-07-06/2020-07-12,2020-07-07,10,8,-0.1875,0.7880950133074057,0.2,0.4,-0.5747099999999999,KOSPI,2020-07-07,0.04469190896838031,-0.013191827252551596,-0.0013977502885130844,-0.27313894139899375,-0.47047623196191846,0.1875,2.0794415416798357,2.302585092994046
경상수지,2020-08-03/2020-08-09,2020-08-06,6,6,-0.8333333333333334,0.372677996249965,0.0,0.8333333333333334,-1.4281666666666666,KOSPI,2020-08-06,0.02021515238604301,0.016653894159656783,0.05170127643936516,-0.07603468627599774,-0.9670313068457483,0.8333333333333334,1.791759469228055,1.791759469228055
경상수지,2020-08-31/2020-09-06,2020-09-04,4,4,0.0,1.0,0.5,0.5,0.4444249999999999,KOSPI,2020-09-04,0.010919120499352362,-0.009206928545629996,-0.012685425398025784,0.3487990485744987,-0.5215078447447082,0.0,1.3862943611198906,1.3862943611198906
경상수지,2020-11-30/2020-12-06,2020-12-04,3,3,1.0,0.0,1.0,0.0,2.6652,KOSPI,2020-12-04,0.019269670399846596,0.015158266628500219,0.01840206545243176,0.5442937088779303,0.18607027610994817,1.0,1.0986122886681098,1.0986122886681098
경상수지,2021-02-01/2021-02-07,2021-02-05,4,3,1.0,0.0,1.0,0.0,2.3634500000000003,KOSPI,2021-02-05,-0.006108141998163516,-0.003974446641249567,0.008652093725055002,0.19537262289219726,-0.3531112625449961,1.0,1.0986122886681098,1.3862943611198906
경상수지,2021-05-03/2021-05-09,2021-05-07,4,4,0.75,0.4330127018922193,0.75,0.0,2.17925,KOSPI,2021-05-07,-0.01864458177749939,0.023091146360492042,-0.016254036612968772,-0.34392239662945734,0.2768551935055278,0.75,1.3862943611198906,1.3862943611198906
경상수지,2021-06-07/2021-06-13,2021-06-08,5,4,1.0,0.0,1.0,0.0,2.35018,KOSPI,2021-06-08,0.008595760865694094,-0.013619145057203042,-0.005581616758605626,0.47725342728140063,-0.3070186328222524,1.0,1.3862943611198906,1.6094379124341003
경상수지,2021-07-05/2021-07-11,2021-07-07,6,4,1.0,0.0,1.0,0.0,2.629,KOSPI,2021-07-07,0.00337851717728577,-0.01686115258191223,-0.014827635765762594,-0.022952599680881036,0.1498923087115324,1.0,1.3862943611198906,1.791759469228055
경상수지,2022-01-10/2022-01-16,2022-01-11,4,3,0.3333333333333333,0.4714045207910317,0.5,0.0,-0.26180000000000003,KOSPI,2022-01-11,-0.013330332924858069,0.01709778819093219,-0.016864847364983126,-0.05731802384734053,0.14405056479183545,0.3333333333333333,1.0986122886681098,1.3862943611198906
경상수지,2022-07-04/2022-07-10,2022-07-07,5,4,-1.0,0.0,0.0,1.0,-2.18234,KOSPI,2022-07-07,-0.02652622067488794,0.02930026140851576,0.024987316000258386,-0.7627259985986097,-0.15705349622971662,1.0,1.3862943611198906,1.6094379124341003
경상수지,2022-08-01/2022-08-07,2022-08-05,4,3,0.0,0.816496580927726,0.5,0.5,-0.2424,KOSPI,2022-08-05,0.021480142057292845,0.010466260818451619,0.029322584181048154,-0.28344513081173517,-0.4386192868554591,0.0,1.0986122886681098,1.3862943611198906
경상수지,2022-09-05/2022-09-11,2022-09-05,4,3,0.0,0.816496580927726,0.5,0.5,0.28684999999999994,KOSPI,2022-09-05,-0.026011983816596886,0.0013333790682071062,0.004655369093409717,-0.305839014711518,0.2351936630507578,0.0,1.0986122886681098,1.3862943611198906
경상수지,2023-08-07/2023-08-13,2023-08-08,3,3,-1.0,0.0,0.0,1.0,-2.2344666666666666,KOSPI,2023-08-08,-0.02288954994292393,0.00816913864431771,-0.02526089259207187,-0.0775764718322769,0.3357709591686683,1.0,1.0986122886681098,1.0986122886681098
경상수지,2024-01-08/2024-01-14,2024-01-09,5,4,1.0,0.0,1.0,0.0,2.17404,KOSPI,2024-01-09,-0.03436518643335204,-0.010566324717082878,-0.029069343145400037,0.43500114335425977,-1.0934638861955375,1.0,1.3862943611198906,1.6094379124341003
경상수지,2024-02-05/2024-02-11,2024-02-08,3,3,1.0,0.0,1.0,0.0,2.043833333333333,KOSPI,2024-02-08,0.04682451510086562,0.01612609074989571,0.029481596748181425,0.04442869307611552,0.06028104592647499,1.0,1.0986122886681098,1.0986122886681098
경상수지,2024-07-01/2024-07-07,2024-07-05,14,12,1.0,0.0,1.0,0.0,2.3159571428571426,KOSPI,2024-07-05,0.010378629033458094,0.009910525579701457,0.006298227544563672,-0.25326959042691755,-0.20724578786421935,1.0,2.4849066497880004,2.6390573296152584
경상수지,2024-08-05/2024-08-11,2024-08-07,6,6,1.0,0.0,1.0,0.0,2.5988833333333337,KOSPI,2024-08-07,-0.07963553774902984,0.012664063795168642,0.044338503092735626,-0.12433775886637655,-0.003912131171460851,1.0,1.791759469228055,1.791759469228055
경상수지,2025-08-04/2025-08-10,2025-08-07,16,11,0.9090909090909091,0.19284730395996752,0.8125,0.0,2.25451875,KOSPI,2025-08-07,-0.027252747730701025,-0.0005329624758788473,-0.004187265586968338,-0.43398407415494056,-0.4044632153752065,0.9090909090909091,2.3978952727983707,2.772588722239781
경상수지,2025-09-01/2025-09-07,2025-09-04,15,9,-0.07407407407407408,0.8857970920815851,0.4666666666666667,0.5333333333333333,0.37476,KOSPI,2025-09-04,-0.010705485091312346,0.0024944477293500833,0.03724054921586425,-0.3876195222113292,-0.6626989868969804,0.07407407407407408,2.1972245773362196,2.70805020110221
경상수지,2025-12-01/2025-12-07,2025-12-05,3,3,0.0,0.816496580927726,0.3333333333333333,0.3333333333333333,-0.2538666666666666,KOSPI,2025-12-05,-0.004300722830079737,0.025111572035889807,0.01616189821783602,0.0025214156843293978,-0.4509995880573845,0.0,1.0986122886681098,1.0986122886681098
경상수지,2026-01-05/2026-01-11,2026-01-09,10,8,0.875,0.33071891388307384,0.9,0.0,2.37164,KOSPI,2026-01-09,0.065953670411352,0.010965175945702402,0.047131733674305704,-0.004621417273675377,-1.5174229117930076,0.875,2.0794415416798357,2.302585092994046
경상수지,2026-02-02/2026-02-08,2026-02-06,13,8,0.8541666666666666,0.2560042859884272,0.8461538461538461,0.07692307692307693,2.254630769230769,KOSPI,2026-02-06,-0.02680695558370099,0.018531672491479845,0.04154650978656693,0.5023683762252826,0.32260105865034505,0.8541666666666666,2.0794415416798357,2.5649493574615367
고용동향,2016-08-08/2016-08-14,2016-08-10,18,8,-0.8333333333333333,0.3333333333333333,0.0,0.8333333333333334,-1.79645,KOSPI,2016-08-10,0.008994980393081907,0.0011172303656215028,0.0017106623311197089,-0.26126131378028283,-1.0990122960614501,0.8333333333333333,2.0794415416798357,2.8903717578961645
고용동향,2016-08-15/2016-08-21,2016-08-15,9,6,-0.3333333333333333,0.7453559924999299,0.2222222222222222,0.5555555555555556,-0.7848111111111111,KOSPI,2016-08-16,0.013612004444322472,-0.004249041754535391,-0.0031209045984957736,-0.17065241463013336,-0.6069062548215125,0.3333333333333333,1.791759469228055,2.1972245773362196
고용동향,2016-08-22/2016-08-28,2016-08-22,14,7,0.23809523809523814,0.5553287518900286,0.2857142857142857,0.14285714285714285,0.9469214285714285,KOSPI,2016-08-22,0.0016376528608232,-0.0038453681175801605,-0.014052254218084181,-0.2778293255541602,-0.8512128032289131,0.23809523809523814,1.9459101490553132,2.6390573296152584
고용동향,2016-08-29/2016-09-04,2016-08-29,14,7,0.10714285714285714,0.679510628230016,0.42857142857142855,0.2857142857142857,0.3832857142857144,KOSPI,2016-08-29,-0.011345880180634392,0.0002168532273624838,0.008419901638173752,-0.12192545619266326,-0.4907502409879511,0.10714285714285714,1.9459101490553132,2.6390573296152584
고용동향,2016-09-05/2016-09-11,2016-09-05,3,3,-0.6666666666666666,0.4714045207910317,0.0,0.6666666666666666,-1.0683333333333334,KOSPI,2016-09-05,-0.0016122692198476127,0.013000587189322135,-0.025268541705633692,0.3645786624492331,0.39882728201637146,0.6666666666666666,1.0986122886681098,1.0986122886681098
고용동향,2017-01-30/2017-02-05,2017-01-30,6,4,0.25,0.82915619758885,0.5,0.3333333333333333,0.6621166666666666,KOSPI,2017-01-31,0.0030638059288012904,-0.002313271737841443,-0.0065728107650403315,0.5110299477734959,-0.3609651067527475,0.25,1.3862943611198906,1.791759469228055
고용동향,2017-02-06/2017-02-12,2017-02-08,10,5,-0.15,0.43588989435406733,0.1,0.4,0.06915000000000006,KOSPI,2017-02-08,0.00323769869471979,-0.004687673235056445,0.003614191829057368,-0.2041335630631398,-0.4160983374711322,0.15,1.6094379124341003,2.302585092994046
고용동향,2017-02-13/2017-02-19,2017-02-15,37,11,-0.8386363636363636,0.3036452094519861,0.08108108108108109,0.8918918918918919,-1.7725162162162162,KOSPI,2017-02-15,-0.0006473476782751239,0.0033629824268169707,0.014942188855141812,-0.028184622576691964,-0.4008203040160066,0.8386363636363636,2.3978952727983707,3.6109179126442243
고용동향,2017-02-20/2017-02-26,2017-02-23,8,6,0.16666666666666666,0.8975274678557508,0.5,0.375,0.24806249999999996,KOSPI,2017-02-23,0.010060419266729289,-0.006262184943233223,-0.01420992684754777,0.09133292715600128,0.16301562344758908,0.16666666666666666,1.791759469228055,2.0794415416798357
고용동향,2017-08-07/2017-08-13,2017-08-09,24,10,-0.5983333333333334,0.31679383411508083,0.0,0.5833333333333334,-0.7517083333333333,KOSPI,2017-08-09,-0.018924877869519127,-0.017708954376799674,-0.022466709350895613,-0.20212769971444722,0.8260239867914231,0.5983333333333334,2.302585092994046,3.1780538303479458
고용동향,2017-08-14/2017-08-20,2017-08-16,8,4,-0.125,0.739509972887452,0.375,0.375,-0.0554125,KOSPI,2017-08-16,-0.03366263374265002,0.009075377811404089,0.0057877403556029685,-0.329457940002591,-0.377867948415329,0.125,1.3862943611198906,2.0794415416798357
고용동향,2018-01-22/2018-01-28,2018-01-26,6,3,-0.6666666666666666,0.4714045207910317,0.0,0.8333333333333334,-1.2987833333333334,KOSPI,2018-01-26,0.017451892831681505,0.013590763490702321,-0.015415157832795633,0.2241156048536901,0.37386768246237234,0.6666666666666666,1.0986122886681098,1.791759469228055
고용동향,2018-01-29/2018-02-04,2018-02-01,4,3,-0.3333333333333333,0.9428090415820634,0.25,0.75,-0.04955,KOSPI,2018-02-01,0.009127716223538323,-0.016865443974271414,-0.06588293382848605,0.43264887475673497,0.5045375230641318,0.3333333333333333,1.0986122886681098,1.3862943611198906
고용동향,2018-02-05/2018-02-11,2018-02-10,5,3,0.0,0.816496580927726,0.4,0.4,-0.14181999999999997,KOSPI,2018-02-12,-0.06937916782504827,0.011694085580895653,0.023039052873048055,0.04581641371353662,0.16227771144301822,0.0,1.0986122886681098,1.6094379124341003
고용동향,2018-02-12/2018-02-18,2018-02-14,27,10,-0.06785714285714287,0.738249791806297,0.2962962962962963,0.48148148148148145,-0.5369444444444444,KOSPI,2018-02-14,-0.02819499044602485,0.01790150459187822,0.017901590218849555,0.007094582025107599,0.366379227360123,0.06785714285714287,2.302585092994046,3.295836866004329
고용동향,2018-06-11/2018-06-17,2018-06-15,3,3,-1.0,0.0,0.0,1.0,-0.8960333333333333,KOSPI,2018-06-15,-0.012277405071284695,-0.01963057790300104,-0.027493755987354616,0.061721578197875715,0.3545059000239439,1.0,1.0986122886681098,1.0986122886681098
고용동향,2018-08-13/2018-08-19,2018-08-17,9,4,-1.0,0.0,0.0,1.0,-1.9114555555555555,KOSPI,2018-08-17,-0.024591621424074676,0.00392463899845959,0.025490481393579668,-0.517207306217589,-0.8569853833214774,1.0,1.3862943611198906,2.1972245773362196
고용동향,2018-08-20/2018-08-26,2018-08-20,28,10,-0.7204545454545455,0.36449472555673246,0.07142857142857142,0.6785714285714286,-1.3077892857142859,KOSPI,2018-08-20,-0.021784544979315538,0.011402565272359045,0.02655686900629754,-0.4689569250327601,-0.8860750219902755,0.7204545454545455,2.302585092994046,3.332204510175204
고용동향,2018-08-27/2018-09-02,2018-08-29,22,11,-0.5909090909090909,0.3360768638305884,0.0,0.5454545454545454,-1.1126636363636366,KOSPI,2018-08-29,0.016809097231036258,0.002768742796469584,-0.002039170514077848,-0.3635533296890454,-0.19102754774508676,0.5909090909090909,2.3978952727983707,3.091042453358316
고용동향,2018-09-10/2018-09-16,2018-09-11,3,3,-0.6666666666666666,0.4714045207910317,0.0,0.6666666666666666,-1.0606000000000002,KOSPI,2018-09-11,-0.004384231816446741,-0.0010925282950361762,0.01321287629476107,-0.03978049040330589,-0.08354746707882144,0.6666666666666666,1.0986122886681098,1.0986122886681098
고용동향,2018-10-01/2018-10-07,2018-10-02,3,3,-1.0,0.0,0.0,1.0,-2.5376999999999996,KOSPI,2018-10-02,0.016117942848465544,-0.026543293495426584,-0.08887585577405435,-0.06116515723780935,0.9352502308505098,1.0,1.0986122886681098,1.0986122886681098
고용동향,2018-10-08/2018-10-14,2018-10-12,8,6,-0.055555555555555546,0.8258927081843614,0.375,0.5,0.00838750000000002,KOSPI,2018-10-12,-0.07769679761046681,0.008243401359008,0.015266945403893797,-0.17329866606969802,0.46057345223468665,0.055555555555555546,1.791759469228055,2.0794415416798357
고용동향,2019-02-11/2019-02-17,2019-02-13,6,4,-0.5,0.8660254037844386,0.16666666666666666,0.8333333333333334,-0.9205500000000001,KOSPI,2019-02-13,-0.0038772546800487882,0.017129157951004517,0.021125159656586054,0.20752652124449966,0.10127046366002994,0.5,1.3862943611198906,1.791759469228055
고용동향,2019-02-18/2019-02-24,2019-02-21,7,4,-0.5833333333333333,0.4330127018922193,0.2857142857142857,0.7142857142857143,-1.0207857142857142,KOSPI,2019-02-21,0.014108207600996766,0.0007755726083133257,-0.014013548655088923,-0.04995659238078609,-0.11844199153536535,0.5833333333333333,1.3862943611198906,1.9459101490553132
고용동향,2019-08-05/2019-08-11,2019-08-10,3,3,0.0,0.0,0.0,0.0,0.41886666666666666,KOSPI,2019-08-12,-0.027235642512759735,-0.004957490119502136,0.015220015113736591,0.10713444313058318,0.11212687223420989,0.0,1.0986122886681098,1.0986122886681098
고용동향,2019-08-12/2019-08-18,2019-08-14,30,12,-0.06944444444444446,0.7711773506612078,0.4666666666666667,0.3,0.4841333333333333,KOSPI,2019-08-14,0.008365251687222713,0.002304490579306385,0.01784417896576956,-0.0009768677757371336,-0.00763612628042177,0.06944444444444446,2.4849066497880004,3.4011973816621555
고용동향,2019-08-19/2019-08-25,2019-08-23,11,7,-0.9285714285714286,0.1749635530559413,0.0,0.9090909090909091,-1.919690909090909,KOSPI,2019-08-23,0.012795999276258359,-0.015337892800177695,0.016322743242128915,-0.3754625710672581,0.3357461179612257,0.9285714285714286,1.9459101490553132,2.3978952727983707
고용동향,2019-09-02/2019-09-08,2019-09-02,4,4,0.25,0.82915619758885,0.5,0.25,0.518175,KOSPI,2019-09-02,0.014858995206219886,0.0007575851100851743,0.03155199848216982,-0.5896177960320941,-0.501344526209633,0.25,1.3862943611198906,1.3862943611198906
고용동향,2020-02-10/2020-02-16,2020-02-12,33,12,-0.5625,0.4578596036632481,0.21212121212121213,0.5757575757575758,-0.5178333333333334,KOSPI,2020-02-12,0.024537144280535703,0.0021469804730528796,-0.012503196644182361,0.10330739033761205,-0.19117740521378104,0.5625,2.4849066497880004,3.4965075614664802
고용동향,2020-02-17/2020-02-23,2020-02-21,6,4,-0.25,0.82915619758885,0.16666666666666666,0.6666666666666666,-0.9284833333333333,KOSPI,2020-02-21,-0.023073050493479498,-0.056141415710681236,-0.10569188204407842,0.6072657556286707,0.561696481500201,0.25,1.3862943611198906,1.791759469228055
고용동향,2020-02-24/2020-03-01,2020-02-25,7,6,-0.25,0.5590169943749475,0.14285714285714285,0.2857142857142857,0.5054142857142859,KOSPI,2020-02-25,-0.08082173080824268,-0.003461230971568953,-0.03845716462699856,0.5209653226672444,0.5007583378942407,0.25,1.791759469228055,1.9459101490553132
고용동향,2020-08-10/2020-08-16,2020-08-12,48,12,-0.556998556998557,0.4381119682273031,0.14583333333333334,0.8125,-1.5955083333333333,KOSPI,2020-08-12,0.05711828204691757,0.006854528018330169,-0.0632723698130743,0.004178109658168339,0.18258220176267465,0.556998556998557,2.4849066497880004,3.871201010907891
고용동향,2020-08-17/2020-08-23,2020-08-18,5,3,-0.4444444444444444,0.41573970964154905,0.2,0.6,-0.8603999999999999,KOSPI,2020-08-18,0.01883411702940562,-0.021340015682735154,-0.021698407787681957,-0.07008906832244932,0.42594533662289974,0.4444444444444444,1.0986122886681098,1.6094379124341003
고용동향,2020-08-24/2020-08-30,2020-08-25,5,4,-1.0,0.0,0.0,1.0,-1.8826,KOSPI,2020-08-25,-0.040255461969183205,0.013484015299303216,-0.0016089041138740486,0.034179613936004216,-0.27963838891927756,1.0,1.3862943611198906,1.6094379124341003
고용동향,2021-02-08/2021-02-14,2021-02-10,13,4,-0.7,0.412310562561766,0.0,0.7692307692307693,-1.8114692307692304,KOSPI,2021-02-10,-0.015609779782208153,0.01535593871698204,-0.006588962440159382,0.4215474387628415,-0.1689965089964577,0.7,1.3862943611198906,2.5649493574615367
고용동향,2021-02-15/2021-02-21,2021-02-16,31,10,-0.08499999999999999,0.7753296789825029,0.3548387096774194,0.3870967741935484,-0.11020645161290321,KOSPI,2021-02-16,0.006723708464596789,-0.009198971240843424,-0.03959463662466217,0.40277491517767317,-0.4426058336173593,0.08499999999999999,2.302585092994046,3.4339872044851463
고용동향,2021-02-22/2021-02-28,2021-02-22,16,7,-0.4047619047619047,0.3316282923139076,0.0625,0.5,-0.458175,KOSPI,2021-02-22,-0.011255563829735572,-0.01763631124471421,-0.03592343361707773,0.4400173469691566,0.4593052240792011,0.4047619047619047,1.9459101490553132,2.772588722239781
고용동향,2021-03-01/2021-03-07,2021-03-01,7,4,0.0,0.6123724356957945,0.2857142857142857,0.14285714285714285,1.0609857142857142,KOSPI,2021-03-02,-0.04306477620590764,0.017725185158166484,-0.028161561853376847,0.3322714097462125,-0.3194089334488732,0.0,1.3862943611198906,1.9459101490553132
고용동향,2021-08-09/2021-08-15,2021-08-11,20,10,-0.78,0.3944616584663204,0.05,0.85,-1.7427500000000002,KOSPI,2021-08-11,-0.00031056721039929205,-0.011674618692036176,-0.048259340521006236,-0.662345660584899,0.3309374447673216,0.78,2.302585092994046,2.995732273553991
고용동향,2021-08-16/2021-08-22,2021-08-19,6,5,0.2,0.7483314773547883,0.5,0.3333333333333333,0.5073333333333334,KOSPI,2021-08-19,-0.028294200621934596,-0.03223770399214634,-0.011765967805150716,-0.6903774245060266,0.830009345422106,0.2,1.6094379124341003,1.791759469228055
고용동향,2021-08-23/2021-08-29,2021-08-27,9,8,-0.125,0.9270248108869579,0.4444444444444444,0.5555555555555556,-0.018033333333333346,KOSPI,2021-08-27,0.006712876327541942,0.003636329130465776,0.01906844282192193,-0.7019014187282675,0.3789162145290112,0.125,2.0794415416798357,2.1972245773362196
고용동향,2021-08-30/2021-09-05,2021-09-03,5,5,0.0,0.8944271909999159,0.4,0.4,0.9423600000000001,KOSPI,2021-09-03,0.014325116074952744,0.008288780000858016,-0.016775521421991946,-0.43511718889872775,0.21410578811787676,0.0,1.6094379124341003,1.6094379124341003
고용동향,2026-02-02/2026-02-08,2026-02-04,6,5,0.5,0.6324555320336759,0.5,0.16666666666666666,1.4388333333333334,KOSPI,2026-02-04,0.02324008501862715,-0.030861637884227577,-0.009425358258280433,0.6889624530892942,0.5216909496901604,0.5,1.6094379124341003,1.791759469228055
고용동향,2026-02-09/2026-02-15,2026-02-11,30,10,-0.9625,0.08003905296791061,0.0,0.9333333333333333,-1.8330366666666669,KOSPI,2026-02-11,-0.016883235898093263,0.03278671909452163,0.07351321670918749,0.7809953062889488,-0.11865782448455339,0.9625,2.302585092994046,3.4011973816621555
고용동향,2026-02-23/2026-03-01,2026-02-23,7,5,-0.4,0.7999999999999999,0.2857142857142857,0.7142857142857143,-0.8589142857142857,KOSPI,2026-02-23,0.06817158821181615,0.017841889932801367,-0.028253377893699014,1.182135607837063,0.7676028972634312,0.4,1.6094379124341003,1.9459101490553132
국채_금리,2016-07-11/2016-07-17,2016-07-14,3,3,0.0,0.816496580927726,0.3333333333333333,0.3333333333333333,-0.8068333333333332,은행,2016-07-14,0.014969985569800299,0.0098692257624657,0.014961350694467801,-0.4096399452390287,-0.1309595317233955,0.0,1.0986122886681098,1.0986122886681098
국채_금리,2016-08-08/2016-08-14,2016-08-11,6,4,-0.375,0.81967981553775,0.16666666666666666,0.6666666666666666,-1.3849333333333333,은행,2016-08-11,0.0229464262713148,-0.0051805109731849,-0.0237201958589337,-0.6413208744264889,-1.2481609959376674,0.375,1.3862943611198906,1.791759469228055
국채_금리,2016-08-15/2016-08-21,2016-08-16,5,4,-0.25,0.82915619758885,0.4,0.6,0.2898599999999999,은행,2016-08-16,0.0170496897934521,0.0009349677656971,-0.0035899431072959013,-1.7082366257906134,-0.7874572176002291,0.25,1.3862943611198906,1.6094379124341003
국채_금리,2016-09-05/2016-09-11,2016-09-05,3,3,-0.3333333333333333,0.9428090415820634,0.3333333333333333,0.6666666666666666,0.3303333333333334,은행,2016-09-05,0.031189229656662897,-0.008424278124739299,0.0381750914517581,-0.1344820224765897,-0.9731172846173957,0.3333333333333333,1.0986122886681098,1.0986122886681098
국채_금리,2017-02-13/2017-02-19,2017-02-16,4,3,-0.16666666666666666,0.23570226039551584,0.0,0.25,-0.132,은행,2017-02-16,-0.0018000521732312973,0.0041940128496412,-0.009359676022437301,0.5623996346843256,-0.5432617450733485,0.16666666666666666,1.0986122886681098,1.3862943611198906
국채_금리,2017-09-04/2017-09-10,2017-09-04,3,3,-0.6666666666666666,0.4714045207910317,0.0,0.6666666666666666,-0.9847999999999999,은행,2017-09-04,-0.022851171677528696,-0.0534541684625126,-0.0530290494047971,0.17968108538680383,0.7333185545385826,0.6666666666666666,1.0986122886681098,1.0986122886681098
국채_금리,2018-01-29/2018-02-04,2018-02-02,15,6,-0.9027777777777777,0.13958160584890125,0.0,0.8666666666666667,-1.6217266666666668,은행,2018-02-02,-0.005067508534635802,0.0079368428275647,0.022059931341915494,-0.218046659342102,0.7068093301316754,0.9027777777777777,1.791759469228055,2.70805020110221
국채_금리,2018-02-05/2018-02-11,2018-02-05,26,9,-0.6222222222222222,0.5137612454087508,0.11538461538461539,0.6923076923076923,-1.5226846153846159,은행,2018-02-06,0.0186482726784175,-0.0106271111981972,-0.002480996428239306,-0.4826805342233662,0.723853579974902,0.6222222222222222,2.1972245773362196,3.258096538021482
국채_금리,2018-02-12/2018-02-18,2018-02-12,6,4,-0.41666666666666663,0.82915619758885,0.16666666666666666,0.6666666666666666,-1.3554333333333333,은행,2018-02-12,-0.005410051485497001,0.021248815509767795,0.020294677709249892,-1.4003812793691033,0.4324740459243349,0.41666666666666663,1.3862943611198906,1.791759469228055
국채_금리,2018-02-19/2018-02-25,2018-02-22,25,6,-0.09999999999999999,0.32843625008572114,0.2,0.36,-0.30064399999999997,은행,2018-02-22,-0.007175305118162604,0.0008483103378217997,-0.056916471097544295,-1.6671713939790056,0.3415832568277099,0.09999999999999999,1.791759469228055,3.2188758248682006
국채_금리,2018-02-26/2018-03-04,2018-03-04,11,5,-0.48,0.5491812087098392,0.09090909090909091,0.45454545454545453,-0.5012181818181819,은행,2018-03-06,-0.005410251024295799,-0.0649491267838144,-0.08250675840848079,-1.0624240775866767,0.5675906840973133,0.48,1.6094379124341003,2.3978952727983707
국채_금리,2018-03-05/2018-03-11,2018-03-05,5,3,0.16666666666666666,0.6236095644623235,0.4,0.4,0.02547999999999993,은행,2018-03-06,-0.005410251024295799,-0.0649491267838144,-0.08250675840848079,-1.0624240775866767,0.5675906840973133,0.16666666666666666,1.0986122886681098,1.6094379124341003
국채_금리,2018-05-14/2018-05-20,2018-05-16,13,6,-1.0,0.0,0.0,1.0,-1.6054923076923076,은행,2018-05-16,-0.00010432022837749896,0.005338394504951101,-0.0183621950771,-0.07860350577357877,-0.44331354945618223,1.0,1.791759469228055,2.5649493574615367
국채_금리,2018-07-23/2018-07-29,2018-07-24,4,4,0.0,0.7071067811865476,0.25,0.25,0.45630000000000004,은행,2018-07-24,0.0126895540326548,0.0079810428707833,-0.0099515073131584,-0.45043977023601833,-0.2844726909850194,0.0,1.3862943611198906,1.3862943611198906
국채_금리,2018-09-03/2018-09-09,2018-09-04,6,5,-0.8,0.4,0.0,0.8333333333333334,-1.6621,은행,2018-09-04,-0.0130535050161978,-0.011270903546377302,-0.0018459454926798013,-0.15948951402021017,-0.35351320401561187,0.8,1.6094379124341003,1.791759469228055
국채_금리,2018-10-01/2018-10-07,2018-10-05,6,4,-0.75,0.25,0.0,0.6666666666666666,-0.5423,은행,2018-10-05,0.0683444828041228,0.0061993223392836,-0.0005025777407447023,0.5516422050322873,0.5665013797119386,0.75,1.3862943611198906,1.791759469228055
국채_금리,2018-10-08/2018-10-14,2018-10-08,10,6,-0.49999999999999994,0.7136240321480627,0.2,0.7,-0.9416200000000003,은행,2018-10-08,0.0711611744357672,0.0125765568684545,-0.007329656987575202,0.23414290478536515,0.6097913013179438,0.49999999999999994,1.791759469228055,2.302585092994046
국채_금리,2018-12-03/2018-12-09,2018-12-05,9,7,-0.5714285714285714,0.7284313590846835,0.1111111111111111,0.7777777777777778,-2.072366666666667,은행,2018-12-05,-0.032372653686395705,0.015105215344852799,-0.0047491184501576005,0.2575234947518048,-0.13844699883373143,0.5714285714285714,1.9459101490553132,2.1972245773362196
국채_금리,2019-08-19/2019-08-25,2019-08-22,3,3,-1.0,0.0,0.0,1.0,-2.5217666666666667,은행,2019-08-22,-0.0158834810105757,0.006007015852537699,0.0034202674428115967,0.39137471508170485,-0.42164107024770764,1.0,1.0986122886681098,1.0986122886681098
국채_금리,2019-08-26/2019-09-01,2019-08-28,4,3,-0.5,0.408248290463863,0.0,0.5,-1.099625,은행,2019-08-28,-0.005249932655637701,0.0040999566239872985,0.012506838472289799,-0.18370620695283968,0.13317467789428553,0.5,1.0986122886681098,1.3862943611198906
국채_금리,2019-11-11/2019-11-17,2019-11-11,4,3,-0.16666666666666666,0.6236095644623235,0.25,0.25,-0.749275,은행,2019-11-11,0.017155164744523353,0.0011608422041402,-0.0080378490206294,-0.17872542398544589,-0.4502025808945942,0.16666666666666666,1.0986122886681098,1.3862943611198906
국채_금리,2020-02-24/2020-03-01,2020-02-29,4,3,-0.16666666666666666,0.8498365855987975,0.25,0.5,-1.3912749999999998,은행,2020-03-02,0.0322348292762696,-0.0335577973390801,-0.0783956647643576,0.21329851848120818,0.68541148113116,0.16666666666666666,1.0986122886681098,1.3862943611198906
국채_금리,2020-03-02/2020-03-08,2020-03-04,29,10,-0.45928571428571424,0.57126828109006,0.27586206896551724,0.4482758620689655,-0.4398068965517242,은행,2020-03-04,0.0017484778968467028,-0.0298080873059415,-0.025704222420395297,0.30323822050866056,0.7280748887301831,0.45928571428571424,2.302585092994046,3.367295829986474
국채_금리,2020-08-24/2020-08-30,2020-08-27,3,3,-0.6666666666666666,0.4714045207910317,0.0,0.6666666666666666,-1.8239333333333334,은행,2020-08-27,-0.019475961527363996,0.005704822004918801,-0.025302358563025,-0.029453113446722412,-0.5987503575054014,0.6666666666666666,1.0986122886681098,1.0986122886681098
국채_금리,2020-08-31/2020-09-06,2020-09-01,13,8,-0.5,0.7071067811865476,0.07692307692307693,0.7692307692307693,-1.0605538461538462,은행,2020-09-01,-0.010525931129261097,-0.0038255764978065,-0.027321209512415803,-0.7612814518385047,-0.9045147903255651,0.5,2.0794415416798357,2.5649493574615367
국채_금리,2021-03-01/2021-03-07,2021-03-05,17,6,-0.7611111111111111,0.25123153454655583,0.0,0.7058823529411765,-1.2249470588235294,은행,2021-03-05,0.019683127095588497,0.0534460314644866,0.0487455683799117,1.3423841178244178,0.18746098322468996,0.7611111111111111,1.791759469228055,2.833213344056216
국채_금리,2021-07-05/2021-07-11,2021-07-09,11,5,-0.48,0.44899888641287294,0.2727272727272727,0.6363636363636364,-0.5904909090909091,은행,2021-07-09,-0.0196069766097034,-0.005252069170998802,-0.005554866818937201,-0.07652374547564378,0.08835346365342484,0.48,1.6094379124341003,2.3978952727983707
국채_금리,2021-07-12/2021-07-18,2021-07-13,6,3,0.3333333333333333,0.9428090415820634,0.6666666666666666,0.3333333333333333,0.40081666666666677,은행,2021-07-13,-0.015544355696480907,-0.008197234434055001,-0.0140410221240512,-0.19901079308541725,-0.14829274979740736,0.3333333333333333,1.0986122886681098,1.791759469228055
국채_금리,2021-07-19/2021-07-25,2021-07-20,6,4,0.08333333333333331,0.7216878364870323,0.5,0.3333333333333333,0.25625000000000003,은행,2021-07-20,-0.0085648594748227,-0.000978528976094701,0.0162346730242242,-0.1881798493957607,-0.10285834712408876,0.08333333333333331,1.3862943611198906,1.791759469228055
국채_금리,2021-08-30/2021-09-05,2021-09-03,9,6,-0.5555555555555555,0.7370277311900888,0.2222222222222222,0.7777777777777778,-0.9676000000000001,은행,2021-09-03,-0.0214566765542316,-0.0180429115292672,-0.014102846969528503,-0.32749158858276317,-0.7572805500096902,0.5555555555555555,1.791759469228055,2.1972245773362196
국채_금리,2022-01-17/2022-01-23,2022-01-19,13,5,-0.8266666666666665,0.2585429257288709,0.07692307692307693,0.8461538461538461,-1.8206692307692305,은행,2022-01-19,0.007743570403067896,-0.010245581911605302,0.023020202375412198,0.08552804910803502,0.5219731545356803,0.8266666666666665,1.6094379124341003,2.5649493574615367
국채_금리,2022-02-07/2022-02-13,2022-02-09,29,8,-0.6302083333333333,0.43124370969647524,0.13793103448275862,0.5862068965517241,-0.39815862068965524,은행,2022-02-09,-0.0023256447030368978,0.023781029941272402,0.043721633999106606,0.9038334799348196,0.313826235022995,0.6302083333333333,2.0794415416798357,3.367295829986474
국채_금리,2022-02-14/2022-02-20,2022-02-15,12,6,-0.6666666666666666,0.4714045207910317,0.0,0.6666666666666666,-1.5523166666666668,은행,2022-02-15,0.0494595700994038,-0.014204544603447403,-0.010505606714421802,0.5186882276583127,0.10198941220068274,0.6666666666666666,1.791759469228055,2.4849066497880004
국채_금리,2022-02-21/2022-02-27,2022-02-21,4,3,-0.6666666666666666,0.4714045207910317,0.0,0.5,-0.9413,은행,2022-02-21,0.013777723673401097,-0.0044551415080438,-0.032424882649411,0.4093454194998749,-0.47804526658737884,0.6666666666666666,1.0986122886681098,1.3862943611198906
국채_금리,2022-02-28/2022-03-06,2022-03-04,13,5,-0.19,0.6590902821313632,0.07692307692307693,0.3076923076923077,-0.07534615384615388,은행,2022-03-04,-0.0501594625467941,-0.0036856641377285976,0.023045014059831403,-0.25978548119211453,0.42243645014013137,0.19,1.6094379124341003,2.5649493574615367
국채_금리,2022-06-20/2022-06-26,2022-06-24,4,3,0.3333333333333333,0.4714045207910317,0.25,0.0,-0.349575,은행,2022-06-24,-0.0317138850909316,-0.0214684361363352,-0.02085646641217711,-0.10434136641188729,0.40608752748469173,0.3333333333333333,1.0986122886681098,1.3862943611198906
국채_금리,2022-07-04/2022-07-10,2022-07-06,8,5,-0.4,0.7348469228349533,0.125,0.625,-1.1072875,은행,2022-07-06,-0.008810487493595403,-0.026285942220013,-0.035407167661729695,0.19609127670811688,0.10018629389781303,0.4,1.6094379124341003,2.0794415416798357
국채_금리,2022-08-08/2022-08-14,2022-08-10,5,4,-0.5,0.5,0.2,0.6,-1.39482,은행,2022-08-10,0.0301337930073436,0.001623471153759503,-0.0195292537270391,-0.8710237470194837,-0.0011107130986075218,0.5,1.3862943611198906,1.6094379124341003
국채_금리,2022-08-15/2022-08-21,2022-08-16,6,4,-0.125,0.739509972887452,0.16666666666666666,0.5,-0.6037166666666667,은행,2022-08-16,0.010134757407569403,0.0014170476036636011,-0.021940513868796297,-0.5807694790511473,-0.7081505810858728,0.125,1.3862943611198906,1.791759469228055
국채_금리,2022-08-22/2022-08-28,2022-08-23,7,6,-0.6666666666666666,0.4714045207910317,0.0,0.7142857142857143,-1.1439142857142859,은행,2022-08-23,-0.0255625867748404,0.0185502066575096,0.004890192730827399,0.07575120753536702,-0.06661877614022929,0.6666666666666666,1.791759469228055,1.9459101490553132
국채_금리,2022-08-29/2022-09-04,2022-09-04,13,5,-0.4,0.7999999999999999,0.15384615384615385,0.8461538461538461,-1.581846153846154,은행,2022-09-05,-0.021970769811147397,0.0048824413466647,0.022764765320935798,-0.9528974415897569,0.2825680826793518,0.4,1.6094379124341003,2.5649493574615367
국채_금리,2022-09-05/2022-09-11,2022-09-05,6,6,-0.6666666666666666,0.7453559924999298,0.16666666666666666,0.8333333333333334,-1.58035,은행,2022-09-05,-0.021970769811147397,0.0048824413466647,0.022764765320935798,-0.9528974415897569,0.2825680826793518,0.6666666666666666,1.791759469228055,1.791759469228055
국채_금리,2023-01-16/2023-01-22,2023-01-18,4,4,-0.5,0.8660254037844386,0.25,0.75,-0.5971000000000002,은행,2023-01-18,0.02599550733694149,-0.0276190730635719,-0.034073596153067195,0.112205047283096,0.017281399241400944,0.5,1.3862943611198906,1.3862943611198906
국채_금리,2023-01-30/2023-02-05,2023-02-02,3,3,0.0,0.816496580927726,0.3333333333333333,0.3333333333333333,-1.0013333333333334,은행,2023-02-02,-0.0362922677455782,-0.0227482827211123,-0.049110744076249796,0.04303294072660968,-0.06939101281419964,0.0,1.0986122886681098,1.0986122886681098
국채_금리,2023-02-06/2023-02-12,2023-02-10,5,4,-0.375,0.649519052838329,0.2,0.4,-0.64042,은행,2023-02-10,-0.0239614322407298,0.024624878397931198,-0.030181884573761704,0.09699221204041564,0.18647149423580162,0.375,1.3862943611198906,1.6094379124341003
국채_금리,2023-02-13/2023-02-19,2023-02-15,8,5,-0.9,0.2,0.0,0.875,-0.9238374999999999,은행,2023-02-15,-0.0329134238409911,-0.0467495850143962,-0.015413404364317302,0.4872251749591925,0.06488428951157242,0.9,1.6094379124341003,2.0794415416798357
국채_금리,2023-02-20/2023-02-26,2023-02-22,8,6,-0.75,0.3818813079129867,0.0,0.75,-1.7749375,은행,2023-02-22,-0.014357229067146702,-0.0038559411531194996,-0.003732371134576303,-0.5062946417629206,-0.6101096225553896,0.75,1.791759469228055,2.0794415416798357
국채_금리,2023-02-27/2023-03-05,2023-03-02,37,12,-0.19186507936507938,0.6636143691385725,0.2702702702702703,0.5135135135135135,0.12078378378378382,은행,2023-03-02,0.015171163037237999,-0.0342470807101874,-0.0413231948782867,-0.5929407579427242,-0.9634631325752108,0.19186507936507938,2.4849066497880004,3.6109179126442243
국채_금리,2023-08-07/2023-08-13,2023-08-07,9,6,-0.75,0.3818813079129867,0.1111111111111111,0.6666666666666666,-0.1212111111111111,은행,2023-08-07,0.050618416177145506,0.0094801644477791,-0.0031781407774938986,-0.16092830898348964,-0.500422818669114,0.75,1.791759469228055,2.1972245773362196
국채_금리,2023-08-14/2023-08-20,2023-08-17,37,9,-0.7919753086419754,0.313123026251126,0.05405405405405406,0.8108108108108109,-0.8775540540540542,은행,2023-08-17,-0.0065593677307333,0.007553693572995301,0.005083283579756497,-0.6382061395503644,-1.2283501980938587,0.7919753086419754,2.1972245773362196,3.6109179126442243
국채_금리,2023-08-21/2023-08-27,2023-08-22,22,9,-0.3703703703703704,0.6420346601244339,0.22727272727272727,0.6363636363636364,-0.1374818181818181,은행,2023-08-22,0.0215036072661426,0.0095763504791936,-0.004052764375754401,-0.7189656394067772,-0.7454423041372892,0.3703703703703704,2.1972245773362196,3.091042453358316
국채_금리,2023-08-28/2023-09-03,2023-08-30,6,5,0.4,0.7999999999999999,0.6666666666666666,0.16666666666666666,0.4597166666666666,은행,2023-08-30,-0.0021143448795416008,0.014672717639406,0.0166726535076185,0.04738782185711621,-0.8595487205389217,0.4,1.6094379124341003,1.791759469228055
국채_금리,2024-02-05/2024-02-11,2024-02-06,10,7,-0.45238095238095244,0.6468132241526726,0.2,0.4,-0.018420000000000013,은행,2024-02-06,0.056149290973851296,0.0015648354780560996,-0.004274704542237802,1.6751971544833903,0.47625757012300196,0.45238095238095244,1.9459101490553132,2.302585092994046
국채_금리,2024-02-12/2024-02-18,2024-02-13,6,3,-0.055555555555555546,0.4779069592801459,0.16666666666666666,0.3333333333333333,0.3492,은행,2024-02-13,0.02495914819642239,-0.0180264850214687,-0.0155302047957889,1.4554691693032513,0.820143907262746,0.055555555555555546,1.0986122886681098,1.791759469228055
국채_금리,2024-02-19/2024-02-25,2024-02-19,5,5,1.0,0.0,1.0,0.0,1.9517,은행,2024-02-19,0.013636884292957301,-0.010391767970071,-0.0231815229620954,1.6539391550492866,0.7363958395103366,1.0,1.6094379124341003,1.6094379124341003
국채_금리,2024-02-26/2024-03-03,2024-02-26,6,6,0.5,0.7637626158259734,0.6666666666666666,0.16666666666666666,1.0551333333333333,은행,2024-02-26,0.0018967235984774008,-0.011537226190355502,0.0303018323453882,1.14432235646348,0.29683109918715345,0.5,1.791759469228055,1.791759469228055
국채_금리,2024-03-04/2024-03-10,2024-03-04,12,6,-0.36111111111111116,0.6555790956225526,0.25,0.25,0.18001666666666669,은행,2024-03-04,0.019133901852606702,0.023955916085457902,0.033545678072726196,1.4143911194293572,-0.13801164500433935,0.36111111111111116,1.791759469228055,2.4849066497880004
국채_금리,2024-07-29/2024-08-04,2024-07-29,6,4,0.4166666666666667,0.5951190357119042,0.3333333333333333,0.16666666666666666,-0.8875333333333334,은행,2024-07-29,0.061446882988277295,0.0075207696216702015,0.004288017508382194,0.6339852142945386,1.0065270092309184,0.4166666666666667,1.3862943611198906,1.791759469228055
국채_금리,2024-08-05/2024-08-11,2024-08-08,13,5,-0.7833333333333333,0.29627314724385295,0.07692307692307693,0.7692307692307693,-1.6028461538461538,은행,2024-08-08,0.001169170642775788,0.002382335117526402,-0.014746259027772702,-0.11844142890969067,-0.7821414626576423,0.7833333333333333,1.6094379124341003,2.5649493574615367
국채_금리,2024-08-12/2024-08-18,2024-08-13,12,5,0.1833333333333333,0.7195677714974301,0.4166666666666667,0.3333333333333333,-0.4989833333333334,은행,2024-08-13,-0.013148242070071002,0.0108063527184163,0.0367324747696835,-0.3945070086060323,-0.1148535865860767,0.1833333333333333,1.6094379124341003,2.4849066497880004
국채_금리,2024-08-19/2024-08-25,2024-08-23,7,3,-0.8888888888888888,0.15713484026367724,0.0,0.8571428571428571,-1.7202857142857142,은행,2024-08-23,0.026849572210976502,0.0284377699267087,-0.0118891448467119,0.4094422655211325,0.11033273628945366,0.8888888888888888,1.0986122886681098,1.9459101490553132
국채_금리,2024-08-26/2024-09-01,2024-08-29,5,4,0.75,0.4330127018922193,0.6,0.0,1.0871199999999999,은행,2024-08-29,-0.0181333413840272,-0.004512544736420699,0.022628906570549202,-0.21270357898318615,-0.3959277339480288,0.75,1.3862943611198906,1.6094379124341003
국채_금리,2024-09-02/2024-09-08,2024-09-05,23,7,-0.8023809523809523,0.27780725467183054,0.043478260869565216,0.7391304347826086,-1.6958304347826088,은행,2024-09-05,0.0153306137084199,0.018260892013701298,-0.04084780351341981,-0.3250445464256977,0.16349389108535856,0.8023809523809523,1.9459101490553132,3.1354942159291497
국채_금리,2025-01-13/2025-01-19,2025-01-19,4,3,-0.3333333333333333,0.9428090415820634,0.25,0.75,-0.59475,은행,2025-01-20,-0.0031075050101031978,0.0134752862990907,0.04173238861650898,-0.6284340936013759,-0.9015030588581837,0.3333333333333333,1.0986122886681098,1.3862943611198906
국채_금리,2025-02-03/2025-02-09,2025-02-05,7,3,-0.4444444444444444,0.5665577237325315,0.2857142857142857,0.5714285714285714,-0.46028571428571424,은행,2025-02-05,0.043496742280888887,-0.0323010140809241,-0.0410035827372625,0.3212772378981352,-0.7148932399911918,0.4444444444444444,1.0986122886681098,1.9459101490553132
국채_금리,2025-02-10/2025-02-16,2025-02-10,9,6,-0.11111111111111112,0.7114582486036499,0.4444444444444444,0.3333333333333333,-0.23786666666666667,은행,2025-02-10,-0.017991606811049096,-0.0062100590820357,-0.0328742256876486,0.20242370918100328,-1.7335284198666092,0.11111111111111112,1.791759469228055,2.1972245773362196
국채_금리,2025-02-17/2025-02-23,2025-02-21,12,5,-0.016666666666666684,0.7461009761866464,0.25,0.3333333333333333,0.0014083333333333142,은행,2025-02-21,-0.009781602325400702,0.0021587927405751998,0.0313949986474288,-0.7764151958127936,-0.28524857067831894,0.016666666666666684,1.6094379124341003,2.4849066497880004
국채_금리,2025-02-24/2025-03-02,2025-02-26,13,6,-0.375,0.35923658767715455,0.07692307692307693,0.46153846153846156,-0.8353692307692308,은행,2025-02-26,-0.002646241201518701,0.019974801249255,-0.000249352817099098,-0.21883398385012676,0.07068655065082041,0.375,1.791759469228055,2.5649493574615367
국채_금리,2025-03-03/2025-03-09,2025-03-05,17,6,-0.7833333333333333,0.3184162195757133,0.11764705882352941,0.7647058823529411,-1.5682235294117648,은행,2025-03-05,0.0195970247296682,-0.0176476995808107,-0.0236801355322091,-0.21873837955020292,-0.08436160302366726,0.7833333333333333,1.791759469228055,2.833213344056216
국채_금리,2025-08-04/2025-08-10,2025-08-06,3,3,0.0,0.816496580927726,0.3333333333333333,0.3333333333333333,0.0843,은행,2025-08-06,0.003329917631052899,0.004743991273055157,0.0023427825892395563,-0.5920437568390788,-1.283230303208713,0.0,1.0986122886681098,1.0986122886681098
국채_금리,2025-08-11/2025-08-17,2025-08-12,11,6,-0.055555555555555546,0.5905636562630361,0.2727272727272727,0.2727272727272727,-0.4123636363636363,은행,2025-08-12,0.015713327209447854,-0.0017269121277478008,0.0055477294926423995,-0.7073705101449388,-0.551794726428533,0.055555555555555546,1.791759469228055,2.3978952727983707
국채_금리,2025-08-18/2025-08-24,2025-08-21,12,5,-0.16666666666666666,0.8027729719194864,0.5,0.5,-0.07655833333333344,은행,2025-08-21,-0.004792751870220102,-0.0170578654636005,-0.0203641936654528,-1.4672893583601265,-1.2191860315799914,0.16666666666666666,1.6094379124341003,2.4849066497880004
국채_금리,2025-08-25/2025-08-31,2025-08-27,12,6,-0.5555555555555555,0.7370277311900888,0.16666666666666666,0.8333333333333334,-0.6299916666666666,은행,2025-08-27,-0.016310181658678702,0.006657889549847,0.00047415238532310094,-1.521816345573935,-0.7180087788272466,0.5555555555555555,1.791759469228055,2.4849066497880004
국채_금리,2025-09-01/2025-09-07,2025-09-03,45,8,-0.29151785714285716,0.681558129857608,0.3333333333333333,0.5555555555555556,-0.2720266666666666,은행,2025-09-03,-0.000995796970447699,-0.015489238497740303,0.0029664785295056006,-1.5214019524832914,-0.06584945475140311,0.29151785714285716,2.0794415416798357,3.8066624897703196
국채_금리,2026-02-02/2026-02-08,2026-02-02,10,6,-0.6666666666666666,0.4714045207910317,0.1,0.8,-1.12775,은행,2026-02-02,-0.03661058712663759,0.033829365475194606,0.1172375702943997,0.5460361116965995,0.380302847385504,0.6666666666666666,1.791759469228055,2.302585092994046
국채_금리,2026-02-09/2026-02-15,2026-02-09,25,9,-0.07407407407407407,0.5561724969511558,0.16,0.36,0.05750799999999998,은행,2026-02-09,0.1258117717926921,0.021865383149696004,0.021684604382264706,1.2194551711839257,0.5628300089044477,0.07407407407407407,2.1972245773362196,3.2188758248682006
국채_금리,2026-02-16/2026-02-22,2026-02-18,7,3,-0.6666666666666666,0.4714045207910317,0.2857142857142857,0.7142857142857143,-0.6809714285714286,은행,2026-02-19,0.052891911589663304,-0.025524551262689998,-0.1508977168877091,0.9667340406965366,0.3460126160101658,0.6666666666666666,1.0986122886681098,1.9459101490553132
기준금리,2016-08-22/2016-08-28,2016-08-27,26,9,0.003703703703703715,0.40747474191037236,0.3076923076923077,0.4230769230769231,0.08315769230769231,은행,2016-08-29,0.012665933994290902,0.0265049089808195,0.027421493561432697,0.4816066486094588,-0.29682114487148165,0.003703703703703715,2.1972245773362196,3.258096538021482
기준금리,2016-08-29/2016-09-04,2016-08-29,70,9,0.07142857142857142,0.5985621471417397,0.37142857142857144,0.37142857142857144,0.19551999999999997,은행,2016-08-29,0.012665933994290902,0.0265049089808195,0.027421493561432697,0.4816066486094588,-0.29682114487148165,0.07142857142857142,2.1972245773362196,4.248495242049359
기준금리,2016-09-05/2016-09-11,2016-09-05,11,5,0.55,0.5567764362830021,0.6363636363636364,0.09090909090909091,0.8185272727272728,은행,2016-09-05,0.031189229656662897,-0.008424278124739299,0.0381750914517581,-0.1344820224765897,-0.9731172846173957,0.55,1.6094379124341003,2.3978952727983707
기준금리,2017-02-20/2017-02-26,2017-02-23,19,7,-0.3373015873015873,0.427357186410878,0.15789473684210525,0.42105263157894735,-0.5433263157894738,은행,2017-02-23,-0.0101600768900821,0.0033617308608603997,0.011333634378839504,-0.3952759546288789,0.4824697759021823,0.3373015873015873,1.9459101490553132,2.9444389791664403
기준금리,2017-02-27/2017-03-05,2017-03-02,43,11,-0.18604224058769514,0.4422044349127537,0.20930232558139536,0.3023255813953488,0.6405488372093023,은행,2017-03-02,-0.008998043071485499,0.0172988177571652,0.022464938425953998,0.2857194414091069,0.1451601863590263,0.18604224058769514,2.3978952727983707,3.7612001156935624
기준금리,2017-08-14/2017-08-20,2017-08-16,7,4,-0.125,0.21650635094610965,0.0,0.2857142857142857,-0.5230428571428573,은행,2017-08-16,-0.002374400449126698,-0.0127819586611596,-0.0265669411802048,-0.8983923130176699,-1.0242427259977032,0.125,1.3862943611198906,1.9459101490553132
기준금리,2017-08-28/2017-09-03,2017-08-31,34,10,-0.42976190476190473,0.45985215261817974,0.08823529411764706,0.47058823529411764,-0.8313382352941178,은행,2017-08-31,0.004959590389020499,-0.0148250058412933,-0.0653676223364881,-0.3284600382405163,0.6596413402402871,0.42976190476190473,2.302585092994046,3.5263605246161616
기준금리,2018-02-19/2018-02-25,2018-02-25,14,5,-0.475,0.6538348415311009,0.21428571428571427,0.35714285714285715,0.15671428571428572,은행,2018-02-26,0.013657865109481098,-0.012756553390932599,-0.07258813195634149,-1.3437979988480873,0.24855226129608443,0.475,1.6094379124341003,2.6390573296152584
기준금리,2018-02-26/2018-03-04,2018-02-27,43,11,-0.10551948051948051,0.48615183604611667,0.2558139534883721,0.4186046511627907,-0.36741627906976754,은행,2018-02-27,-0.011834691496756602,0.0008883440478314004,-0.075731759341021,-1.213910295280197,0.27431815876662163,0.10551948051948051,2.3978952727983707,3.7612001156935624
기준금리,2018-08-20/2018-08-26,2018-08-23,6,4,0.0,0.0,0.0,0.0,0.6079333333333333,은행,2018-08-23,-0.008849613913907898,-0.011735718430082299,-0.0095891070656835,-0.03420593264051064,-0.2247491019707725,0.0,1.3862943611198906,1.791759469228055
기준금리,2018-08-27/2018-09-02,2018-08-31,53,13,-0.4299533799533799,0.4046029196442378,0.09433962264150944,0.4339622641509434,-1.1842754716981132,은행,2018-08-31,0.0049891120800913,-0.0011272538581135008,-0.006006134312972703,-1.247535562851814,-0.4091962440551019,0.4299533799533799,2.5649493574615367,3.970291913552122
기준금리,2018-09-03/2018-09-09,2018-09-04,7,4,0.75,0.4330127018922193,0.8571428571428571,0.14285714285714285,1.1684857142857141,은행,2018-09-04,-0.0130535050161978,-0.011270903546377302,-0.0018459454926798013,-0.15948951402021017,-0.35351320401561187,0.75,1.3862943611198906,1.9459101490553132
기준금리,2019-02-18/2019-02-24,2019-02-24,4,4,0.25,0.82915619758885,0.5,0.25,-0.603225,은행,2019-02-25,-0.0326485429987158,-0.0045408706384729,-0.006436712787285798,0.06846862085258465,0.05923116566745264,0.25,1.3862943611198906,1.3862943611198906
기준금리,2019-02-25/2019-03-03,2019-02-28,41,11,-0.3616161616161616,0.4325780425326032,0.14634146341463414,0.3902439024390244,-0.9304146341463414,은행,2019-02-28,-0.0206950374822314,0.004995469497785201,0.0070457965722422,0.15363988734635114,-0.08854528565159986,0.3616161616161616,2.3978952727983707,3.713572066704308
기준금리,2019-08-26/2019-09-01,2019-08-30,46,12,-0.3720959595959596,0.3335671002685872,0.06521739130434782,0.34782608695652173,-1.203082608695652,은행,2019-08-30,-0.005076445472977802,0.0090442224260477,0.0087169240485343,0.03853818804561726,0.22866355237822564,0.3720959595959596,2.4849066497880004,3.828641396489095
기준금리,2019-09-02/2019-09-08,2019-09-05,20,6,0.005555555555555545,0.707215894184834,0.25,0.55,-1.0867200000000001,은행,2019-09-05,0.0163126566331487,0.00031004220023179985,0.0358168542294063,0.07280505218722588,-0.14201083805207676,0.005555555555555545,1.791759469228055,2.995732273553991
기준금리,2020-02-24/2020-03-01,2020-02-27,7,5,-0.06666666666666667,0.13333333333333333,0.0,0.14285714285714285,-1.0408000000000002,은행,2020-02-27,0.012551950025042596,0.025786064158982103,-0.03757982048603949,0.24960984462195945,0.11154103114983631,0.06666666666666667,1.6094379124341003,1.9459101490553132
기준금리,2020-03-02/2020-03-08,2020-03-04,76,12,-0.4939898989898989,0.29815684838949086,0.15789473684210525,0.5,-0.607692105263158,은행,2020-03-04,0.0017484778968467028,-0.0298080873059415,-0.025704222420395297,0.30323822050866056,0.7280748887301831,0.4939898989898989,2.4849066497880004,4.330733340286331
기준금리,2020-08-17/2020-08-23,2020-08-19,16,7,-0.2714285714285714,0.3574284572341944,0.125,0.375,-1.25789375,은행,2020-08-19,0.016680873325160297,-0.007739980008880498,-0.024713947797624695,0.13392847172120526,-0.10100390354964706,0.2714285714285714,1.9459101490553132,2.772588722239781
기준금리,2020-08-24/2020-08-30,2020-08-27,27,9,0.10185185185185185,0.37221761559707,0.2222222222222222,0.18518518518518517,-0.49095555555555564,은행,2020-08-27,-0.019475961527363996,0.005704822004918801,-0.025302358563025,-0.029453113446722412,-0.5987503575054014,0.10185185185185185,2.1972245773362196,3.295836866004329
기준금리,2020-08-31/2020-09-06,2020-09-01,7,6,-0.16666666666666666,0.8975274678557508,0.2857142857142857,0.42857142857142855,-0.8623857142857144,은행,2020-09-01,-0.010525931129261097,-0.0038255764978065,-0.027321209512415803,-0.7612814518385047,-0.9045147903255651,0.16666666666666666,1.791759469228055,1.9459101490553132
기준금리,2021-02-15/2021-02-21,2021-02-20,4,4,-0.5,0.5,0.0,0.5,-1.280325,은행,2021-02-22,-0.014093535815834802,0.0168676527570479,0.03636476454867969,-0.05158906206417768,-0.002583306369093003,0.5,1.3862943611198906,1.3862943611198906
기준금리,2021-02-22/2021-02-28,2021-02-25,45,12,-0.4875,0.35662545192815803,0.13333333333333333,0.5111111111111111,-1.0902822222222222,은행,2021-02-25,0.0333389888000147,-0.004101539202328901,0.026101469663024096,0.09518630971024677,-0.04199161398966965,0.4875,2.4849066497880004,3.8066624897703196
기준금리,2021-03-01/2021-03-07,2021-03-01,17,7,-0.42857142857142855,0.700663760455341,0.29411764705882354,0.5882352941176471,-0.5319117647058824,은행,2021-03-02,0.03644682929071409,0.0033447657954521013,0.10724344452205581,0.09187446121704923,-0.24610611163017068,0.42857142857142855,1.9459101490553132,2.833213344056216
기준금리,2021-08-23/2021-08-29,2021-08-26,43,12,-0.18218954248366015,0.3572821803699813,0.13953488372093023,0.3488372093023256,-0.145,은행,2021-08-26,0.008074150024391397,0.0188133102556224,-0.008260151216214599,-0.04641526296942011,0.11707709344940855,0.18218954248366015,2.4849066497880004,3.7612001156935624
기준금리,2021-08-30/2021-09-05,2021-09-02,44,11,-0.2864718614718615,0.3967004296210058,0.2727272727272727,0.4090909090909091,-0.10239999999999996,은행,2021-09-02,-0.0133034059795068,-0.0028947650305589986,0.0027218606786533015,-0.46841187623710745,-0.7311044030358906,0.2864718614718615,2.3978952727983707,3.784189633918261
기준금리,2022-02-21/2022-02-27,2022-02-24,31,11,-0.3143939393939394,0.3155100670145273,0.03225806451612903,0.3548387096774194,-0.9629193548387096,은행,2022-02-24,-0.0040847288631724,-0.014992833329392,-0.0469074026886753,0.3493161829900817,0.1587991209283918,0.3143939393939394,2.3978952727983707,3.4339872044851463
기준금리,2022-02-28/2022-03-06,2022-02-28,43,13,-0.22115384615384615,0.5940824227742391,0.16279069767441862,0.4883720930232558,-0.3151790697674419,은행,2022-02-28,-0.0272316415896338,-0.0347199148758161,-0.0439912799917484,0.4244007565717425,0.23040632734978175,0.22115384615384615,2.5649493574615367,3.7612001156935624
기준금리,2022-08-22/2022-08-28,2022-08-25,50,12,-0.4079861111111111,0.3492653431127849,0.06,0.38,-0.48724999999999996,은행,2022-08-25,-0.008429427720994401,-0.013685440496138401,-0.0305763498492048,-0.5074182890936623,0.09953231252718851,0.4079861111111111,2.4849066497880004,3.912023005428146
기준금리,2022-08-29/2022-09-04,2022-08-30,42,10,-0.14166666666666666,0.45954385596540787,0.23809523809523808,0.35714285714285715,-0.05194523809523812,은행,2022-08-30,0.0022962179921004995,-0.0019076030150591006,-0.014519780295211998,-0.6615170930388121,-0.013675619534646416,0.14166666666666666,2.302585092994046,3.7376696182833684
기준금리,2022-09-05/2022-09-11,2022-09-05,6,5,-0.3,0.7483314773547882,0.16666666666666666,0.5,-0.9164333333333333,은행,2022-09-05,-0.021970769811147397,0.0048824413466647,0.022764765320935798,-0.9528974415897569,0.2825680826793518,0.3,1.6094379124341003,1.791759469228055
기준금리,2023-02-20/2023-02-26,2023-02-23,20,7,-0.3463203463203463,0.6845030624989318,0.3,0.5,-0.975655,은행,2023-02-23,0.0094556129401126,0.0027943579630721003,-0.018019742375778802,-0.3959118111949351,-0.7316859979397006,0.3463203463203463,1.9459101490553132,2.995732273553991
기준금리,2023-02-27/2023-03-05,2023-03-03,44,12,-0.3,0.5586441920698123,0.18181818181818182,0.5,-0.5606045454545455,은행,2023-03-03,-0.002676195837405703,-0.0286709463601596,-0.0332384172663431,-0.6544752329952832,-0.7674718790760556,0.3,2.4849066497880004,3.784189633918261
기준금리,2023-08-21/2023-08-27,2023-08-24,56,13,-0.4205128205128205,0.2959956287325825,0.017857142857142856,0.48214285714285715,-1.0773071428571428,은행,2023-08-24,0.019569137954408698,-0.0137590333800502,0.0010436027844579997,-0.7821646907864963,-0.5800120504707174,0.4205128205128205,2.5649493574615367,4.02535169073515
기준금리,2023-08-28/2023-09-03,2023-08-31,28,9,0.04232804232804234,0.5675327712406314,0.2857142857142857,0.4642857142857143,-0.26479999999999987,은행,2023-08-31,-0.0130939882123379,0.0096194860318722,0.018020838346074097,-0.03783447532259565,-0.6893849141679297,0.04232804232804234,2.1972245773362196,3.332204510175204
기준금리,2023-09-04/2023-09-10,2023-09-04,4,4,0.0,0.7071067811865476,0.25,0.25,0.0632,은행,2023-09-04,0.0102845311995845,-0.0047937894300627,0.0162726145931476,-0.5846515972591853,-0.7140256028162948,0.0,1.3862943611198906,1.3862943611198906
기준금리,2024-02-19/2024-02-25,2024-02-22,51,12,-0.37152777777777785,0.41458449655522644,0.058823529411764705,0.43137254901960786,-0.9898254901960786,은행,2024-02-22,0.00033599208912090143,0.0144487797051073,0.0207946959650376,1.35076311791091,0.12573377406079211,0.37152777777777785,2.4849066497880004,3.9318256327243257
기준금리,2024-02-26/2024-03-03,2024-02-29,26,8,-0.17083333333333334,0.4083971038639285,0.15384615384615385,0.23076923076923078,-0.28150769230769235,은행,2024-02-29,0.0074600783773234,0.0322906055199729,0.049469467637318895,1.659820282786141,-0.3457794314404342,0.17083333333333334,2.0794415416798357,3.258096538021482
기준금리,2024-03-04/2024-03-10,2024-03-05,7,5,-0.2,0.4,0.14285714285714285,0.42857142857142855,-0.02368571428571428,은행,2024-03-05,0.025301904192189,0.014154822849752901,0.0160681512786197,1.077673308467503,-0.6845791051319334,0.2,1.6094379124341003,1.9459101490553132
기준금리,2024-08-19/2024-08-25,2024-08-22,25,8,0.06490384615384615,0.3677727497900921,0.2,0.32,-0.6289480000000001,은행,2024-08-22,0.0212581385725625,0.010909732881687301,-0.017643612456964698,-0.017340762121980546,0.09981231450014906,0.06490384615384615,2.0794415416798357,3.2188758248682006
기준금리,2024-08-26/2024-09-01,2024-08-30,31,8,-0.045238095238095244,0.5908025211926732,0.3548387096774194,0.3548387096774194,-0.4084548387096774,은행,2024-08-30,-0.004592208712196299,-0.0063734859748063,0.0250526467137735,-0.13595246439908237,-0.4015376138163374,0.045238095238095244,2.0794415416798357,3.4339872044851463
기준금리,2024-09-02/2024-09-08,2024-09-05,51,11,0.24248251748251756,0.5743834344627384,0.37254901960784315,0.35294117647058826,-0.16181176470588235,은행,2024-09-05,0.0153306137084199,0.018260892013701298,-0.04084780351341981,-0.3250445464256977,0.16349389108535856,0.24248251748251756,2.3978952727983707,3.9318256327243257
기준금리,2025-02-17/2025-02-23,2025-02-23,7,6,-0.5,0.7637626158259734,0.14285714285714285,0.7142857142857143,-1.6687857142857143,은행,2025-02-24,-0.0081105640821435,0.0039766847956005,0.0213750315593121,-0.7417264413563842,-0.23680597133293196,0.5,1.791759469228055,1.9459101490553132
기준금리,2025-02-24/2025-03-02,2025-02-25,60,13,-0.4233821733821734,0.4987462589553997,0.16666666666666666,0.4166666666666667,-0.9589533333333333,은행,2025-02-25,-0.0035437284844392,0.007942141809089899,-0.010372907538719903,-0.4403792681482699,-0.1603113312615913,0.4233821733821734,2.5649493574615367,4.0943445622221
기준금리,2025-03-03/2025-03-09,2025-03-05,11,6,-0.05555555555555558,0.7556372504853024,0.2727272727272727,0.45454545454545453,-0.5633363636363634,은행,2025-03-05,0.0195970247296682,-0.0176476995808107,-0.0236801355322091,-0.21873837955020292,-0.08436160302366726,0.05555555555555558,1.791759469228055,2.3978952727983707
기준금리,2025-08-25/2025-08-31,2025-08-28,21,11,-0.18787878787878787,0.7208682653680161,0.19047619047619047,0.42857142857142855,-0.7462285714285715,은행,2025-08-28,-0.0281656583666725,0.00020472963320119966,-0.015341460316815301,-1.269955467652439,-0.6270466583837914,0.18787878787878787,2.3978952727983707,3.044522437723423
기준금리,2025-09-01/2025-09-07,2025-09-03,64,11,0.10016233766233765,0.47431422105456333,0.296875,0.421875,-0.20530781249999996,은행,2025-09-03,-0.000995796970447699,-0.015489238497740303,0.0029664785295056006,-1.5214019524832914,-0.06584945475140311,0.10016233766233765,2.3978952727983707,4.1588830833596715
기준금리,2026-02-23/2026-03-01,2026-02-26,27,10,-0.16666666666666666,0.32702361450580975,0.1111111111111111,0.25925925925925924,-0.42300000000000004,은행,2026-02-26,-0.10734709396951259,-0.0661259713920114,-0.042495136710495804,0.21250082059781938,1.2899915816086016,0.16666666666666666,2.302585092994046,3.295836866004329
물가_인상,2016-08-15/2016-08-21,2016-08-17,8,3,-0.7222222222222223,0.3928371006591931,0.125,0.5,-0.4550375,KOSPI,2016-08-17,0.00545922975596591,0.0026872474682840637,-0.005168742864476409,-0.15439588513517144,-0.5795506606669388,0.7222222222222223,1.0986122886681098,2.0794415416798357
물가_인상,2016-08-22/2016-08-28,2016-08-26,18,7,-0.14285714285714285,0.4974424384708614,0.2222222222222222,0.2222222222222222,0.7805222222222223,KOSPI,2016-08-26,-0.00816673044512273,-0.0060118480636500125,-0.0047318788901290374,-0.23800953089291177,-1.0653690541190446,0.14285714285714285,1.9459101490553132,2.8903717578961645
물가_인상,2016-08-29/2016-09-04,2016-08-29,29,7,-0.39115646258503395,0.4616148790313274,0.13793103448275862,0.41379310344827586,-0.2646965517241379,KOSPI,2016-08-29,-0.011345880180634392,0.0002168532273624838,0.008419901638173752,-0.12192545619266326,-0.4907502409879511,0.39115646258503395,1.9459101490553132,3.367295829986474
물가_인상,2017-02-13/2017-02-19,2017-02-14,7,3,-0.4666666666666666,0.41096093353126517,0.0,0.42857142857142855,-0.1552285714285715,KOSPI,2017-02-14,-0.0002303156227434018,0.0022230089508898597,0.010789617857144778,0.004142848908815111,-0.2594339982865191,0.4666666666666666,1.0986122886681098,1.9459101490553132
물가_인상,2017-02-20/2017-02-26,2017-02-23,10,6,-0.11111111111111112,0.7114582486036499,0.4,0.2,0.29807000000000006,KOSPI,2017-02-23,0.010060419266729289,-0.006262184943233223,-0.01420992684754777,0.09133292715600128,0.16301562344758908,0.11111111111111112,1.791759469228055,2.302585092994046
물가_인상,2017-02-27/2017-03-05,2017-03-03,12,5,0.21666666666666665,0.19436506316151,0.3333333333333333,0.08333333333333333,1.0445916666666666,KOSPI,2017-03-03,-0.002468544957971554,-0.01036462442213298,-0.0031934687092305446,0.04786151435994768,0.13679139483039657,0.21666666666666665,1.6094379124341003,2.4849066497880004
물가_인상,2017-08-07/2017-08-13,2017-08-12,9,4,0.7,0.5196152422706632,0.5555555555555556,0.2222222222222222,0.6484777777777777,KOSPI,2017-08-14,-0.03848002554330318,0.009643929593315488,0.011662630198575264,-0.32090231685059045,-0.32530384206571233,0.7,1.3862943611198906,2.1972245773362196
물가_인상,2017-08-14/2017-08-20,2017-08-17,12,8,-0.28125,0.42274216432714634,0.0,0.3333333333333333,-1.323825,KOSPI,2017-08-17,-0.026271735666868544,0.0015433273633411035,0.00340229846095781,-0.4159263753191631,-0.4929415092453554,0.28125,2.0794415416798357,2.4849066497880004
물가_인상,2017-08-21/2017-08-27,2017-08-21,13,8,-0.075,0.6239991987174343,0.3076923076923077,0.3076923076923077,0.1352230769230769,KOSPI,2017-08-21,-0.00603316956766197,0.0006513488246693722,-0.0018472282598688827,-0.37049696565385304,-0.6277175356802978,0.075,2.0794415416798357,2.5649493574615367
물가_인상,2017-08-28/2017-09-03,2017-08-28,12,6,-0.1388888888888889,0.5129495920172052,0.3333333333333333,0.16666666666666666,0.508075,KOSPI,2017-08-28,0.0031951022818568747,-0.00792851348087943,-0.027054265987937594,-0.2285624054996518,-0.16024140275366255,0.1388888888888889,1.791759469228055,2.4849066497880004
물가_인상,2018-02-19/2018-02-25,2018-02-23,26,8,-0.27272727272727276,0.5582978690270517,0.15384615384615385,0.34615384615384615,-0.45666538461538464,KOSPI,2018-02-23,0.006165596741679697,0.0171354754199386,-0.018439305929262503,-0.18052282886662496,0.2812121611017774,0.27272727272727276,2.0794415416798357,3.258096538021482
물가_인상,2018-02-26/2018-03-04,2018-02-26,28,9,-0.3796296296296296,0.33126932999996883,0.17857142857142858,0.5,-0.4865964285714286,KOSPI,2018-02-26,0.011718971811590904,0.0015965146016232818,-0.017058369022296363,-0.1120352010295349,0.20563374225017061,0.3796296296296296,2.1972245773362196,3.332204510175204
물가_인상,2018-03-05/2018-03-11,2018-03-05,5,4,-0.875,0.21650635094610965,0.0,0.8,-1.65248,KOSPI,2018-03-05,-0.005400407540184464,0.003778519260830634,0.0331959342720209,0.024992506496651856,0.17574427538007356,0.875,1.3862943611198906,1.6094379124341003
물가_인상,2018-08-06/2018-08-12,2018-08-06,6,3,-0.3333333333333333,0.6236095644623235,0.16666666666666666,0.5,-0.8879333333333332,KOSPI,2018-08-06,-6.165874205413084e-05,0.006640936305235207,-0.013575116668747979,-0.6592732325192188,-0.02210685903538686,0.3333333333333333,1.0986122886681098,1.791759469228055
물가_인상,2018-08-20/2018-08-26,2018-08-23,14,10,0.1,0.7000000000000001,0.5,0.21428571428571427,0.9040571428571429,KOSPI,2018-08-23,0.009293481516184136,0.009863646352064194,0.018294795484655686,-0.23603561173353782,-1.46738696743752,0.1,2.302585092994046,2.6390573296152584
물가_인상,2018-08-27/2018-09-02,2018-08-28,13,5,0.17142857142857143,0.7580856663669485,0.38461538461538464,0.3076923076923077,-0.0333538461538461,KOSPI,2018-08-28,0.024843864841734137,0.005089303941177055,0.009759391999805665,-0.36245221371599534,-0.5180762346205502,0.17142857142857143,1.6094379124341003,2.5649493574615367
물가_인상,2018-09-03/2018-09-09,2018-09-04,4,4,-0.75,0.4330127018922193,0.0,0.75,-1.025,KOSPI,2018-09-04,0.007341254671679155,-0.005001954830951077,-0.005588362119670733,-0.08208138002410337,-0.436097140003079,0.75,1.3862943611198906,1.3862943611198906
물가_인상,2019-02-04/2019-02-10,2019-02-07,8,5,-0.8333333333333333,0.21081851067789195,0.0,0.75,-1.6226500000000001,KOSPI,2019-02-07,0.014901955374752958,-0.010746851505554074,0.013984112888130234,0.08916987346054306,-0.10082027231874391,0.8333333333333333,1.6094379124341003,2.0794415416798357
물가_인상,2019-02-11/2019-02-17,2019-02-12,11,6,-0.13888888888888887,0.45558942963490906,0.09090909090909091,0.2727272727272727,-0.7349818181818182,KOSPI,2019-02-12,-0.008174216779235072,0.010838178008656682,0.015588834362869548,0.23456934394199358,0.024848353383245272,0.13888888888888887,1.791759469228055,2.3978952727983707
물가_인상,2019-02-18/2019-02-24,2019-02-21,17,7,-0.4523809523809524,0.42458463095540494,0.058823529411764705,0.47058823529411764,-1.097994117647059,KOSPI,2019-02-21,0.014108207600996766,0.0007755726083133257,-0.014013548655088923,-0.04995659238078609,-0.11844199153536535,0.4523809523809524,1.9459101490553132,2.833213344056216
물가_인상,2019-02-25/2019-03-03,2019-02-25,15,7,-0.5476190476190476,0.424584630955405,0.0,0.4,-0.7076466666666666,KOSPI,2019-02-25,0.01753642363434566,-0.0009844258269754546,-0.020785885017967867,-0.216181984975778,-0.16947614715363152,0.5476190476190476,1.9459101490553132,2.70805020110221
물가_인상,2019-03-04/2019-03-10,2019-03-04,4,3,0.0,0.0,0.25,0.25,-0.39267500000000005,KOSPI,2019-03-04,-0.013433531302220915,-0.006828214960570046,-0.02465089135274444,-0.2136995697859536,-0.6092704831596518,0.0,1.0986122886681098,1.3862943611198906
물가_인상,2019-07-15/2019-07-21,2019-07-15,4,3,-0.16666666666666666,0.23570226039551584,0.0,0.25,-0.8147,KOSPI,2019-07-15,-0.011735500216186981,0.002241643078496488,0.002551377054429764,0.14978734234920843,-0.02090813675645659,0.16666666666666666,1.0986122886681098,1.3862943611198906
물가_인상,2019-08-12/2019-08-18,2019-08-12,4,3,-0.16666666666666666,0.8498365855987975,0.25,0.5,-0.7661749999999999,KOSPI,2019-08-12,-0.027235642512759735,-0.004957490119502136,0.015220015113736591,0.10713444313058318,0.11212687223420989,0.16666666666666666,1.0986122886681098,1.3862943611198906
물가_인상,2019-08-26/2019-09-01,2019-08-27,3,3,0.6666666666666666,0.4714045207910317,0.6666666666666666,0.0,0.7659666666666668,KOSPI,2019-08-27,-0.0068411638392328125,0.014964049889722175,0.031863752153025525,-0.5251287063483474,-0.03779779320147493,0.6666666666666666,1.0986122886681098,1.0986122886681098
물가_인상,2019-09-02/2019-09-08,2019-09-04,9,5,-0.9,0.2,0.0,0.7777777777777778,-1.6736444444444445,KOSPI,2019-09-04,0.025330230363011526,0.02137719591686109,0.04657963899192167,-0.3457756041243467,-0.933621261780423,0.9,1.6094379124341003,2.1972245773362196
물가_인상,2020-03-02/2020-03-08,2020-03-05,19,10,0.30333333333333334,0.44508426168535775,0.3684210526315789,0.10526315789473684,0.13585789473684215,KOSPI,2020-03-05,-0.012156428445471105,-0.010860657650952964,-0.11886797429417328,0.19897474194493725,0.7809638146170502,0.30333333333333334,2.302585092994046,2.9444389791664403
물가_인상,2020-08-24/2020-08-30,2020-08-24,4,3,-0.16666666666666666,0.23570226039551584,0.0,0.25,-0.2875,KOSPI,2020-08-24,-0.06371026532965668,0.02327017925291288,-0.0009223049095984561,-0.07768285790310436,-0.26670215718230317,0.16666666666666666,1.0986122886681098,1.3862943611198906
물가_인상,2020-08-31/2020-09-06,2020-09-02,10,6,-0.8055555555555555,0.27916321169780256,0.1,0.8,-1.3992,KOSPI,2020-09-02,-0.016523361296707367,0.015874372732959635,9.326580090190245e-05,0.41346340846805774,-0.3330626340990259,0.8055555555555555,1.791759469228055,2.302585092994046
물가_인상,2021-02-01/2021-02-07,2021-02-03,13,8,-0.575,0.6814506585219505,0.07692307692307693,0.6923076923076923,-1.6271153846153845,KOSPI,2021-02-03,-0.025899123582039888,-0.008057503909023054,-0.014149480973216064,-0.059584372332865954,-0.19430322276508735,0.575,2.0794415416798357,2.5649493574615367
물가_인상,2021-02-08/2021-02-14,2021-02-09,9,5,-0.7666666666666666,0.2905932629027116,0.1111111111111111,0.7777777777777778,-1.2451,KOSPI,2021-02-09,-0.0013756788817260897,-0.0021686646300328955,-0.016788484281633986,0.4497144286334631,-0.15805005263515665,0.7666666666666666,1.6094379124341003,2.1972245773362196
물가_인상,2021-02-15/2021-02-21,2021-02-19,8,8,-0.75,0.6614378277661477,0.125,0.875,-1.3656875,KOSPI,2021-02-19,-0.012903688201398788,-0.007715287945064696,-0.03941371163379359,0.7211144648285472,0.4456460803698535,0.75,2.0794415416798357,2.0794415416798357
물가_인상,2021-02-22/2021-02-28,2021-02-23,10,5,-0.4,0.5830951894845301,0.2,0.6,-1.19358,KOSPI,2021-02-23,-0.03386345396067359,-0.032600394179908676,-0.012504949922886222,0.3421739262814736,0.48231268657266285,0.4,1.6094379124341003,2.302585092994046
물가_인상,2021-03-01/2021-03-07,2021-03-03,13,9,0.35185185185185186,0.6869347033700521,0.5384615384615384,0.3076923076923077,0.6221307692307693,KOSPI,2021-03-03,-0.024057695228722645,-0.005438937900704016,-0.04474051604943544,0.21461351297156916,-0.48851524719616457,0.35185185185185186,2.1972245773362196,2.5649493574615367
물가_인상,2021-08-16/2021-08-22,2021-08-19,7,5,-0.8,0.4,0.0,0.7142857142857143,-1.788042857142857,KOSPI,2021-08-19,-0.028294200621934596,-0.03223770399214634,-0.011765967805150716,-0.6903774245060266,0.830009345422106,0.8,1.6094379124341003,1.9459101490553132
물가_인상,2021-08-23/2021-08-29,2021-08-26,38,13,-0.1217948717948718,0.5851212386380497,0.2631578947368421,0.34210526315789475,0.12262894736842106,KOSPI,2021-08-26,-0.0066834754497301935,-0.005401587592613818,0.005485190029803747,-0.679464630304027,0.44703414642146483,0.1217948717948718,2.5649493574615367,3.6375861597263857
물가_인상,2021-08-30/2021-09-05,2021-09-02,30,11,-0.6560606060606061,0.3653055126042127,0.1,0.6666666666666666,-0.6622933333333333,KOSPI,2021-09-02,0.01748532114999856,-0.0024396479057405386,-0.03094573151350461,-0.46103700057713226,0.2527223291843728,0.6560606060606061,2.3978952727983707,3.4011973816621555
물가_인상,2022-02-21/2022-02-27,2022-02-24,37,11,-0.5734848484848485,0.34463452647861426,0.05405405405405406,0.6486486486486487,-1.3246675675675676,KOSPI,2022-02-24,0.001939927862151026,-0.013233080424890848,0.005052290747265355,0.32098313805679446,0.3018188997569191,0.5734848484848485,2.3978952727983707,3.6109179126442243
물가_인상,2022-02-28/2022-03-06,2022-02-28,33,12,-0.7083333333333334,0.4621056877670591,0.09090909090909091,0.7878787878787878,-0.8594636363636364,KOSPI,2022-02-28,-0.018787692960586477,0.012267300464970668,-0.01310015549857139,0.10127862208859462,0.22058785783511417,0.7083333333333334,2.4849066497880004,3.4965075614664802
물가_인상,2022-08-22/2022-08-28,2022-08-25,8,5,-0.6333333333333333,0.5811865258054232,0.125,0.625,-0.15952500000000003,KOSPI,2022-08-25,-0.02453231343770101,0.014944369289551115,-0.008700672590243154,-0.04508137647109223,0.2634928696702684,0.6333333333333333,1.6094379124341003,2.0794415416798357
물가_인상,2022-08-29/2022-09-04,2022-09-02,51,11,-0.45710955710955703,0.324445045858417,0.11764705882352941,0.5882352941176471,-0.5667490196078431,KOSPI,2022-09-02,-0.02187889843120039,-0.0038531942653870555,0.017704219525829634,-0.3079313466527456,0.11059515064377945,0.45710955710955703,2.3978952727983707,3.9318256327243257
물가_인상,2022-09-05/2022-09-11,2022-09-05,7,4,-0.8333333333333333,0.28867513459481287,0.0,0.7142857142857143,-1.2081285714285717,KOSPI,2022-09-05,-0.026011983816596886,0.0013333790682071062,0.004655369093409717,-0.305839014711518,0.2351936630507578,0.8333333333333333,1.3862943611198906,1.9459101490553132
물가_인상,2023-02-20/2023-02-26,2023-02-23,19,8,-0.671875,0.35869500885153116,0.10526315789473684,0.6842105263157895,-1.2353052631578947,KOSPI,2023-02-23,-0.00523670500721986,0.001948494803714335,0.0043793755285253064,-0.18637566130652772,-0.44683327502582776,0.671875,2.0794415416798357,2.9444389791664403
물가_인상,2023-02-27/2023-03-05,2023-03-02,49,12,-0.5791666666666666,0.34741938846512505,0.14285714285714285,0.6326530612244898,-0.5928326530612246,KOSPI,2023-03-02,-0.020066936413666706,0.007400670682395679,0.0011153542609831316,-0.11367922413570142,-0.18374951639945802,0.5791666666666666,2.4849066497880004,3.8918202981106265
물가_인상,2023-08-21/2023-08-27,2023-08-27,12,7,-0.9047619047619048,0.23328473740792172,0.0,0.6666666666666666,-0.8293666666666667,KOSPI,2023-08-28,0.002735040410860248,0.01178828215710108,0.021872473105584038,-0.3104666850962836,-0.6598139714228329,0.9047619047619048,1.9459101490553132,2.4849066497880004
물가_인상,2023-08-28/2023-09-03,2023-08-29,46,12,-0.04861111111111111,0.6841951994772064,0.2826086956521739,0.34782608695652173,-0.26960434782608694,KOSPI,2023-08-29,0.011403292383735941,0.006004364035192156,0.012222311010988869,-0.31906245712172243,-0.7949019741714958,0.04861111111111111,2.4849066497880004,3.828641396489095
물가_인상,2023-09-04/2023-09-10,2023-09-05,5,4,-0.5,0.5,0.0,0.4,0.04731999999999999,KOSPI,2023-09-05,0.014129958038374819,-0.008999915338080493,-0.02101227471736938,-0.4021757430072448,-0.5548470130340517,0.5,1.3862943611198906,1.6094379124341003
물가_인상,2024-02-12/2024-02-18,2024-02-15,8,5,-0.65,0.43588989435406733,0.0,0.5,-1.3797625,KOSPI,2024-02-15,0.011550211869957971,0.010907706669629709,0.016979277845736926,0.10913669030919237,0.012120055282026384,0.65,1.6094379124341003,2.0794415416798357
물가_인상,2024-02-19/2024-02-25,2024-02-22,29,11,-0.5025974025974026,0.42800040668136413,0.06896551724137931,0.5862068965517241,-1.0439068965517242,KOSPI,2024-02-22,0.010810419870822891,0.004673371052272997,-0.006234812605912714,-0.08097020351568851,-0.2785591108062174,0.5025974025974026,2.3978952727983707,3.367295829986474
물가_인상,2024-02-26/2024-03-03,2024-03-01,24,10,-0.4866666666666667,0.6231104770958892,0.25,0.4166666666666667,-0.21912083333333332,KOSPI,2024-03-04,-0.009477111117099608,0.002238242438198838,0.005206907473214815,-0.21609019096585058,-0.0455911692271186,0.4866666666666667,2.302585092994046,3.1780538303479458
물가_인상,2024-03-04/2024-03-10,2024-03-04,4,3,-0.5,0.408248290463863,0.0,0.5,-0.42825,KOSPI,2024-03-04,-0.009477111117099608,0.002238242438198838,0.005206907473214815,-0.21609019096585058,-0.0455911692271186,0.5,1.0986122886681098,1.3862943611198906
물가_인상,2024-08-26/2024-09-01,2024-08-29,27,11,-0.22424242424242424,0.7391082408791944,0.2222222222222222,0.48148148148148145,-0.7123037037037037,KOSPI,2024-08-29,-0.004176237804948387,-0.0057218881819615566,-0.042836730255032866,-0.6495317781613696,-0.2379738859078598,0.22424242424242424,2.3978952727983707,3.295836866004329
물가_인상,2024-09-02/2024-09-08,2024-09-03,26,12,0.20138888888888892,0.5906861332591881,0.3076923076923077,0.15384615384615385,0.3594923076923078,KOSPI,2024-09-03,-0.006636930822040477,-0.03771968861731663,-0.06041330392214919,-0.28827943353917185,-0.41304452782980944,0.20138888888888892,2.4849066497880004,3.258096538021482
물가_인상,2025-02-10/2025-02-16,2025-02-13,8,5,-0.7666666666666666,0.2905932629027116,0.0,0.625,-1.1584375,KOSPI,2025-02-13,0.016001748447989933,0.016867875898582595,0.04144626842296528,0.06296873190941987,-0.38633381597582944,0.7666666666666666,1.6094379124341003,2.0794415416798357
물가_인상,2025-02-17/2025-02-23,2025-02-21,29,13,-0.23076923076923078,0.5490413616759964,0.10344827586206896,0.3448275862068966,-0.294896551724138,KOSPI,2025-02-21,0.02936852673727167,-0.0024798334376033913,-0.04363203679332657,-0.021614646672457383,0.13090356784855317,0.23076923076923078,2.5649493574615367,3.367295829986474
물가_인상,2025-02-24/2025-03-02,2025-02-25,28,10,-0.5755555555555556,0.4103837409240464,0.14285714285714285,0.4642857142857143,-0.21629642857142858,KOSPI,2025-02-25,0.01626284681843854,-0.000432778301386722,-0.029416326999891867,-0.07917487830531833,0.27075649965904824,0.5755555555555556,2.302585092994046,3.332204510175204
물가_인상,2025-03-03/2025-03-09,2025-03-05,8,6,-0.7222222222222223,0.4044505494044732,0.0,0.625,-1.3237875,KOSPI,2025-03-05,-0.0433053547688073,0.01901198309839078,0.019523093735563046,0.20093606873794556,-0.13308052346176932,0.7222222222222223,1.791759469228055,2.0794415416798357
물가_인상,2025-08-04/2025-08-10,2025-08-06,5,5,-1.0,0.0,0.0,1.0,-1.781,KOSPI,2025-08-06,-0.020020679797334653,0.004936384335235161,-0.0046902161618075,-0.4009923768191914,-0.40791000418849577,1.0,1.6094379124341003,1.6094379124341003
물가_인상,2025-08-11/2025-08-17,2025-08-11,16,10,-0.8833333333333332,0.23629078131263043,0.0625,0.875,-0.6107750000000001,KOSPI,2025-08-11,0.01872940465586177,-0.010317134920427047,-0.03030792324117484,-0.40879722448305245,-0.183281446144186,0.8833333333333332,2.302585092994046,2.772588722239781
물가_인상,2025-08-18/2025-08-24,2025-08-18,26,9,-0.5410052910052909,0.35293424633285436,0.15384615384615385,0.6538461538461539,-0.7513884615384616,KOSPI,2025-08-18,-0.009826258936972216,-0.026808471818727926,-0.01575839722251738,-0.47317410236372837,0.06018385683962978,0.5410052910052909,2.1972245773362196,3.258096538021482
물가_인상,2025-08-25/2025-08-31,2025-08-29,19,9,-0.37037037037037035,0.617530814834558,0.10526315789473684,0.5263157894736842,-0.5666473684210528,KOSPI,2025-08-29,0.006417899726165654,-0.021138543444387863,-0.01026215292763398,-0.602069116174464,-0.3486538833055181,0.37037037037037035,2.1972245773362196,2.9444389791664403
물가_인상,2025-09-01/2025-09-07,2025-09-01,13,8,-0.6875,0.6584783595532961,0.07692307692307693,0.8461538461538461,-1.5956692307692308,KOSPI,2025-09-01,-0.005096293762812711,-0.008431320833504986,-0.0021592835683705543,-0.49470834810493436,-0.3166246554997856,0.6875,2.0794415416798357,2.5649493574615367
물가_인상,2026-02-16/2026-02-22,2026-02-19,11,9,-0.6666666666666666,0.4714045207910317,0.0,0.7272727272727273,-1.787027272727273,KOSPI,2026-02-19,0.056729751472495565,0.0446222097217306,0.10924763142179583,1.1877619192251956,-0.2592088923504981,0.6666666666666666,2.1972245773362196,2.3978952727983707
반도체_수출,2016-08-08/2016-08-14,2016-08-11,17,4,-0.3375,0.23284920012746446,0.23529411764705882,0.6470588235294118,-1.324164705882353,반도체,2016-08-11,-0.031031542964635603,-0.011822235388026599,0.012685537879277405,0.019959541294721106,0.5128076900907423,0.3375,1.3862943611198906,2.833213344056216
반도체_수출,2016-08-15/2016-08-21,2016-08-17,10,5,-0.39999999999999997,0.5333333333333333,0.4,0.6,-0.41518999999999995,반도체,2016-08-17,-0.035367604905485996,0.013346060273575303,0.024131865700337107,1.4447273383642116,0.4495103467088738,0.39999999999999997,1.6094379124341003,2.302585092994046
반도체_수출,2016-08-22/2016-08-28,2016-08-22,5,4,-0.25,0.82915619758885,0.4,0.6,-0.3762600000000001,반도체,2016-08-22,0.024989685866555904,-0.0012447234606703995,-0.0228488863460524,-0.25778633851289534,-0.8445307606228503,0.25,1.3862943611198906,1.6094379124341003
반도체_수출,2016-08-29/2016-09-04,2016-09-01,19,9,0.3714285714285714,0.6513895839071083,0.5789473684210527,0.3157894736842105,0.2943263157894737,반도체,2016-09-01,-0.0229263810858546,-0.0025212849289010996,-0.0211817134881324,0.7485970062523837,-0.2638822871177898,0.3714285714285714,2.1972245773362196,2.9444389791664403
반도체_수출,2017-02-06/2017-02-12,2017-02-11,8,4,0.33333333333333326,0.816496580927726,0.75,0.25,0.9694124999999999,반도체,2017-02-13,-0.0428660832999018,-0.0049093954920803005,0.0315182358078202,-0.8587383768619397,0.1851778815004715,0.33333333333333326,1.3862943611198906,2.0794415416798357
반도체_수출,2017-02-13/2017-02-19,2017-02-13,10,6,0.0,0.816496580927726,0.6,0.3,0.9094500000000002,반도체,2017-02-13,-0.0428660832999018,-0.0049093954920803005,0.0315182358078202,-0.8587383768619397,0.1851778815004715,0.0,1.791759469228055,2.302585092994046
반도체_수출,2017-02-20/2017-02-26,2017-02-21,19,7,0.8214285714285714,0.34626284695830917,0.8947368421052632,0.10526315789473684,1.3888000000000003,반도체,2017-02-21,0.0247086880637088,-0.008943869049902,-0.035669737512718104,-0.6849111201617344,-0.03969440332870331,0.8214285714285714,1.9459101490553132,2.9444389791664403
반도체_수출,2017-02-27/2017-03-05,2017-03-02,20,8,0.4041666666666666,0.5493525229253475,0.45,0.35,0.6865149999999999,반도체,2017-03-02,-0.030164999828569503,-0.0011353001903791002,0.016252532863780398,0.030675782724355116,0.08772149564891579,0.4041666666666666,2.0794415416798357,2.995732273553991
반도체_수출,2017-07-31/2017-08-06,2017-08-01,3,3,0.3333333333333333,0.9428090415820634,0.6666666666666666,0.3333333333333333,0.5862333333333333,반도체,2017-08-01,-0.05706843718353022,0.0036579288791116008,-0.006684950780174705,0.6912581580208741,0.6170957154623155,0.3333333333333333,1.0986122886681098,1.0986122886681098
반도체_수출,2017-08-07/2017-08-13,2017-08-11,16,7,-0.09523809523809525,0.659828879073858,0.5,0.375,0.4308,반도체,2017-08-11,0.0014195531128827995,0.0074664455028031,0.027978065230495897,0.29351705766840475,0.2981017881471769,0.09523809523809525,1.9459101490553132,2.772588722239781
반도체_수출,2017-08-14/2017-08-20,2017-08-17,10,5,0.16666666666666666,0.760116950066092,0.3,0.3,0.5773900000000003,반도체,2017-08-17,-5.3993864036800884e-05,0.0155435016261605,0.018117062899676097,-0.7112844367056468,-1.0716180716897665,0.16666666666666666,1.6094379124341003,2.302585092994046
반도체_수출,2017-08-21/2017-08-27,2017-08-21,10,6,0.3333333333333333,0.7453559924999299,0.7,0.2,1.5620500000000002,반도체,2017-08-21,0.0289440712238651,-0.00015054595342510056,-0.0013976994024275007,-1.3084425634861372,-1.065765611094427,0.3333333333333333,1.791759469228055,2.302585092994046
반도체_수출,2017-08-28/2017-09-03,2017-09-01,5,4,0.25,0.82915619758885,0.6,0.2,1.31514,반도체,2017-09-01,0.0095691030076268,0.0020380864422293015,0.023790101177850503,-0.14004576058156104,-0.3686852683479879,0.25,1.3862943611198906,1.6094379124341003
반도체_수출,2018-01-29/2018-02-04,2018-02-04,7,4,1.0,0.0,1.0,0.0,2.6393714285714287,반도체,2018-02-06,-0.013363363308712097,0.014934645763061201,0.042788767811915,0.07268455253786854,0.3851800674753661,1.0,1.3862943611198906,1.9459101490553132
반도체_수출,2018-02-05/2018-02-11,2018-02-11,7,5,0.4666666666666667,0.4521553322083512,0.5714285714285714,0.14285714285714285,0.7281142857142856,반도체,2018-02-12,0.04183731504578841,-0.0054792206107071,0.008788697279743796,-0.9064847259349875,-0.18304925132127506,0.4666666666666667,1.6094379124341003,1.9459101490553132
반도체_수출,2018-02-12/2018-02-18,2018-02-18,13,8,-0.125,0.9270248108869579,0.46153846153846156,0.5384615384615384,0.07830769230769216,반도체,2018-02-19,0.0363102089258097,-0.005297830794877502,-0.015293520718969802,-1.0365594938655693,-0.23196519765752718,0.125,2.0794415416798357,2.5649493574615367
반도체_수출,2018-02-19/2018-02-25,2018-02-21,13,7,-0.3095238095238096,0.726092889617948,0.3076923076923077,0.6153846153846154,-0.29259230769230776,반도체,2018-02-21,-0.002320964528628704,0.007369782124622501,-0.005538102708213899,-1.5358328615194061,-0.34895656972975186,0.3095238095238096,1.9459101490553132,2.5649493574615367
반도체_수출,2018-02-26/2018-03-04,2018-03-02,9,8,-0.25,0.9682458365518543,0.4444444444444444,0.5555555555555556,0.17790000000000006,반도체,2018-03-06,-0.0166477645165864,-0.0122057155378601,0.009627138360760899,-0.39245360520231287,-0.4271564883014232,0.25,2.0794415416798357,2.1972245773362196
반도체_수출,2018-08-06/2018-08-12,2018-08-06,3,3,-0.3333333333333333,0.9428090415820634,0.3333333333333333,0.6666666666666666,-0.034966666666666736,반도체,2018-08-06,-0.0075904612782389,-0.0201359394901041,-0.060125950388574205,-1.9388579438997002,0.011799956390740312,0.3333333333333333,1.0986122886681098,1.0986122886681098
반도체_수출,2018-08-13/2018-08-19,2018-08-16,10,5,0.26666666666666666,0.7423685817106696,0.6,0.3,0.79877,반도체,2018-08-16,-0.042036347608792005,-0.006279283671271799,-0.003025103134530199,-0.8170230182598459,-0.1260785436963782,0.26666666666666666,1.6094379124341003,2.302585092994046
반도체_수출,2018-08-20/2018-08-26,2018-08-21,14,6,0.5,0.5,0.6428571428571429,0.21428571428571427,0.9792,반도체,2018-08-21,-0.031920627982674296,0.0171101502128873,0.019758579688585,-1.5735475302652286,-0.18241503140395465,0.5,1.791759469228055,2.6390573296152584
반도체_수출,2018-08-27/2018-09-02,2018-08-31,5,4,0.75,0.4330127018922193,0.8,0.2,2.0334399999999997,반도체,2018-08-31,0.0188656927804268,0.008262050153796198,-0.0217448390339149,-0.4143544795916494,-0.3661134843738799,0.75,1.3862943611198906,1.6094379124341003
반도체_수출,2018-09-03/2018-09-09,2018-09-03,4,4,0.0,1.0,0.5,0.5,0.39377500000000004,반도체,2018-09-03,0.023569513305127198,0.0022331325944040994,-0.0255370494832108,1.049350756429357,-0.4974138387720563,0.0,1.3862943611198906,1.3862943611198906
반도체_수출,2019-02-25/2019-03-03,2019-03-01,16,8,-0.6785714285714286,0.6614378277661477,0.1875,0.6875,-1.57255,반도체,2019-03-04,-0.013256299588815,-0.0015950927450941003,0.0106618747324619,-0.8420366927276266,-0.44630901591467875,0.6785714285714286,2.0794415416798357,2.772588722239781
반도체_수출,2019-03-04/2019-03-10,2019-03-04,17,8,-0.4,0.848528137423857,0.35294117647058826,0.6470588235294118,-0.3070117647058823,반도체,2019-03-04,-0.013256299588815,-0.0015950927450941003,0.0106618747324619,-0.8420366927276266,-0.44630901591467875,0.4,2.0794415416798357,2.833213344056216
반도체_수출,2019-08-26/2019-09-01,2019-09-01,44,13,-0.44487179487179496,0.5220924622315483,0.1590909090909091,0.4772727272727273,-1.203025,반도체,2019-09-02,-0.008480253618795203,0.014939301494967097,0.056219576401179895,0.12724649243204667,-0.008432372424987991,0.44487179487179496,2.5649493574615367,3.784189633918261
반도체_수출,2019-09-02/2019-09-08,2019-09-02,25,12,-0.3194444444444445,0.7215541782144743,0.28,0.44,-0.47,반도체,2019-09-02,-0.008480253618795203,0.014939301494967097,0.056219576401179895,0.12724649243204667,-0.008432372424987991,0.3194444444444445,2.4849066497880004,3.2188758248682006
반도체_수출,2020-02-03/2020-02-09,2020-02-06,10,6,-0.8666666666666667,0.29814239699997197,0.1,0.7,-1.82865,반도체,2020-02-06,-0.005315092344394687,-0.019213614387651595,0.016652636977199806,0.020061740972117548,-0.41363274810425693,0.8666666666666667,1.791759469228055,2.302585092994046
반도체_수출,2020-02-10/2020-02-16,2020-02-12,10,7,-0.38095238095238093,0.6998542122237652,0.1,0.6,-1.5704200000000001,반도체,2020-02-12,-0.016961120777944094,0.0300315802591654,0.0382965101682267,0.4577547950592251,0.17603658519838883,0.38095238095238093,1.9459101490553132,2.302585092994046
반도체_수출,2020-02-17/2020-02-23,2020-02-21,31,11,-0.34848484848484856,0.6080459904794278,0.2903225806451613,0.5161290322580645,-0.3861774193548388,반도체,2020-02-21,0.015522008429960498,0.0018827398190760947,-0.039456613060038406,0.5098961965972908,0.42602447743886995,0.34848484848484856,2.3978952727983707,3.4339872044851463
반도체_수출,2020-02-24/2020-03-01,2020-03-01,16,7,-0.42857142857142855,0.7284313590846836,0.1875,0.8125,-1.6853375,반도체,2020-03-02,-0.040038909675419704,0.027789070524399904,0.023656725295995808,0.27776701288129324,0.7711100167288081,0.42857142857142855,1.9459101490553132,2.772588722239781
반도체_수출,2020-03-02/2020-03-08,2020-03-02,5,4,-0.5,0.8660254037844386,0.2,0.8,-1.1888400000000001,반도체,2020-03-02,-0.040038909675419704,0.027789070524399904,0.023656725295995808,0.27776701288129324,0.7711100167288081,0.5,1.3862943611198906,1.6094379124341003
반도체_수출,2020-08-03/2020-08-09,2020-08-06,4,3,-0.6666666666666666,0.4714045207910317,0.25,0.75,-1.070475,반도체,2020-08-06,-0.0065891354265134,-0.0240469691343927,-0.07425675053343729,0.09618015607279062,-1.0462305040441633,0.6666666666666666,1.0986122886681098,1.3862943611198906
반도체_수출,2020-08-10/2020-08-16,2020-08-14,12,7,-0.42857142857142855,0.7284313590846835,0.16666666666666666,0.6666666666666666,-1.616875,반도체,2020-08-14,-0.058314504271624296,-0.0144435113518243,-0.015895355094607194,-0.054791148161058345,0.46943830121341723,0.42857142857142855,1.9459101490553132,2.4849066497880004
반도체_수출,2020-08-17/2020-08-23,2020-08-21,22,7,-0.8091836734693878,0.27496923458212663,0.09090909090909091,0.7727272727272727,-1.6822772727272728,반도체,2020-08-21,-0.016033385394229396,0.0072659798891654016,-0.0026686966912402967,0.1009780423824882,-0.378746124612848,0.8091836734693878,1.9459101490553132,3.091042453358316
반도체_수출,2020-08-24/2020-08-30,2020-08-27,14,7,-0.37755102040816324,0.6837496150102431,0.2857142857142857,0.5714285714285714,-0.5347714285714285,반도체,2020-08-27,-0.018988817856441395,-0.005541456337107698,0.0251642651043271,-0.2535375409404157,-0.3568822173201496,0.37755102040816324,1.9459101490553132,2.6390573296152584
반도체_수출,2020-08-31/2020-09-06,2020-09-01,22,9,-0.027777777777777776,0.8202679477907444,0.36363636363636365,0.5909090909090909,-0.9884227272727273,반도체,2020-09-01,0.0052507276744337035,0.002830717434552499,0.013703844945897097,0.23569596498075818,-0.1138558360313383,0.027777777777777776,2.1972245773362196,3.091042453358316
반도체_수출,2021-02-15/2021-02-21,2021-02-15,6,4,0.5833333333333333,0.4330127018922193,0.5,0.0,1.46755,반도체,2021-02-15,-0.004539063111180099,0.0394011977685129,0.038087581461812396,0.7935654421535947,0.5678106309698124,0.5833333333333333,1.3862943611198906,1.791759469228055
반도체_수출,2021-02-22/2021-02-28,2021-02-25,29,9,0.29012345679012347,0.49950440306528165,0.4482758620689655,0.1724137931034483,0.7726551724137932,반도체,2021-02-25,-0.015679365118039097,0.0093978818071404,-0.0008843189375671006,0.4816264959102661,0.5524617496597684,0.29012345679012347,2.1972245773362196,3.367295829986474
반도체_수출,2021-03-01/2021-03-07,2021-03-01,16,8,0.3958333333333333,0.8246948088703953,0.6875,0.1875,1.4503125,반도체,2021-03-02,-0.0037007510046388973,8.218192459510075e-05,-0.029742506351795102,0.29358704252045165,0.020287802275922407,0.3958333333333333,2.0794415416798357,2.772588722239781
반도체_수출,2021-08-16/2021-08-22,2021-08-18,4,3,0.6666666666666666,0.4714045207910317,0.75,0.25,0.68615,반도체,2021-08-18,-0.059597405930530006,-0.0029370269943085996,0.006190406630387699,0.25386380261857333,0.6887682713931255,0.6666666666666666,1.0986122886681098,1.3862943611198906
반도체_수출,2021-08-23/2021-08-29,2021-08-23,16,9,0.6481481481481481,0.41902624070313926,0.75,0.1875,1.44515625,반도체,2021-08-23,-0.007255379076714301,0.0135284119073124,0.0103727435955089,-0.1415252689224662,0.10460287110056167,0.6481481481481481,2.1972245773362196,2.772588722239781
반도체_수출,2021-08-30/2021-09-05,2021-09-01,19,9,-0.16666666666666666,0.816496580927726,0.3684210526315789,0.5789473684210527,-0.14683157894736845,반도체,2021-09-01,-0.0094691164225835,0.0037230444109359003,-0.0027031695748208993,-0.7997979391399905,-0.6977957900950265,0.16666666666666666,2.1972245773362196,2.9444389791664403
반도체_수출,2022-02-21/2022-02-27,2022-02-25,42,12,-0.14682539682539683,0.567266034007301,0.16666666666666666,0.2857142857142857,-0.15286666666666668,반도체,2022-02-25,-0.005130305050647703,0.0087447531068276,0.012042630931410302,-0.27596602057248454,0.17836235681971954,0.14682539682539683,2.4849066497880004,3.7376696182833684
반도체_수출,2022-02-28/2022-03-06,2022-03-01,65,13,0.2758241758241758,0.5063540496995862,0.4,0.3076923076923077,0.18985384615384612,반도체,2022-03-02,0.007671596147246598,0.013641462124368101,-0.0006650014580070005,-0.299377215651802,0.27799815331973926,0.2758241758241758,2.5649493574615367,4.174387269895637
반도체_수출,2022-08-22/2022-08-28,2022-08-23,6,4,-0.5,0.8660254037844386,0.16666666666666666,0.8333333333333334,-1.6577166666666665,반도체,2022-08-23,0.010494785395259906,-0.0075882625535595005,0.0029137957553292022,-0.4380747070065958,0.1423932528009452,0.5,1.3862943611198906,1.791759469228055
반도체_수출,2022-08-29/2022-09-04,2022-09-01,66,14,-0.41712018140589563,0.5293366671523542,0.24242424242424243,0.6212121212121212,-0.8204560606060607,반도체,2022-09-01,0.021311410411950102,-0.013781505777579901,-0.034192580580974005,-0.23511772890107885,-0.6807269931866536,0.41712018140589563,2.6390573296152584,4.189654742026425
반도체_수출,2022-09-05/2022-09-11,2022-09-05,6,4,-0.625,0.414578098794425,0.16666666666666666,0.6666666666666666,-0.6034999999999998,반도체,2022-09-05,-0.009999032665531,-0.008873964426737501,-0.0209461459667325,-0.2698011729919081,-0.0428912782599017,0.625,1.3862943611198906,1.791759469228055
반도체_수출,2023-02-27/2023-03-05,2023-03-01,74,12,-0.6503968253968254,0.25616885148993224,0.13513513513513514,0.7027027027027027,-1.0220202702702703,반도체,2023-03-02,-0.00018415678754910014,-0.009879401447044,-0.006932422907938802,-0.11744075974013946,-0.40714194445093443,0.6503968253968254,2.4849066497880004,4.30406509320417
반도체_수출,2023-08-28/2023-09-03,2023-09-01,42,12,-0.1208333333333333,0.5889855135613993,0.14285714285714285,0.35714285714285715,-0.6244785714285713,반도체,2023-09-01,0.0012057892832654012,0.006797635975865598,-0.0210065355898204,-0.36008240866806496,-0.47957065180892006,0.1208333333333333,2.4849066497880004,3.7376696182833684
반도체_수출,2023-09-04/2023-09-10,2023-09-04,28,13,0.1294871794871795,0.7628711467789112,0.5,0.35714285714285715,0.6753642857142855,반도체,2023-09-04,0.045558086179963396,-0.0105431238141188,-0.053788461500738,-0.7192705294162973,-0.9076202091543776,0.1294871794871795,2.5649493574615367,3.332204510175204
반도체_수출,2024-02-19/2024-02-25,2024-02-21,15,8,-0.08333333333333333,0.6346477588219923,0.26666666666666666,0.3333333333333333,-0.31787333333333334,반도체,2024-02-21,-0.0144782287828882,0.0191224046058892,0.031822094795635705,0.5760642423586386,0.015601961879658642,0.08333333333333333,2.0794415416798357,2.70805020110221
반도체_수출,2024-02-26/2024-03-03,2024-02-28,41,11,0.6621212121212121,0.566046492588964,0.7560975609756098,0.12195121951219512,1.6513634146341463,반도체,2024-02-28,0.018742113202511602,0.010792589057209602,0.042941513843898,0.5842587353046298,0.22690090001985566,0.6621212121212121,2.3978952727983707,3.713572066704308
반도체_수출,2024-03-04/2024-03-10,2024-03-04,17,7,0.11904761904761904,0.6826319612776881,0.5294117647058824,0.47058823529411764,0.4175705882352942,반도체,2024-03-04,0.010412297653832002,0.033140957103092596,0.0330678772354263,0.3003806183297488,0.27307912965631664,0.11904761904761904,1.9459101490553132,2.833213344056216
반도체_수출,2024-08-19/2024-08-25,2024-08-21,14,8,0.125,0.8926785535678563,0.5714285714285714,0.2857142857142857,0.7778071428571428,반도체,2024-08-21,0.0433186838313366,-0.032578591257148695,-0.0900012532422822,-0.17041257034666835,-0.3796980882503485,0.125,2.0794415416798357,2.6390573296152584
반도체_수출,2024-08-26/2024-09-01,2024-09-01,37,12,0.2673611111111111,0.565055494789103,0.5675675675675675,0.32432432432432434,0.7580621621621622,반도체,2024-09-02,-0.044910865103154105,-0.0305616644004238,-0.0633717217796971,-0.24694237142549902,-0.1846187172226884,0.2673611111111111,2.4849066497880004,3.6109179126442243
반도체_수출,2024-09-02/2024-09-08,2024-09-02,21,9,0.3888888888888889,0.6136311676215145,0.42857142857142855,0.38095238095238093,0.5579238095238094,반도체,2024-09-02,-0.044910865103154105,-0.0305616644004238,-0.0633717217796971,-0.24694237142549902,-0.1846187172226884,0.3888888888888889,2.1972245773362196,3.044522437723423
반도체_수출,2025-02-17/2025-02-23,2025-02-19,14,9,-0.09259259259259259,0.7662281802065629,0.21428571428571427,0.42857142857142855,-0.5535642857142858,반도체,2025-02-19,0.002191843776427102,0.0036521475920959032,-0.026921979360022497,0.20311934997296355,-0.12692760370299552,0.09259259259259259,2.1972245773362196,2.6390573296152584
반도체_수출,2025-02-24/2025-03-02,2025-03-01,51,13,-0.32416173570019724,0.6022559634616932,0.23529411764705882,0.5686274509803921,-0.5403607843137256,반도체,2025-03-04,-0.0466194904063539,-0.0120815508696791,-0.0317678091536848,0.11947567192824415,-0.669078819376427,0.32416173570019724,2.5649493574615367,3.9318256327243257
반도체_수출,2025-03-03/2025-03-09,2025-03-04,29,11,-0.6515151515151515,0.3790907879756607,0.10344827586206896,0.7931034482758621,-1.081062068965517,반도체,2025-03-04,-0.0466194904063539,-0.0120815508696791,-0.0317678091536848,0.11947567192824415,-0.669078819376427,0.6515151515151515,2.3978952727983707,3.367295829986474
반도체_수출,2025-08-25/2025-08-31,2025-08-29,27,11,-0.6717171717171717,0.3786194911917437,0.0,0.7777777777777778,-1.5123074074074074,반도체,2025-08-29,0.0294186083521611,-0.014018869790253699,0.002341908029593701,-0.3341004372973213,-0.02421280022098276,0.6717171717171717,2.3978952727983707,3.295836866004329
반도체_수출,2025-09-01/2025-09-07,2025-09-01,61,14,-0.2973574045002616,0.5160130669787432,0.29508196721311475,0.4426229508196721,0.03128360655737705,반도체,2025-09-01,0.0349732615559718,-0.021711387825846397,0.007217704505628107,-0.32661888841528963,0.055312064920668286,0.2973574045002616,2.6390573296152584,4.110873864173311
부동산_대출,2016-08-08/2016-08-14,2016-08-11,10,5,0.016666666666666653,0.659123997776173,0.3,0.3,-0.67796,건설,2016-08-11,-0.0019130765232903977,0.014403493308360299,0.025208247580862604,-0.5806215091549465,-0.3079266356309831,0.016666666666666653,1.6094379124341003,2.302585092994046
부동산_대출,2016-08-15/2016-08-21,2016-08-21,12,6,0.36111111111111116,0.7723021541365468,0.5833333333333334,0.3333333333333333,0.49347499999999983,건설,2016-08-22,0.030679304037803303,0.0047260409379161,-0.0235476819267817,0.12225534311402342,-0.26115647644809575,0.36111111111111116,1.791759469228055,2.4849066497880004
부동산_대출,2016-08-22/2016-08-28,2016-08-25,8,5,-0.2,0.7483314773547883,0.25,0.5,0.09443750000000006,건설,2016-08-25,0.003700423484760001,0.0064509731114983,0.0057187128705623,-0.8184009943743327,-0.29011755850369725,0.2,1.6094379124341003,2.0794415416798357
부동산_대출,2016-08-29/2016-09-04,2016-08-29,15,10,-0.55,0.65,0.06666666666666667,0.7333333333333333,-1.3964533333333333,건설,2016-08-29,-0.004115905937802702,-0.019613617016432897,-0.007348528151194998,0.26686474335274113,-0.19532577860466555,0.55,2.302585092994046,2.70805020110221
부동산_대출,2016-12-26/2017-01-01,2016-12-27,3,3,-0.3333333333333333,0.9428090415820634,0.3333333333333333,0.6666666666666666,-1.5939666666666668,건설,2016-12-27,0.009515069150465391,0.01731252525848,0.0440043892044669,0.349932108428618,-0.8898041905163051,0.3333333333333333,1.0986122886681098,1.0986122886681098
부동산_대출,2017-01-09/2017-01-15,2017-01-15,4,4,0.0,0.7071067811865476,0.25,0.25,0.07037499999999997,건설,2017-01-16,-0.021716790347308997,-0.013339439992126199,-0.0281898315769425,-0.15979311511921424,-0.9037587383835758,0.0,1.3862943611198906,1.3862943611198906
부동산_대출,2017-01-23/2017-01-29,2017-01-24,6,5,-0.1,0.9165151389911681,0.3333333333333333,0.5,-1.1317333333333333,건설,2017-01-24,-0.027322170986153596,-0.020240521429970102,0.017908316335853096,-0.08329031824090727,0.3412943769354695,0.1,1.6094379124341003,1.791759469228055
부동산_대출,2017-01-30/2017-02-05,2017-02-05,9,5,-0.4,0.48989794855663565,0.2222222222222222,0.4444444444444444,-0.4512888888888889,건설,2017-02-06,0.0300684387688366,0.0007816028740736997,0.0325708909000776,-0.3201665279810957,-0.14918701348626995,0.4,1.6094379124341003,2.1972245773362196
부동산_대출,2017-02-06/2017-02-12,2017-02-07,7,5,-0.2,0.9797958971132713,0.2857142857142857,0.7142857142857143,-0.7266000000000001,건설,2017-02-07,0.010254028994699297,0.002521003955316,0.033218727499248105,-0.2433425319404261,-0.03252834819035094,0.2,1.6094379124341003,1.9459101490553132
부동산_대출,2017-02-13/2017-02-19,2017-02-15,5,3,0.8888888888888888,0.15713484026367724,0.8,0.0,1.48448,건설,2017-02-15,0.032039539722848495,-0.0017932722721178003,-0.013432782469566697,-0.20121349325593663,-0.16862387446290517,0.8888888888888888,1.0986122886681098,1.6094379124341003
부동산_대출,2017-02-20/2017-02-26,2017-02-20,9,5,0.06666666666666665,0.9043106644167025,0.6666666666666666,0.3333333333333333,0.5017444444444444,건설,2017-02-20,-0.0095043553748978,-0.0088296680152868,0.003092659097236203,1.1722273916475956,0.06830370079960173,0.06666666666666665,1.6094379124341003,2.1972245773362196
부동산_대출,2017-02-27/2017-03-05,2017-03-02,8,4,0.4583333333333333,0.36084391824351614,0.625,0.125,1.255125,건설,2017-03-02,0.005551416326867801,0.009559918735814597,0.0022863673390529013,-0.25561316976666504,0.09116605484186278,0.4583333333333333,1.3862943611198906,2.0794415416798357
부동산_대출,2017-06-12/2017-06-18,2017-06-14,5,3,-0.16666666666666666,0.23570226039551584,0.0,0.2,-0.22635999999999998,건설,2017-06-14,-0.0090466162513973,-0.005909169717316401,-0.020502707158632092,-0.322989832093306,-0.19365101749784544,0.16666666666666666,1.0986122886681098,1.6094379124341003
부동산_대출,2017-06-19/2017-06-25,2017-06-19,5,4,-0.125,0.5448623679425842,0.2,0.2,0.19068000000000002,건설,2017-06-19,0.005104309875438407,-0.0279456404161483,-0.023934343462853697,-0.3117488562773385,0.3218014837174469,0.125,1.3862943611198906,1.6094379124341003
부동산_대출,2017-07-03/2017-07-09,2017-07-03,6,5,-0.1,0.4898979485566356,0.16666666666666666,0.16666666666666666,-0.40690000000000004,건설,2017-07-03,0.006428478274324802,-0.0002181393516274997,0.0123489747869742,-0.717294956890127,-0.3130825579242179,0.1,1.6094379124341003,1.791759469228055
부동산_대출,2017-07-31/2017-08-06,2017-08-01,3,3,0.3333333333333333,0.9428090415820634,0.6666666666666666,0.3333333333333333,0.9405333333333332,건설,2017-08-01,-0.017008234730460897,-0.0120110768867399,-0.0365855254638086,-0.11472608312731225,0.3451320389438789,0.3333333333333333,1.0986122886681098,1.0986122886681098
부동산_대출,2017-08-14/2017-08-20,2017-08-16,7,6,-0.16666666666666666,0.6871842709362769,0.2857142857142857,0.42857142857142855,-0.2045285714285714,건설,2017-08-16,-0.009567127237640296,-0.0063679748315431,-0.0119173920266171,-1.431856282879684,-1.1205494197777446,0.16666666666666666,1.791759469228055,1.9459101490553132
부동산_대출,2017-08-21/2017-08-27,2017-08-21,16,7,-0.40238095238095234,0.5648731119933584,0.25,0.5,-0.5505312500000001,건설,2017-08-21,-0.011912550833799797,-0.010046590116492601,-0.0014936623600326996,-1.176485570388449,-1.1143840765495976,0.40238095238095234,1.9459101490553132,2.772588722239781
부동산_대출,2017-08-28/2017-09-03,2017-08-28,8,5,0.4333333333333334,0.69602043392737,0.375,0.25,0.38066249999999996,건설,2017-08-28,-0.0102643858645876,0.01640767971328,0.012041887099221498,-1.5086106103154737,-0.06419904722538602,0.4333333333333334,1.6094379124341003,2.0794415416798357
부동산_대출,2017-09-04/2017-09-10,2017-09-04,3,3,1.0,0.0,1.0,0.0,1.508,건설,2017-09-04,0.017723607459012698,-0.0025922652478072997,-0.05259398713090789,-0.7588109006684309,-0.13454785736503105,1.0,1.0986122886681098,1.0986122886681098
부동산_대출,2017-10-16/2017-10-22,2017-10-16,3,3,-0.3333333333333333,0.4714045207910317,0.0,0.3333333333333333,-0.4043333333333334,건설,2017-10-16,-0.0150333566600952,0.0012482489064250995,0.006317281063015199,-0.7365349780862687,-0.6429513291870046,0.3333333333333333,1.0986122886681098,1.0986122886681098
부동산_대출,2017-11-20/2017-11-26,2017-11-26,6,4,-0.5,0.8660254037844386,0.16666666666666666,0.8333333333333334,-1.5890666666666666,건설,2017-11-27,-0.014806977703997902,0.0190853721700211,0.03843033193352431,-0.38368942530489036,-0.36218486711736875,0.5,1.3862943611198906,1.791759469228055
부동산_대출,2017-12-04/2017-12-10,2017-12-08,3,3,-0.3333333333333333,0.4714045207910317,0.0,0.3333333333333333,-0.19926666666666668,건설,2017-12-08,0.0011856668554552016,-0.0236292500096566,0.005166026866572199,-0.7643869033261197,0.2686120611406404,0.3333333333333333,1.0986122886681098,1.0986122886681098
부동산_대출,2017-12-18/2017-12-24,2017-12-21,3,3,-0.3333333333333333,0.9428090415820634,0.3333333333333333,0.6666666666666666,-0.8715333333333334,건설,2017-12-21,0.013480504093211108,0.0025856871725631015,0.0386372263696158,-1.0001173475069134,-0.1678962214592587,0.3333333333333333,1.0986122886681098,1.0986122886681098
부동산_대출,2018-01-01/2018-01-07,2018-01-01,5,5,-1.0,0.0,0.0,1.0,-1.87758,건설,2018-01-02,0.0258974851770447,0.0013570451870527009,0.036486627096797404,0.5190717803225091,-0.19839933268333507,1.0,1.6094379124341003,1.6094379124341003
부동산_대출,2018-02-19/2018-02-25,2018-02-20,4,4,0.5,0.8660254037844386,0.75,0.25,0.823,건설,2018-02-20,-0.008562899318666495,-0.0080299696566862,-0.022127437062667704,-0.6842583133298685,-0.21129608997794483,0.5,1.3862943611198906,1.3862943611198906
부동산_대출,2018-02-26/2018-03-04,2018-02-26,17,9,0.1388888888888889,0.5879447357921312,0.35294117647058826,0.17647058823529413,0.18678235294117643,건설,2018-02-26,0.022617719864226202,-0.0136197366178223,-0.0463387687020586,-0.7817570656969419,-0.2642795541601669,0.1388888888888889,2.1972245773362196,2.833213344056216
부동산_대출,2018-06-11/2018-06-17,2018-06-14,3,3,-1.0,0.0,0.0,1.0,-2.4179,건설,2018-06-14,-0.003357115498108,-0.021339669929563498,-0.032730917915633,0.2770515491770169,-0.07992423295336996,1.0,1.0986122886681098,1.0986122886681098
부동산_대출,2018-08-06/2018-08-12,2018-08-09,4,3,-0.3333333333333333,0.9428090415820634,0.25,0.75,-1.2846250000000001,건설,2018-08-09,-0.015872425265126902,0.025206144327231502,0.029280118449442602,-1.373117379392074,-0.4351398227243803,0.3333333333333333,1.0986122886681098,1.3862943611198906
부동산_대출,2018-08-20/2018-08-26,2018-08-20,4,3,0.3333333333333333,0.4714045207910317,0.5,0.25,0.7603749999999999,건설,2018-08-20,0.0302621123287682,0.0021185822814466996,-0.002684080308980097,-1.1392294841229518,-0.7527937521292445,0.3333333333333333,1.0986122886681098,1.3862943611198906
부동산_대출,2018-08-27/2018-09-02,2018-08-27,16,8,-0.5625,0.6817945071647321,0.1875,0.75,-1.03905625,건설,2018-08-27,0.017855370588566503,-0.0085437054032763,-0.022274523275692498,-0.12552631375148415,-0.6288899961870675,0.5625,2.0794415416798357,2.772588722239781
부동산_대출,2018-09-03/2018-09-09,2018-09-03,8,6,-0.38888888888888884,0.7307192465536615,0.25,0.625,-0.785075,건설,2018-09-03,-0.023073846496417597,0.006123627054306799,0.08744847578353951,-0.49214569846923517,0.0179570642454652,0.38888888888888884,1.791759469228055,2.0794415416798357
부동산_대출,2018-09-10/2018-09-16,2018-09-16,5,4,-0.375,0.414578098794425,0.0,0.4,-0.4500400000000001,건설,2018-09-17,0.0351604646080913,-0.0114363292001026,-0.0198386522790872,0.3070718873053728,-0.4020792162300515,0.375,1.3862943611198906,1.6094379124341003
부동산_대출,2018-09-24/2018-09-30,2018-09-30,3,3,-0.3333333333333333,0.9428090415820634,0.3333333333333333,0.6666666666666666,0.32126666666666664,건설,2018-10-01,-0.004557498992397303,0.014321861632532499,-0.0233369502932039,0.7032871247246693,0.03207367788920348,0.3333333333333333,1.0986122886681098,1.0986122886681098
부동산_대출,2019-02-11/2019-02-17,2019-02-14,7,5,-0.1,0.66332495807108,0.14285714285714285,0.42857142857142855,-0.7614142857142857,건설,2019-02-14,-0.003555143175620821,0.0008252478649292995,-0.0169249041849275,0.11874410019562376,-1.7317088089124497,0.1,1.6094379124341003,1.9459101490553132
부동산_대출,2019-02-18/2019-02-24,2019-02-22,7,6,-0.08333333333333333,0.8374896350934075,0.2857142857142857,0.42857142857142855,-0.5768714285714286,건설,2019-02-22,-0.0058550251018976,-0.0032265358750573,-0.040187925319040196,-0.2978812564715394,0.01418545913272353,0.08333333333333333,1.791759469228055,1.9459101490553132
부동산_대출,2019-04-01/2019-04-07,2019-04-05,3,3,-0.3333333333333333,0.9428090415820634,0.3333333333333333,0.6666666666666666,-0.7867666666666667,건설,2019-04-05,0.0024809396361426,0.0059709659065453995,-0.008969985359994718,0.2401047088798336,-0.761888447279689,0.3333333333333333,1.0986122886681098,1.0986122886681098
부동산_대출,2019-04-08/2019-04-14,2019-04-10,3,3,0.0,0.0,0.0,0.0,-0.5334333333333333,건설,2019-04-10,-0.007049807206758501,-0.0017876222482930179,-0.008287583842459218,-0.7635547995992216,-2.5108182064472997,0.0,1.0986122886681098,1.0986122886681098
부동산_대출,2019-08-05/2019-08-11,2019-08-08,6,3,-0.27777777777777773,0.20786985482077452,0.0,0.3333333333333333,-1.18685,건설,2019-08-08,-0.0286384627984098,0.020902760011539796,0.0033143455820019985,0.4905435603057917,0.2458905847583625,0.27777777777777773,1.0986122886681098,1.791759469228055
부동산_대출,2019-08-12/2019-08-18,2019-08-18,3,3,-0.3333333333333333,0.4714045207910317,0.0,0.3333333333333333,-0.42463333333333336,건설,2019-08-19,-0.0168229148877993,0.012184542735401498,0.006019939342536897,0.18759311318831173,0.21306252528233238,0.3333333333333333,1.0986122886681098,1.0986122886681098
부동산_대출,2019-08-19/2019-08-25,2019-08-22,9,8,0.0625,0.8816709987291178,0.4444444444444444,0.3333333333333333,0.2758444444444444,건설,2019-08-22,0.012904528554212799,-0.006848939294715801,-0.006724769167975605,-0.3192013684882298,-0.09816350673136812,0.0625,2.0794415416798357,2.1972245773362196
부동산_대출,2019-08-26/2019-09-01,2019-08-28,8,6,-0.4166666666666667,0.6066758241067098,0.125,0.5,-0.8457375,건설,2019-08-28,-0.002631942724383703,0.003204672698463899,-0.007543706159665401,-0.45123086952043145,-0.18254188755056872,0.4166666666666667,1.791759469228055,2.0794415416798357
부동산_대출,2019-09-02/2019-09-08,2019-09-02,7,6,-0.3333333333333333,0.4714045207910317,0.14285714285714285,0.42857142857142855,-0.3772142857142858,건설,2019-09-02,0.007487093923453695,-0.0064919279968613,-0.024130046324277,-0.4668775020391358,-0.9533301643665605,0.3333333333333333,1.791759469228055,1.9459101490553132
부동산_대출,2019-11-04/2019-11-10,2019-11-06,5,5,-1.0,0.0,0.0,1.0,-2.20512,건설,2019-11-06,0.0246202827431558,-0.00615613674599765,-0.017807386544580948,0.20053082146455026,-1.066703874762775,1.0,1.6094379124341003,1.6094379124341003
부동산_대출,2019-12-02/2019-12-08,2019-12-05,3,3,-0.6666666666666666,0.4714045207910317,0.0,0.6666666666666666,-1.5540000000000003,건설,2019-12-05,-0.017358024914617895,-0.002402156560091501,-0.0018597613135674,-0.4649219251951564,-0.4655513872435625,0.6666666666666666,1.0986122886681098,1.0986122886681098
부동산_대출,2019-12-16/2019-12-22,2019-12-20,5,4,-0.25,0.4330127018922193,0.2,0.4,-1.4845,건설,2019-12-20,-0.025369756986273397,0.0005213675321231004,0.0219348500418765,-0.5300736977746467,-0.6315715822302782,0.25,1.3862943611198906,1.6094379124341003
부동산_대출,2020-02-10/2020-02-16,2020-02-10,10,5,0.3,0.39999999999999997,0.5,0.2,0.8112299999999999,건설,2020-02-10,-0.010996595107102082,0.0046627781021279,-0.032960776249827996,-0.5200133469952384,-0.03223906940423884,0.3,1.6094379124341003,2.302585092994046
부동산_대출,2020-02-17/2020-02-23,2020-02-17,11,8,-0.0625,0.7261843774138906,0.2727272727272727,0.45454545454545453,-0.6770727272727272,건설,2020-02-17,-0.031617430400648294,0.001622723379642799,-0.021022902012446602,-0.38014231183297653,0.16835559804176747,0.0625,2.0794415416798357,2.3978952727983707
부동산_대출,2020-02-24/2020-03-01,2020-02-28,9,5,0.2,0.7483314773547883,0.5555555555555556,0.4444444444444444,-0.2148888888888889,건설,2020-02-28,0.005756622381825895,-0.0029670164460366983,-0.001684357803228593,-0.1041360150273789,0.4152748526483198,0.2,1.6094379124341003,2.1972245773362196
부동산_대출,2020-03-02/2020-03-08,2020-03-02,4,3,-0.6666666666666666,0.4714045207910317,0.25,0.75,-0.5468500000000001,건설,2020-03-02,0.018163425932578393,-0.0046847010617137004,-0.02371616938857459,-0.31188248626939163,0.8094501839525626,0.6666666666666666,1.0986122886681098,1.3862943611198906
부동산_대출,2020-06-15/2020-06-21,2020-06-17,3,3,0.0,0.816496580927726,0.3333333333333333,0.3333333333333333,-0.25229999999999997,건설,2020-06-17,-0.0477775229448812,0.0021325325481234003,0.020584810397160397,-0.7834693227704381,-0.7928133317851433,0.0,1.0986122886681098,1.0986122886681098
부동산_대출,2020-08-10/2020-08-16,2020-08-12,4,3,0.0,0.0,0.0,0.0,0.163425,건설,2020-08-12,-0.0107732011745129,-0.0136640773252471,-0.0379190517647432,0.8302826186406893,0.3770214982031096,0.0,1.0986122886681098,1.3862943611198906
부동산_대출,2020-08-24/2020-08-30,2020-08-30,5,4,-0.625,0.414578098794425,0.0,0.6,-1.39446,건설,2020-08-31,0.013487996080774504,0.0249060586457109,0.0144114237419316,0.19646448067042677,0.021832709134507442,0.625,1.3862943611198906,1.6094379124341003
부동산_대출,2020-08-31/2020-09-06,2020-09-01,15,9,-0.574074074074074,0.43822813208145306,0.0,0.6,-1.7304066666666666,건설,2020-09-01,0.023633116127583606,0.017254831157815,-0.0024490546861225,0.23355665074162246,0.027509761397769786,0.574074074074074,2.1972245773362196,2.70805020110221
부동산_대출,2020-12-14/2020-12-20,2020-12-14,3,3,-0.3333333333333333,0.9428090415820634,0.3333333333333333,0.6666666666666666,-0.5696666666666667,건설,2020-12-14,0.0583694397087518,-0.0316229481323445,-0.014672314616941705,1.3323739148666505,0.12253226600540656,0.3333333333333333,1.0986122886681098,1.0986122886681098
부동산_대출,2021-02-01/2021-02-07,2021-02-06,9,7,-0.8571428571428571,0.3499271061118826,0.0,0.7777777777777778,-1.6495222222222221,건설,2021-02-08,0.009200436766270106,0.0210444866726077,0.026920846815475297,0.2506915799156335,-2.5681187806451162,0.8571428571428571,1.9459101490553132,2.1972245773362196
부동산_대출,2021-02-08/2021-02-14,2021-02-08,7,5,-0.8,0.4000000000000001,0.14285714285714285,0.8571428571428571,-1.2109714285714284,건설,2021-02-08,0.009200436766270106,0.0210444866726077,0.026920846815475297,0.2506915799156335,-2.5681187806451162,0.8,1.6094379124341003,1.9459101490553132
부동산_대출,2021-02-15/2021-02-21,2021-02-16,6,3,-0.5555555555555556,0.6285393610547089,0.3333333333333333,0.6666666666666666,-0.8031333333333333,건설,2021-02-16,-0.0019985768466458014,0.0134661402981078,0.041849308466683305,-0.1910929404158601,-0.3203176984850219,0.5555555555555556,1.0986122886681098,1.791759469228055
부동산_대출,2021-02-22/2021-02-28,2021-02-23,5,3,-0.3333333333333333,0.9428090415820634,0.2,0.8,-1.2122,건설,2021-02-23,0.0310204043226995,-0.0059273907218454006,-0.0369103804781462,-0.242470627995921,0.20772089739342495,0.3333333333333333,1.0986122886681098,1.6094379124341003
부동산_대출,2021-03-01/2021-03-07,2021-03-03,8,6,0.25,0.5590169943749475,0.375,0.125,0.646,건설,2021-03-03,-0.033720290868016506,0.0064322698008144,-0.0023630155704781972,-1.1255179061950482,-0.5237454573956906,0.25,1.791759469228055,2.0794415416798357
부동산_대출,2021-04-26/2021-05-02,2021-04-27,4,4,-0.25,0.4330127018922193,0.0,0.25,0.65095,건설,2021-04-27,0.0367437717554313,0.0073641567194455,-0.0200936021639838,0.21072910675393786,-0.26672903255802016,0.25,1.3862943611198906,1.3862943611198906
부동산_대출,2021-08-23/2021-08-29,2021-08-24,12,6,-0.7777777777777777,0.3685138655950444,0.0,0.8333333333333334,-1.8292666666666666,건설,2021-08-24,-0.0428270841389854,0.030141669430586902,0.0585930558523411,-0.5154017303765048,0.6615056027298721,0.7777777777777777,1.791759469228055,2.4849066497880004
부동산_대출,2021-08-30/2021-09-05,2021-09-01,12,8,-0.625,0.6959705453537527,0.16666666666666666,0.8333333333333334,-1.28985,건설,2021-09-01,0.046777552932383296,0.0100324643698914,0.0140590913743733,-0.2329096300436344,-0.2937178558805051,0.625,2.0794415416798357,2.4849066497880004
부동산_대출,2021-10-11/2021-10-17,2021-10-15,4,4,-0.25,0.4330127018922193,0.0,0.25,-0.9947250000000001,건설,2021-10-15,0.009162027071879499,-0.004447297129375001,-0.0221506336178273,-0.48988247266542473,-0.2826842716268357,0.25,1.3862943611198906,1.3862943611198906
부동산_대출,2022-01-31/2022-02-06,2022-02-03,6,6,-0.3333333333333333,0.4714045207910317,0.0,0.3333333333333333,-1.3032333333333332,건설,2022-02-03,0.014379838597561898,0.007876445489604401,0.002229833200602097,-0.38009852128273813,0.4570281664378649,0.3333333333333333,1.791759469228055,1.791759469228055
부동산_대출,2022-02-07/2022-02-13,2022-02-13,6,4,-0.5,0.5,0.0,0.6666666666666666,-1.80615,건설,2022-02-15,-0.012509597264260704,-0.0210898560531813,0.0020268555738234013,-0.5434985417358078,0.629465753997413,0.5,1.3862943611198906,1.791759469228055
부동산_대출,2022-02-14/2022-02-20,2022-02-14,7,5,-0.9,0.20000000000000004,0.0,0.8571428571428571,-1.5398285714285715,건설,2022-02-15,-0.012509597264260704,-0.0210898560531813,0.0020268555738234013,-0.5434985417358078,0.629465753997413,0.9,1.6094379124341003,1.9459101490553132
부동산_대출,2022-02-21/2022-02-27,2022-02-21,12,6,0.05555555555555556,0.7556372504853024,0.16666666666666666,0.4166666666666667,-0.25977500000000003,건설,2022-02-21,-0.009403804328728695,0.004567674927293699,0.040324940189151795,0.19243358288533585,0.14905851044523535,0.05555555555555556,1.791759469228055,2.4849066497880004
부동산_대출,2022-02-28/2022-03-06,2022-03-01,10,7,0.0,0.7559289460184544,0.3,0.2,0.26274,건설,2022-03-02,0.029090838004336095,0.021787326862445097,0.056657060417561494,0.13223446683008966,0.09097474268448245,0.0,1.9459101490553132,2.302585092994046
부동산_대출,2022-07-04/2022-07-10,2022-07-08,3,3,-1.0,0.0,0.0,1.0,-1.9191666666666667,건설,2022-07-08,-0.041749650374724404,-0.0100880436489623,-0.044625846355911006,-0.3428707284802943,-0.41999516005882725,1.0,1.0986122886681098,1.0986122886681098
부동산_대출,2022-08-22/2022-08-28,2022-08-28,8,5,0.3,0.7483314773547882,0.5,0.125,-0.11827500000000002,건설,2022-08-29,0.028068701296638902,0.003869548165946401,-0.006231503119770601,0.0632986666338482,-0.15946361476691345,0.3,1.6094379124341003,2.0794415416798357
부동산_대출,2022-08-29/2022-09-04,2022-08-30,17,8,-0.28273809523809523,0.6986825044778866,0.23529411764705882,0.5294117647058824,-0.9182411764705882,건설,2022-08-30,0.033121213498243506,-0.0102693020181184,-0.016032975666308902,0.09572205892192365,-0.19849834995312038,0.28273809523809523,2.0794415416798357,2.833213344056216
부동산_대출,2022-09-05/2022-09-11,2022-09-05,4,3,-0.5,0.7071067811865476,0.25,0.5,-0.2980249999999999,건설,2022-09-05,-0.0120053157398648,0.0031361536675989996,0.005686552954970601,-0.4923382663515934,-0.541068112221897,0.5,1.0986122886681098,1.3862943611198906
부동산_대출,2022-11-07/2022-11-13,2022-11-10,3,3,1.0,0.0,1.0,0.0,1.8568666666666667,건설,2022-11-10,0.029808878588932792,0.004033318664550801,0.0107961910136425,0.4032888596870574,-0.14353224093619732,1.0,1.0986122886681098,1.0986122886681098
부동산_대출,2022-11-14/2022-11-20,2022-11-14,3,3,-0.6666666666666666,0.4714045207910317,0.0,0.6666666666666666,-1.7463333333333333,건설,2022-11-14,0.0029089606603225,0.020623549605761002,-0.000205068035559898,0.3746630504346715,-0.5184615178167563,0.6666666666666666,1.0986122886681098,1.0986122886681098
부동산_대출,2023-01-02/2023-01-08,2023-01-05,4,3,0.6666666666666666,0.4714045207910317,0.75,0.0,0.87005,건설,2023-01-05,0.012786559052181701,0.0279747232461055,0.013371144590093201,-0.16142503521906448,-0.2939859922450501,0.6666666666666666,1.0986122886681098,1.3862943611198906
부동산_대출,2023-01-30/2023-02-05,2023-01-30,4,4,0.75,0.4330127018922193,0.75,0.0,1.075475,건설,2023-01-30,0.006926398110274699,0.0461938932933171,0.019094893169226097,0.26362997828568346,0.253318377581458,0.75,1.3862943611198906,1.3862943611198906
부동산_대출,2023-02-27/2023-03-05,2023-03-02,11,6,-0.16666666666666666,0.6236095644623235,0.2727272727272727,0.2727272727272727,-0.433790909090909,건설,2023-03-02,-0.0206973463215739,0.0088410972948985,0.053774870233217094,0.10052165608173524,0.02019874676863413,0.16666666666666666,1.791759469228055,2.3978952727983707
부동산_대출,2023-08-28/2023-09-03,2023-08-31,3,3,-1.0,0.0,0.0,1.0,-2.197233333333333,건설,2023-08-31,0.008867142723917,-0.025213534157094104,-0.0423802359892374,-1.3802390920574368,-0.19056549908302334,1.0,1.0986122886681098,1.0986122886681098
부동산_대출,2023-09-04/2023-09-10,2023-09-05,4,4,0.0,1.0,0.5,0.5,-0.48532500000000006,건설,2023-09-05,-0.031941341450296507,-0.005318680873960599,-0.030675412541133797,-1.5195702763889471,-0.22312749326794598,0.0,1.3862943611198906,1.3862943611198906
부동산_대출,2024-03-04/2024-03-10,2024-03-05,4,3,-0.5,0.408248290463863,0.0,0.5,-1.4543750000000002,건설,2024-03-05,0.0008224411952020075,0.0034573398970002005,-0.0117309352840318,-0.38139710806433236,-0.5133052717065263,0.5,1.0986122886681098,1.3862943611198906
부동산_대출,2024-08-26/2024-09-01,2024-09-01,4,3,-0.3333333333333333,0.9428090415820634,0.5,0.5,0.024600000000000066,건설,2024-09-02,0.007963132473888407,0.0022326040520296974,-0.008209288265101606,-0.2723475056979101,-0.21339961820014433,0.3333333333333333,1.0986122886681098,1.3862943611198906
부동산_대출,2024-09-02/2024-09-08,2024-09-02,3,3,-1.0,0.0,0.0,1.0,-1.8895,건설,2024-09-02,0.007963132473888407,0.0022326040520296974,-0.008209288265101606,-0.2723475056979101,-0.21339961820014433,1.0,1.0986122886681098,1.0986122886681098
부동산_대출,2024-10-14/2024-10-20,2024-10-17,5,4,-0.375,0.649519052838329,0.2,0.4,-0.58982,건설,2024-10-17,-0.017529881222972797,0.011433153284093599,-0.013348874107846902,-1.1254477635236064,-0.6963325428673157,0.375,1.3862943611198906,1.6094379124341003
부동산_대출,2024-10-21/2024-10-27,2024-10-23,4,3,-0.16666666666666666,0.8498365855987975,0.25,0.5,-0.752425,건설,2024-10-23,0.0014186767389222001,-0.015724052453341103,-0.0439521158060065,-1.0158285497265815,-0.7045576933099631,0.16666666666666666,1.0986122886681098,1.3862943611198906
부동산_대출,2024-10-28/2024-11-03,2024-10-31,4,3,-0.8333333333333334,0.23570226039551584,0.0,0.75,-1.870425,건설,2024-10-31,-0.0348550282358246,-0.005429583455535402,0.011874472259717996,-1.2060178313803878,-0.2178093285231038,0.8333333333333334,1.0986122886681098,1.3862943611198906
부동산_대출,2025-06-30/2025-07-06,2025-07-03,6,6,-0.16666666666666666,0.8975274678557508,0.3333333333333333,0.5,-0.2651333333333334,건설,2025-07-03,-0.0529852812690815,-0.019025538863523102,-0.037999682306569,0.0013543081743367935,-0.25614086412353254,0.16666666666666666,1.791759469228055,1.791759469228055
부동산_대출,2025-07-14/2025-07-20,2025-07-14,6,4,-0.75,0.4330127018922193,0.0,0.8333333333333334,-1.4659166666666668,건설,2025-07-14,-0.021298062689258997,-0.0030280972409332998,-0.0156261689069573,-0.23286291906791234,-0.9007018345136479,0.75,1.3862943611198906,1.791759469228055
부동산_대출,2025-07-21/2025-07-27,2025-07-26,4,3,-0.6666666666666666,0.4714045207910317,0.0,0.75,-0.7132000000000001,건설,2025-07-28,-0.034533469623350306,0.008728511131875498,0.010540729919599097,0.23842939062854995,0.005594627793346787,0.6666666666666666,1.0986122886681098,1.3862943611198906
부동산_대출,2025-09-01/2025-09-07,2025-09-03,27,10,-0.3966666666666666,0.4766666666666667,0.25925925925925924,0.5555555555555556,-0.677962962962963,건설,2025-09-03,-0.008916855214433798,-0.0089439491038387,-0.0267054707497181,-1.94684410888423,-1.1752911795352798,0.3966666666666666,2.302585092994046,3.295836866004329
부동산_대출,2025-10-27/2025-11-02,2025-11-02,4,3,-0.3333333333333333,0.9428090415820634,0.25,0.75,-0.785375,건설,2025-11-03,-0.0662341742269753,-0.0176530588623064,-0.037509479207297296,-0.1315302744654403,0.1367428543319872,0.3333333333333333,1.0986122886681098,1.3862943611198906
부동산_대출,2025-12-08/2025-12-14,2025-12-09,9,5,0.08,0.6523802572120037,0.3333333333333333,0.1111111111111111,0.4292222222222222,건설,2025-12-09,0.0005348244711499903,-0.0038771679993097,0.0322059817892797,-0.1499976114602415,0.57856654290836,0.08,1.6094379124341003,2.1972245773362196
부동산_대출,2026-02-16/2026-02-22,2026-02-22,3,3,-1.0,0.0,0.0,1.0,-0.9439666666666667,건설,2026-02-23,-0.0118954931699881,0.015493401999694399,0.045080271991032296,1.0629672479406675,0.5938810353750135,1.0,1.0986122886681098,1.0986122886681098
부동산_대출,2026-02-23/2026-03-01,2026-02-25,16,9,-0.8111111111111111,0.32810717911629783,0.0,0.8125,-1.6544062499999999,건설,2026-02-25,0.0284429940048202,0.0197113170410628,0.018985184842362,1.2275953816624003,1.3292703829515526,0.8111111111111111,2.1972245773362196,2.772588722239781
부동산가격,2016-07-04/2016-07-10,2016-07-06,5,3,-0.7777777777777777,0.3142696805273545,0.2,0.8,-1.6612199999999997,건설,2016-07-06,0.001475847379168301,-0.009122741275519897,0.0037663138058180072,-0.6623513939415382,-0.055214709960973135,0.7777777777777777,1.0986122886681098,1.6094379124341003
부동산가격,2016-07-11/2016-07-17,2016-07-11,6,6,0.0,1.0,0.5,0.5,-0.051516666666666655,건설,2016-07-11,-0.016383529025735095,0.016640980602461202,0.016842112705237004,-0.2912894922707032,-0.7893934352005009,0.0,1.791759469228055,1.791759469228055
부동산가격,2016-07-18/2016-07-24,2016-07-18,5,4,0.375,0.81967981553775,0.6,0.2,-0.36263999999999996,건설,2016-07-18,0.011245985986600603,-0.0053515564334164,0.0341964745224509,-0.8421380478925595,-0.5390628778877651,0.375,1.3862943611198906,1.6094379124341003
부동산가격,2016-08-29/2016-09-04,2016-09-01,29,9,0.1574074074074074,0.5098481443680076,0.4482758620689655,0.27586206896551724,0.3696206896551725,건설,2016-09-01,-0.0055038356580152,0.0050825476321068,-0.0005129258069465018,0.1923007163692052,-0.7210073599980029,0.1574074074074074,2.1972245773362196,3.367295829986474
부동산가격,2016-10-17/2016-10-23,2016-10-18,4,3,-0.16666666666666666,0.6236095644623235,0.25,0.25,0.2860999999999999,건설,2016-10-18,-0.008430652337014899,0.0085887272151171,0.0253037597215835,-1.1607240408254071,-0.11151756952377294,0.16666666666666666,1.0986122886681098,1.3862943611198906
부동산가격,2016-11-21/2016-11-27,2016-11-21,4,3,-0.3333333333333333,0.9428090415820634,0.5,0.5,-0.10862499999999997,건설,2016-11-21,-0.025902638873815696,-0.0187222061288635,-0.0467611406993446,-0.048865779022799316,-0.3069453051329338,0.3333333333333333,1.0986122886681098,1.3862943611198906
부동산가격,2016-12-12/2016-12-18,2016-12-14,4,3,-0.3333333333333333,0.4714045207910317,0.25,0.5,-0.08262499999999999,건설,2016-12-14,0.0028297138576979,0.0068782110005538,0.0028545725503914005,-0.8023600917432088,-0.38237492231903686,0.3333333333333333,1.0986122886681098,1.3862943611198906
부동산가격,2016-12-19/2016-12-25,2016-12-20,3,3,-0.3333333333333333,0.9428090415820634,0.3333333333333333,0.6666666666666666,-0.49266666666666664,건설,2016-12-20,-0.0180608271376605,0.016604124123009198,0.01096275113535379,-0.8361387267264018,-0.7164837584309862,0.3333333333333333,1.0986122886681098,1.0986122886681098
부동산가격,2017-01-02/2017-01-08,2017-01-02,6,5,-1.0,0.0,0.0,1.0,-2.4413666666666667,건설,2017-01-02,0.022473686654174894,-0.0015841152190733,-0.0036016898669184,1.7173317318715657,-0.19541967781754332,1.0,1.6094379124341003,1.791759469228055
부동산가격,2017-01-16/2017-01-22,2017-01-17,3,3,0.0,0.0,0.0,0.0,-0.6388666666666668,건설,2017-01-17,-0.0038174522038991023,-0.017120615774359797,-0.029006053349035298,-0.07197473169091673,-0.8811916103563107,0.0,1.0986122886681098,1.0986122886681098
부동산가격,2017-02-20/2017-02-26,2017-02-21,14,5,-0.1,0.7999999999999999,0.2857142857142857,0.35714285714285715,-0.28872857142857145,건설,2017-02-21,-0.0234204272473682,0.0102378964746461,0.010642732454963902,1.120211511026584,-0.057389279496918834,0.1,1.6094379124341003,2.6390573296152584
부동산가격,2017-02-27/2017-03-05,2017-03-03,14,7,0.0,0.7559289460184544,0.5,0.42857142857142855,-0.13030000000000005,건설,2017-03-03,0.0003133310429400023,0.0032411787582203987,-0.0006301900872728956,-0.03633028170207098,0.07300898668990453,0.0,1.9459101490553132,2.6390573296152584
부동산가격,2017-07-31/2017-08-06,2017-08-03,12,6,-0.11111111111111109,0.3808697000222802,0.16666666666666666,0.3333333333333333,-0.29130833333333334,건설,2017-08-03,-0.0312337331817679,-0.023151513801862103,-0.023602230412006403,-0.08996678361470423,0.33765702460986025,0.11111111111111109,1.791759469228055,2.4849066497880004
부동산가격,2017-08-07/2017-08-13,2017-08-08,15,11,-0.33333333333333337,0.7913675671030664,0.2,0.5333333333333333,0.1770733333333333,건설,2017-08-08,-0.0365402228226028,-0.0028393232626509985,-0.010224528259806395,1.3547116171130433,-0.4273629738836365,0.33333333333333337,2.3978952727983707,2.70805020110221
부동산가격,2017-08-14/2017-08-20,2017-08-17,12,7,0.09523809523809525,0.659828879073858,0.25,0.25,0.14085833333333328,건설,2017-08-17,-0.010179225618600598,-0.0007611070501369003,-0.015249251457650399,-1.8616187046830142,-1.37101899254964,0.09523809523809525,1.9459101490553132,2.4849066497880004
부동산가격,2017-08-21/2017-08-27,2017-08-22,3,3,-0.6666666666666666,0.4714045207910317,0.0,0.6666666666666666,-0.5445333333333333,건설,2017-08-22,-0.022155260623892697,-0.0066180163403295,0.010024161462677,-1.0251972796226454,-1.2255902456298822,0.6666666666666666,1.0986122886681098,1.0986122886681098
부동산가격,2017-08-28/2017-09-03,2017-09-03,8,4,-0.55,0.4555216789572149,0.125,0.5,-0.3208375,건설,2017-09-04,0.017723607459012698,-0.0025922652478072997,-0.05259398713090789,-0.7588109006684309,-0.13454785736503105,0.55,1.3862943611198906,2.0794415416798357
부동산가격,2017-09-04/2017-09-10,2017-09-05,10,7,-0.6428571428571429,0.5802884574739972,0.1,0.7,-0.94819,건설,2017-09-05,0.0032711635946665995,-0.013630454869344201,-0.0514726707430455,-0.7864417355528399,-0.2197312580739985,0.6428571428571429,1.9459101490553132,2.302585092994046
부동산가격,2017-12-04/2017-12-10,2017-12-04,3,3,-0.6666666666666666,0.4714045207910317,0.0,0.6666666666666666,-0.6704333333333334,건설,2017-12-04,0.030955062604257507,0.0271877277186134,-0.0156500413456807,0.47322235701131277,0.44789610698775173,0.6666666666666666,1.0986122886681098,1.0986122886681098
부동산가격,2017-12-11/2017-12-17,2017-12-12,4,3,-0.6666666666666666,0.4714045207910317,0.25,0.75,-1.1277,건설,2017-12-12,-0.0231253106749475,0.0239249771978714,0.01772490333246521,-0.030162596560373345,0.10644389495326477,0.6666666666666666,1.0986122886681098,1.3862943611198906
부동산가격,2017-12-18/2017-12-24,2017-12-24,5,4,-0.25,0.4330127018922193,0.2,0.4,-0.29274,건설,2017-12-26,0.0008837962461523087,0.0161402604180743,0.0519331752081291,-0.1249891833280401,-0.23643754262590794,0.25,1.3862943611198906,1.6094379124341003
부동산가격,2018-01-01/2018-01-07,2018-01-01,3,3,-0.3333333333333333,0.4714045207910317,0.0,0.3333333333333333,0.034433333333333316,건설,2018-01-02,0.0258974851770447,0.0013570451870527009,0.036486627096797404,0.5190717803225091,-0.19839933268333507,0.3333333333333333,1.0986122886681098,1.0986122886681098
부동산가격,2018-01-08/2018-01-14,2018-01-08,3,3,-0.6666666666666666,0.4714045207910317,0.0,0.6666666666666666,-1.4344999999999999,건설,2018-01-08,0.031790890098668,0.0118672745845367,0.0428449957769305,1.2443217828966393,-0.2057539454923205,0.6666666666666666,1.0986122886681098,1.0986122886681098
부동산가격,2018-01-15/2018-01-21,2018-01-15,6,4,-0.125,0.739509972887452,0.16666666666666666,0.3333333333333333,-0.052216666666666745,건설,2018-01-15,0.0457732125123024,-0.0247795806134927,0.0015071041937950048,0.18451209374829958,0.26710889963019524,0.125,1.3862943611198906,1.791759469228055
부동산가격,2018-01-22/2018-01-28,2018-01-23,5,4,-1.0,0.0,0.0,1.0,-1.3906199999999997,건설,2018-01-23,0.004435320929166904,0.0003311328870486004,0.0345542556638552,1.454829698887803,0.17063524304744843,1.0,1.3862943611198906,1.6094379124341003
부동산가격,2018-01-29/2018-02-04,2018-01-31,4,4,-0.5,0.5,0.0,0.5,-0.8883749999999999,건설,2018-01-31,0.0304814243635406,-0.0033513721474076,-0.0371739752883283,0.640212042592907,0.5497819558819723,0.5,1.3862943611198906,1.3862943611198906
부동산가격,2018-02-05/2018-02-11,2018-02-09,4,3,0.3333333333333333,0.4714045207910317,0.5,0.25,0.7951999999999999,건설,2018-02-09,-0.0315562242574891,-0.0246476493151264,-0.005543007992163895,-0.014808441553386231,0.5476526663298557,0.3333333333333333,1.0986122886681098,1.3862943611198906
부동산가격,2018-02-12/2018-02-18,2018-02-12,6,4,0.25,0.82915619758885,0.5,0.3333333333333333,0.9025666666666666,건설,2018-02-12,-0.0356763349525014,-0.0407472457288782,-0.014739137163771999,-0.21213002577138518,0.4328285907115044,0.25,1.3862943611198906,1.791759469228055
부동산가격,2018-02-19/2018-02-25,2018-02-21,6,3,0.4444444444444445,0.7856742013183862,0.5,0.3333333333333333,0.6422166666666665,건설,2018-02-21,-0.0036892761805831994,-0.014841931001386598,-0.0320423253236395,-0.4866057901223879,-0.057968609800103,0.4444444444444445,1.0986122886681098,1.791759469228055
부동산가격,2018-02-26/2018-03-04,2018-03-04,13,7,-0.31428571428571433,0.5138887356744272,0.15384615384615385,0.38461538461538464,-0.3680307692307692,건설,2018-03-06,-0.020992464340450705,-0.0303836354437032,-0.0244457083731211,0.020621090985413204,0.22217200052938377,0.31428571428571433,1.9459101490553132,2.5649493574615367
부동산가격,2018-03-05/2018-03-11,2018-03-05,5,5,0.8,0.4,0.8,0.0,1.55986,건설,2018-03-06,-0.020992464340450705,-0.0303836354437032,-0.0244457083731211,0.020621090985413204,0.22217200052938377,0.8,1.6094379124341003,1.6094379124341003
부동산가격,2018-08-06/2018-08-12,2018-08-06,3,3,0.3333333333333333,0.9428090415820634,0.6666666666666666,0.3333333333333333,0.7163,건설,2018-08-06,0.0418476496671257,-0.0266064995764625,-0.0236861066862906,-0.894481066343527,-0.5544254865759506,0.3333333333333333,1.0986122886681098,1.0986122886681098
부동산가격,2018-08-20/2018-08-26,2018-08-26,8,3,-0.06666666666666667,0.09428090415820635,0.0,0.125,-0.31904999999999994,건설,2018-08-27,0.017855370588566503,-0.0085437054032763,-0.022274523275692498,-0.12552631375148415,-0.6288899961870675,0.06666666666666667,1.0986122886681098,2.0794415416798357
부동산가격,2018-08-27/2018-09-02,2018-08-29,22,11,-0.3917748917748918,0.5662066265653974,0.09090909090909091,0.45454545454545453,-0.6983545454545455,건설,2018-08-29,0.0071930829038435035,-0.0077995694421271,-0.002568741233382902,-0.9462755543182197,-1.1452966767225747,0.3917748917748918,2.3978952727983707,3.091042453358316
부동산가격,2018-09-03/2018-09-09,2018-09-04,45,11,-0.3681818181818182,0.614654972011873,0.2,0.6222222222222222,-0.44873111111111114,건설,2018-09-04,-0.0017350723781458998,0.011162076639033298,0.0918397212926774,-0.18410224845317735,-0.04234202784182688,0.3681818181818182,2.3978952727983707,3.8066624897703196
부동산가격,2019-01-21/2019-01-27,2019-01-27,11,7,-0.619047619047619,0.45175395145262565,0.18181818181818182,0.7272727272727273,-1.205881818181818,건설,2019-01-28,0.009778651811192604,-0.0232566369918095,-0.004055826682996919,0.17975330999338013,-0.2640540210319493,0.619047619047619,1.9459101490553132,2.3978952727983707
부동산가격,2019-01-28/2019-02-03,2019-01-30,3,3,-0.6666666666666666,0.4714045207910317,0.0,0.6666666666666666,-1.7886333333333333,건설,2019-01-30,-0.008920116951401096,0.012676251664506302,0.01775643125261108,0.6350776231432889,-0.45336861944945595,0.6666666666666666,1.0986122886681098,1.0986122886681098
부동산가격,2019-02-04/2019-02-10,2019-02-05,3,3,0.0,0.816496580927726,0.3333333333333333,0.3333333333333333,-0.13853333333333331,건설,2019-02-07,-0.008479025827780698,0.007619170742130878,-0.01462502225865072,0.4693609731061734,-1.0867067299624196,0.0,1.0986122886681098,1.0986122886681098
부동산가격,2019-02-25/2019-03-03,2019-02-26,14,5,0.2,0.45215533220835125,0.35714285714285715,0.2857142857142857,0.3008642857142857,건설,2019-02-26,-0.017191748208502302,-0.0113944228503311,-0.036357601922284905,-0.03906516465723975,-0.020048704258260414,0.2,1.6094379124341003,2.6390573296152584
부동산가격,2019-03-04/2019-03-10,2019-03-05,11,5,-0.76,0.48000000000000004,0.18181818181818182,0.6363636363636364,-0.7972000000000001,건설,2019-03-05,-0.04084364606864049,0.0006037875216979996,-0.005244286459083001,-0.10157468777645917,-0.7496945677759208,0.76,1.6094379124341003,2.3978952727983707
부동산가격,2019-07-22/2019-07-28,2019-07-25,4,3,-0.16666666666666666,0.23570226039551584,0.0,0.25,-0.6314500000000001,건설,2019-07-25,-0.0166318543995217,-0.022581528750750597,-0.020606277261317796,0.6681063111152863,-0.145920343052505,0.16666666666666666,1.0986122886681098,1.3862943611198906
부동산가격,2019-08-26/2019-09-01,2019-08-27,6,3,-0.3888888888888889,0.5499719409228703,0.3333333333333333,0.5,-0.31139999999999995,건설,2019-08-27,-0.007021077424632903,0.004711175249182398,0.007608329166796997,-0.46781603712853403,-0.19349297691652884,0.3888888888888889,1.0986122886681098,1.791759469228055
부동산가격,2019-09-02/2019-09-08,2019-09-04,22,7,-0.11428571428571425,0.7971889387602118,0.45454545454545453,0.45454545454545453,-0.3105681818181818,건설,2019-09-04,0.004075668498316098,-0.0102704990023902,0.005064499326190299,0.2560780602175612,-0.35248599776605527,0.11428571428571425,1.9459101490553132,3.091042453358316
부동산가격,2020-01-13/2020-01-19,2020-01-14,7,5,-0.2,0.4000000000000001,0.0,0.14285714285714285,0.29292857142857137,건설,2020-01-14,-0.0294675794613139,0.016392478915614298,0.019897692324528097,0.023554208850049108,-0.6085626133480189,0.2,1.6094379124341003,1.9459101490553132
부동산가격,2020-02-17/2020-02-23,2020-02-21,8,7,-0.7142857142857143,0.45175395145262565,0.0,0.75,-1.3233375,건설,2020-02-21,-0.0307660503863327,-0.010581587409581305,0.010590271218712597,0.5125119163818699,0.5683459673257494,0.7142857142857143,1.9459101490553132,2.0794415416798357
부동산가격,2020-02-24/2020-03-01,2020-02-27,5,5,0.2,0.7483314773547883,0.4,0.2,0.7262600000000001,건설,2020-02-27,0.015069252042064094,-0.005862089208426699,-0.010475154164166394,0.02273172758961195,0.39162899161557513,0.2,1.6094379124341003,1.6094379124341003
부동산가격,2020-03-02/2020-03-08,2020-03-04,18,8,-0.4458333333333333,0.5550118867595941,0.2222222222222222,0.5,-0.40146111111111105,건설,2020-03-04,0.0043400949459965,7.16361059740038e-05,-0.01385688900645599,0.49118909391781074,0.8031657250227106,0.4458333333333333,2.0794415416798357,2.8903717578961645
부동산가격,2020-08-10/2020-08-16,2020-08-10,12,6,-0.5,0.7637626158259734,0.16666666666666666,0.8333333333333334,-1.361375,건설,2020-08-10,0.0014565582872515005,0.003967702375073099,-0.0342540226625212,1.159291723293597,0.36737876507770084,0.5,1.791759469228055,2.4849066497880004
부동산가격,2020-08-17/2020-08-23,2020-08-19,6,4,-0.5,0.5,0.16666666666666666,0.5,-0.9657,건설,2020-08-19,-0.0276081233954078,0.0003026732728510983,-0.002286849720283599,0.13849589066076007,0.20413563965046622,0.5,1.3862943611198906,1.791759469228055
부동산가격,2020-08-24/2020-08-30,2020-08-26,15,8,-0.29166666666666663,0.6959705453537527,0.2,0.5333333333333333,-0.4374333333333333,건설,2020-08-26,-0.007508271349244599,-0.009386365065086099,0.037412759745063404,-0.07575773057635793,0.25886608850205495,0.29166666666666663,2.0794415416798357,2.70805020110221
부동산가격,2020-08-31/2020-09-06,2020-09-03,42,9,-0.47019400352733687,0.41693241061372494,0.21428571428571427,0.5476190476190477,-0.717704761904762,건설,2020-09-03,0.032191338116102405,-0.018104935813021,-0.025679879793593204,0.2771829318930443,-0.4565453075156904,0.47019400352733687,2.1972245773362196,3.7376696182833684
부동산가격,2021-02-01/2021-02-07,2021-02-03,4,4,-0.25,0.82915619758885,0.25,0.5,0.11470000000000002,건설,2021-02-03,-0.007388229000939295,0.0179798862587537,0.024702833952687298,1.2838860412971762,0.06702823821837671,0.25,1.3862943611198906,1.3862943611198906
부동산가격,2021-02-08/2021-02-14,2021-02-14,9,5,0.3,0.6,0.4444444444444444,0.1111111111111111,-0.05103333333333336,건설,2021-02-15,6.0415149583698154e-05,-0.007674067437782201,0.0222988797821201,-0.030013588311204487,-0.3162743765825988,0.3,1.6094379124341003,2.1972245773362196
부동산가격,2021-02-15/2021-02-21,2021-02-16,7,6,-0.16666666666666666,0.8975274678557508,0.2857142857142857,0.5714285714285714,-0.12727142857142848,건설,2021-02-16,-0.0019985768466458014,0.0134661402981078,0.041849308466683305,-0.1910929404158601,-0.3203176984850219,0.16666666666666666,1.791759469228055,1.9459101490553132
부동산가격,2021-02-22/2021-02-28,2021-02-28,7,6,-0.75,0.3818813079129867,0.0,0.7142857142857143,-1.3627142857142858,건설,2021-03-02,-0.023339001779689703,-0.0182602090316937,-0.0023430487487391995,-1.127774953799051,-0.8569764730573933,0.75,1.791759469228055,1.9459101490553132
부동산가격,2021-03-01/2021-03-07,2021-03-04,42,12,-0.4771825396825397,0.5982554146276216,0.2619047619047619,0.5952380952380952,-0.6693833333333333,건설,2021-03-04,-0.04773928462213,0.007283609580349298,0.0086162663590717,-1.1519740554994229,-0.14292592797341686,0.4771825396825397,2.4849066497880004,3.7376696182833684
부동산가격,2021-08-16/2021-08-22,2021-08-17,7,5,-0.26666666666666666,0.7423685817106696,0.2857142857142857,0.5714285714285714,-0.5111571428571429,건설,2021-08-17,-0.004773890647828502,-0.005646579298971402,-0.0310115812190276,-0.1172092898259045,1.2980381273788677,0.26666666666666666,1.6094379124341003,1.9459101490553132
부동산가격,2021-08-23/2021-08-29,2021-08-24,10,5,-0.7,0.4,0.1,0.6,-0.84152,건설,2021-08-24,-0.0428270841389854,0.030141669430586902,0.0585930558523411,-0.5154017303765048,0.6615056027298721,0.7,1.6094379124341003,2.302585092994046
부동산가격,2021-08-30/2021-09-05,2021-08-31,5,4,-0.25,0.82915619758885,0.4,0.6,-0.5703799999999999,건설,2021-08-31,0.0600898156595817,0.007907389512719298,0.0127002534449109,-0.17091480235918866,-0.022891264022149957,0.25,1.3862943611198906,1.6094379124341003
부동산가격,2022-01-31/2022-02-06,2022-02-03,5,4,-0.125,0.739509972887452,0.2,0.4,-0.42139999999999994,건설,2022-02-03,0.014379838597561898,0.007876445489604401,0.002229833200602097,-0.38009852128273813,0.4570281664378649,0.125,1.3862943611198906,1.6094379124341003
부동산가격,2022-02-21/2022-02-27,2022-02-22,3,3,-0.3333333333333333,0.4714045207910317,0.0,0.3333333333333333,0.09376666666666666,건설,2022-02-22,0.008693282831345402,0.009196498213306299,0.0382026505178065,0.02622237228041513,0.12729981761495376,0.3333333333333333,1.0986122886681098,1.0986122886681098
부동산가격,2022-02-28/2022-03-06,2022-03-03,21,7,0.19523809523809524,0.5301777394177821,0.38095238095238093,0.38095238095238093,0.26402857142857145,건설,2022-03-03,0.044869077775328496,0.0308159028325076,0.0779725307293736,0.2728393482297733,0.11622075464596132,0.19523809523809524,1.9459101490553132,3.044522437723423
부동산가격,2026-02-02/2026-02-08,2026-02-05,8,4,-0.6666666666666666,0.33333333333333337,0.25,0.75,-0.840575,건설,2026-02-05,0.03877163846088981,0.018495171481055398,0.0006451379996923988,0.5886958163589551,-0.01183179422905413,0.6666666666666666,1.3862943611198906,2.0794415416798357
부동산가격,2026-02-23/2026-03-01,2026-02-24,14,6,-0.027777777777777776,0.14958791130929178,0.21428571428571427,0.21428571428571427,0.07370714285714285,건설,2026-02-24,-0.015809982653115,0.0464057440819049,0.024971425115926697,1.047532383001947,1.1708745425153475,0.027777777777777776,1.791759469228055,2.6390573296152584
소비자물가,2016-08-01/2016-08-07,2016-08-02,7,7,-0.14285714285714285,0.3499271061118826,0.0,0.14285714285714285,-1.483957142857143,KOSPI,2016-08-02,0.005425737942446121,-0.018492532243878673,0.003305659334244285,-0.13497761787372475,-0.023411943919160193,0.14285714285714285,1.9459101490553132,1.9459101490553132
소비자물가,2016-08-08/2016-08-14,2016-08-09,5,4,-0.125,0.8926785535678563,0.4,0.4,-1.01116,KOSPI,2016-08-09,-0.002748657892269883,0.005196534959782187,0.001851785686752662,-0.21391608329110312,-1.0303361709095702,0.125,1.3862943611198906,1.6094379124341003
소비자물가,2016-08-29/2016-09-04,2016-09-01,11,7,-0.35714285714285715,0.4403152859263555,0.09090909090909091,0.5454545454545454,-0.9027636363636362,KOSPI,2016-09-01,-0.006629370094027181,0.0009300741317881077,0.011645716739266922,-0.0012310485435609309,-0.570118599172706,0.35714285714285715,1.9459101490553132,2.3978952727983707
소비자물가,2016-09-05/2016-09-11,2016-09-05,3,3,1.0,0.0,1.0,0.0,2.520733333333333,KOSPI,2016-09-05,-0.0016122692198476127,0.013000587189322135,-0.025268541705633692,0.3645786624492331,0.39882728201637146,1.0,1.0986122886681098,1.0986122886681098
소비자물가,2017-01-30/2017-02-05,2017-02-03,12,7,-0.6666666666666666,0.6900655593423543,0.08333333333333333,0.75,-1.345175,KOSPI,2017-02-03,0.0016140098519614237,0.0028022320223452892,0.000769446980271067,-0.02565162997719561,-0.8168248300104992,0.6666666666666666,1.9459101490553132,2.4849066497880004
소비자물가,2017-02-06/2017-02-12,2017-02-06,8,6,-0.16666666666666666,0.8975274678557508,0.375,0.625,-0.24830000000000013,KOSPI,2017-02-06,0.002393418301560131,0.0007099506120477326,0.0018266842050581975,-0.1803930176357138,-0.8029942787538732,0.16666666666666666,1.791759469228055,2.0794415416798357
소비자물가,2017-02-13/2017-02-19,2017-02-14,13,7,-0.4642857142857143,0.4711037842240328,0.15384615384615385,0.6153846153846154,0.2107384615384615,KOSPI,2017-02-14,-0.0002303156227434018,0.0022230089508898597,0.010789617857144778,0.004142848908815111,-0.2594339982865191,0.4642857142857143,1.9459101490553132,2.5649493574615367
소비자물가,2017-02-20/2017-02-26,2017-02-20,5,4,-0.75,0.4330127018922193,0.0,0.8,0.08714,KOSPI,2017-02-20,0.0018975622423318263,0.010420443391987291,0.0015270433524173718,-0.15418235847901762,-0.009789626743534093,0.75,1.3862943611198906,1.6094379124341003
소비자물가,2017-02-27/2017-03-05,2017-03-03,11,4,-0.5416666666666666,0.27322660517925007,0.09090909090909091,0.5454545454545454,-0.44480909090909093,KOSPI,2017-03-03,-0.002468544957971554,-0.01036462442213298,-0.0031934687092305446,0.04786151435994768,0.13679139483039657,0.5416666666666666,1.3862943611198906,2.3978952727983707
소비자물가,2017-08-21/2017-08-27,2017-08-21,4,4,-0.75,0.4330127018922193,0.0,0.75,-1.852775,KOSPI,2017-08-21,-0.00603316956766197,0.0006513488246693722,-0.0018472282598688827,-0.37049696565385304,-0.6277175356802978,0.75,1.3862943611198906,1.3862943611198906
소비자물가,2017-08-28/2017-09-03,2017-09-01,19,7,-1.0,0.0,0.0,1.0,-1.2077684210526314,KOSPI,2017-09-01,-0.010848842962273763,-0.016433153674946185,-0.014767508046773955,-0.08771960670112122,0.19424735326095632,1.0,1.9459101490553132,2.9444389791664403
소비자물가,2017-09-04/2017-09-10,2017-09-05,15,7,-0.12380952380952381,0.602827803393488,0.2,0.3333333333333333,-0.5422733333333334,KOSPI,2017-09-05,-0.022570438725675268,-0.006367690568474986,0.00892023941829494,-0.05157921986386427,-0.08988401492301563,0.12380952380952381,1.9459101490553132,2.70805020110221
소비자물가,2018-01-29/2018-02-04,2018-02-01,11,5,0.5333333333333333,0.3231786571610886,0.5454545454545454,0.0,0.45574545454545456,KOSPI,2018-02-01,0.009127716223538323,-0.016865443974271414,-0.06588293382848605,0.43264887475673497,0.5045375230641318,0.5333333333333333,1.6094379124341003,2.3978952727983707
소비자물가,2018-02-12/2018-02-18,2018-02-12,6,5,0.3,0.7483314773547882,0.5,0.16666666666666666,0.45351666666666673,KOSPI,2018-02-12,-0.06937916782504827,0.011694085580895653,0.023039052873048055,0.04581641371353662,0.16227771144301822,0.3,1.6094379124341003,1.791759469228055
소비자물가,2018-02-26/2018-03-04,2018-03-04,16,5,-0.711111111111111,0.23674750836291683,0.0,0.625,-1.092575,KOSPI,2018-03-05,-0.005400407540184464,0.003778519260830634,0.0331959342720209,0.024992506496651856,0.17574427538007356,0.711111111111111,1.6094379124341003,2.772588722239781
소비자물가,2018-03-05/2018-03-11,2018-03-05,12,6,0.055555555555555546,0.3142696805273545,0.3333333333333333,0.25,0.19145833333333337,KOSPI,2018-03-05,-0.005400407540184464,0.003778519260830634,0.0331959342720209,0.024992506496651856,0.17574427538007356,0.055555555555555546,1.791759469228055,2.4849066497880004
소비자물가,2018-07-30/2018-08-05,2018-08-01,5,4,-1.0,0.0,0.0,1.0,-1.41004,KOSPI,2018-08-01,0.01147097697507594,-0.008894176216366304,0.008708349718939287,-0.6046392643346188,0.08026073982724655,1.0,1.3862943611198906,1.6094379124341003
소비자물가,2018-08-06/2018-08-12,2018-08-09,8,6,-0.5555555555555557,0.7370277311900889,0.125,0.625,-1.0031375,KOSPI,2018-08-09,-0.0006559984254501179,-0.007456424929759147,-0.02179017773466054,-0.5225457107983846,0.007048189673658224,0.5555555555555557,1.791759469228055,2.0794415416798357
소비자물가,2018-08-13/2018-08-19,2018-08-14,3,3,-0.6666666666666666,0.4714045207910317,0.0,0.6666666666666666,-0.8901000000000002,KOSPI,2018-08-14,-0.014301576411771995,-0.002442833021638339,0.013867644003520885,-0.5406698301182065,-0.2940156925717307,0.6666666666666666,1.0986122886681098,1.0986122886681098
소비자물가,2018-09-03/2018-09-09,2018-09-04,22,10,-0.8666666666666666,0.22110831935702666,0.0,0.7727272727272727,-1.1586227272727272,KOSPI,2018-09-04,0.007341254671679155,-0.005001954830951077,-0.005588362119670733,-0.08208138002410337,-0.436097140003079,0.8666666666666666,2.302585092994046,3.091042453358316
소비자물가,2019-02-04/2019-02-10,2019-02-10,5,5,-0.6,0.48989794855663565,0.0,0.6,-1.3352,KOSPI,2019-02-11,0.0007665354658627724,0.00757026940605808,0.019862555964743143,0.11560893014919316,-0.0032616022051078545,0.6,1.6094379124341003,1.6094379124341003
소비자물가,2019-02-11/2019-02-17,2019-02-12,6,5,-0.7,0.4,0.0,0.6666666666666666,-1.7494166666666668,KOSPI,2019-02-12,-0.008174216779235072,0.010838178008656682,0.015588834362869548,0.23456934394199358,0.024848353383245272,0.7,1.6094379124341003,1.791759469228055
소비자물가,2019-03-04/2019-03-10,2019-03-05,17,10,0.25,0.7158910531638176,0.47058823529411764,0.29411764705882354,0.1119647058823529,KOSPI,2019-03-05,-0.01586176755903726,-0.006086767697825244,-0.012860307135802732,-0.30086992710767824,-0.20444826470252525,0.25,2.302585092994046,2.833213344056216
소비자물가,2019-09-02/2019-09-08,2019-09-03,11,6,-0.125,0.7034142923389222,0.2727272727272727,0.36363636363636365,-1.1594818181818183,KOSPI,2019-09-03,0.0320952135963446,0.01170770051113586,0.03717134385865388,-0.3808191480897367,-0.5733679914494612,0.125,1.791759469228055,2.3978952727983707
소비자물가,2020-02-03/2020-02-09,2020-02-04,19,10,0.16428571428571428,0.6708584205390608,0.2631578947368421,0.15789473684210525,-0.5276421052631578,KOSPI,2020-02-04,-0.06427471434483552,0.01932238961805576,0.04066643495762087,0.14526629269925984,0.5793950360031613,0.16428571428571428,2.302585092994046,2.9444389791664403
소비자물가,2020-02-10/2020-02-16,2020-02-10,8,6,-0.9166666666666666,0.18633899812498247,0.0,0.875,-1.4233250000000002,KOSPI,2020-02-10,0.03624259286732029,0.0021836720066473435,0.004922958177416431,0.05135461692416854,-0.3251147396440035,0.9166666666666666,1.791759469228055,2.0794415416798357
소비자물가,2020-03-02/2020-03-08,2020-03-03,6,4,-0.3333333333333333,0.408248290463863,0.16666666666666666,0.5,-0.8354666666666667,KOSPI,2020-03-03,-0.042885280587645874,0.025773686346339086,-0.025883112186008528,0.05620229109556796,0.8603395229166559,0.3333333333333333,1.3862943611198906,1.791759469228055
소비자물가,2020-08-03/2020-08-09,2020-08-04,6,5,0.0,0.6324555320336759,0.16666666666666666,0.16666666666666666,-1.2345,KOSPI,2020-08-04,0.014180991948624716,0.026495590865615447,0.07126804571749473,-0.08161160630526787,-1.2887486808739657,0.0,1.6094379124341003,1.791759469228055
소비자물가,2020-08-31/2020-09-06,2020-09-02,20,8,-0.6,0.42720018726587655,0.0,0.45,-0.25894000000000006,KOSPI,2020-09-02,-0.016523361296707367,0.015874372732959635,9.326580090190245e-05,0.41346340846805774,-0.3330626340990259,0.6,2.0794415416798357,2.995732273553991
소비자물가,2021-02-01/2021-02-07,2021-02-05,4,4,-0.5,0.5,0.0,0.5,-0.24917499999999998,KOSPI,2021-02-05,-0.006108141998163516,-0.003974446641249567,0.008652093725055002,0.19537262289219726,-0.3531112625449961,0.5,1.3862943611198906,1.3862943611198906
소비자물가,2021-02-08/2021-02-14,2021-02-10,4,3,-0.16666666666666666,0.6236095644623235,0.25,0.25,-0.35944999999999994,KOSPI,2021-02-10,-0.015609779782208153,0.01535593871698204,-0.006588962440159382,0.4215474387628415,-0.1689965089964577,0.16666666666666666,1.0986122886681098,1.3862943611198906
소비자물가,2021-02-15/2021-02-21,2021-02-15,7,4,-0.375,0.81967981553775,0.14285714285714285,0.7142857142857143,-0.28704285714285716,KOSPI,2021-02-15,-0.021369329081515776,0.01524046892704533,-0.02107900126437181,0.35705538294850037,-0.1312761241245394,0.375,1.3862943611198906,1.9459101490553132
소비자물가,2021-02-22/2021-02-28,2021-02-23,4,4,0.5,0.5,0.5,0.0,0.79275,KOSPI,2021-02-23,-0.03386345396067359,-0.032600394179908676,-0.012504949922886222,0.3421739262814736,0.48231268657266285,0.5,1.3862943611198906,1.3862943611198906
소비자물가,2021-03-01/2021-03-07,2021-03-04,16,9,-0.5714285714285714,0.4809288065886704,0.1875,0.5625,0.005387500000000045,KOSPI,2021-03-04,-0.008017088974650702,-0.02393141373048668,-0.03874123173403095,0.13430968088112039,-0.2513153598610472,0.5714285714285714,2.1972245773362196,2.772588722239781
소비자물가,2026-02-02/2026-02-08,2026-02-08,4,3,-0.3333333333333333,0.4714045207910317,0.25,0.5,-0.44915,KOSPI,2026-02-09,-0.04220738126726792,0.03347880455567413,0.086405758356844,0.4950518478148407,0.17157638562585426,0.3333333333333333,1.0986122886681098,1.3862943611198906
소비자물가,2026-02-09/2026-02-15,2026-02-11,4,3,0.16666666666666666,0.23570226039551584,0.25,0.0,-0.42932499999999996,KOSPI,2026-02-11,-0.016883235898093263,0.03278671909452163,0.07351321670918749,0.7809953062889488,-0.11865782448455339,0.16666666666666666,1.0986122886681098,1.3862943611198906
소비자물가,2026-02-16/2026-02-22,2026-02-17,4,4,-1.0,0.0,0.0,1.0,-1.10755,KOSPI,2026-02-19,0.056729751472495565,0.0446222097217306,0.10924763142179583,1.1877619192251956,-0.2592088923504981,1.0,1.3862943611198906,1.3862943611198906
수출입동향,2016-08-29/2016-09-04,2016-08-31,5,3,0.3333333333333333,0.4714045207910317,0.6,0.4,-0.21058000000000004,반도체,2016-08-31,-0.0270683128984772,-0.0102047592983779,-0.014357031397528797,1.0914012985326558,-0.30447727370636923,0.3333333333333333,1.0986122886681098,1.6094379124341003
수출입동향,2017-01-30/2017-02-05,2017-02-01,5,5,0.0,0.8944271909999159,0.4,0.4,-0.0625,반도체,2017-02-01,0.0370651541368726,-0.023733306260583398,-0.0254372619345137,-0.35952396219798466,0.140058716143179,0.0,1.6094379124341003,1.6094379124341003
수출입동향,2017-08-07/2017-08-13,2017-08-09,3,3,1.0,0.0,1.0,0.0,2.7828999999999997,반도체,2017-08-09,0.010814261353603399,-0.0134545634617414,0.006246742609224598,0.10078319767599275,0.4781746952150335,1.0,1.0986122886681098,1.0986122886681098
수출입동향,2017-08-28/2017-09-03,2017-09-01,5,3,0.6666666666666666,0.4714045207910317,0.8,0.0,1.9482799999999998,반도체,2017-09-01,0.0095691030076268,0.0020380864422293015,0.023790101177850503,-0.14004576058156104,-0.3686852683479879,0.6666666666666666,1.0986122886681098,1.6094379124341003
수출입동향,2018-07-30/2018-08-05,2018-08-01,3,3,0.3333333333333333,0.9428090415820634,0.6666666666666666,0.3333333333333333,0.8241,반도체,2018-08-01,0.0358787173931298,-0.0009957238466323003,-0.028603083227889504,-1.0119138867324509,-0.1155271086928322,0.3333333333333333,1.0986122886681098,1.0986122886681098
수출입동향,2019-02-25/2019-03-03,2019-02-28,10,8,-0.20833333333333334,0.6859199013814303,0.2,0.3,-0.5595600000000001,반도체,2019-02-28,-4.9249566877598155e-05,-0.005712060607000701,-0.0232089025627525,-0.01574598147104389,-0.509980579092684,0.20833333333333334,2.0794415416798357,2.302585092994046
수출입동향,2021-02-15/2021-02-21,2021-02-16,8,3,-0.08333333333333333,0.6561673228343176,0.375,0.375,0.2851,반도체,2021-02-16,0.032178366584149,0.008506479863856501,-0.003661308689634997,0.712642476091224,0.04692679082123529,0.08333333333333333,1.0986122886681098,2.0794415416798357
수출입동향,2021-02-22/2021-02-28,2021-02-28,3,3,0.6666666666666666,0.4714045207910317,0.6666666666666666,0.0,1.7759,반도체,2021-03-02,-0.0037007510046388973,8.218192459510075e-05,-0.029742506351795102,0.29358704252045165,0.020287802275922407,0.6666666666666666,1.0986122886681098,1.0986122886681098
최저임금,2016-07-18/2016-07-24,2016-07-19,5,5,-1.0,0.0,0.0,1.0,-2.0768400000000002,KOSPI,2016-07-19,0.012576376109389357,-0.004280355793312396,-0.0013400278811498897,-0.2513475129279783,-0.7757632885739255,1.0,1.6094379124341003,1.6094379124341003
최저임금,2016-07-25/2016-07-31,2016-07-27,8,4,-0.5,0.5527707983925666,0.25,0.5,0.22228750000000003,KOSPI,2016-07-27,0.0030764985045710156,-0.003928735157530653,-0.01861776801334816,-0.20735544493740576,-0.3265724066786919,0.5,1.3862943611198906,2.0794415416798357
최저임금,2016-08-01/2016-08-07,2016-08-05,3,3,-0.3333333333333333,0.4714045207910317,0.0,0.3333333333333333,-0.1674,KOSPI,2016-08-05,-0.01403138451292871,0.014019696248213536,0.02059005621146091,-0.3382869462895215,-0.8471443904531156,0.3333333333333333,1.0986122886681098,1.0986122886681098
최저임금,2016-08-15/2016-08-21,2016-08-21,10,5,-0.5333333333333333,0.4521553322083512,0.1,0.6,-0.41391999999999995,KOSPI,2016-08-22,0.0016376528608232,-0.0038453681175801605,-0.014052254218084181,-0.2778293255541602,-0.8512128032289131,0.5333333333333333,1.6094379124341003,2.302585092994046
최저임금,2016-08-22/2016-08-28,2016-08-22,9,3,-0.8666666666666667,0.18856180831641267,0.0,0.7777777777777778,-1.289811111111111,KOSPI,2016-08-22,0.0016376528608232,-0.0038453681175801605,-0.014052254218084181,-0.2778293255541602,-0.8512128032289131,0.8666666666666667,1.0986122886681098,2.1972245773362196
최저임금,2016-12-26/2017-01-01,2016-12-29,7,4,0.5416666666666666,0.3608439182435161,0.5714285714285714,0.0,1.3611285714285712,KOSPI,2016-12-29,-0.008618724802556415,1.3742209952870917e-05,0.009705714231758414,-0.18403156929866427,-0.7288458148321691,0.5416666666666666,1.3862943611198906,1.9459101490553132
최저임금,2017-01-02/2017-01-08,2017-01-02,3,3,0.3333333333333333,0.4714045207910317,0.3333333333333333,0.0,1.3626333333333331,KOSPI,2017-01-02,-0.006058727221899415,0.008027749292062791,0.009157923004836872,-0.05025791094949028,-0.6980745045908026,0.3333333333333333,1.0986122886681098,1.0986122886681098
최저임금,2017-02-06/2017-02-12,2017-02-08,9,5,-0.3333333333333333,0.6912147117775906,0.1111111111111111,0.5555555555555556,0.12374444444444449,KOSPI,2017-02-08,0.00323769869471979,-0.004687673235056445,0.003614191829057368,-0.2041335630631398,-0.4160983374711322,0.3333333333333333,1.6094379124341003,2.1972245773362196
최저임금,2017-02-13/2017-02-19,2017-02-15,9,4,-0.25,0.2763853991962833,0.0,0.3333333333333333,-0.714188888888889,KOSPI,2017-02-15,-0.0006473476782751239,0.0033629824268169707,0.014942188855141812,-0.028184622576691964,-0.4008203040160066,0.25,1.3862943611198906,2.1972245773362196
최저임금,2017-02-27/2017-03-05,2017-03-04,5,3,-0.2222222222222222,0.31426968052735443,0.0,0.4,-0.62202,KOSPI,2017-03-06,-0.01413281476442646,0.007173435722477476,0.018047014043847627,0.002708598006250895,-0.21549012907121587,0.2222222222222222,1.0986122886681098,1.6094379124341003
최저임금,2017-08-07/2017-08-13,2017-08-08,19,6,-0.4166666666666667,0.31180478223116176,0.05263157894736842,0.5263157894736842,-0.9584578947368423,KOSPI,2017-08-08,-0.009114847826921041,-0.015736130378677035,-0.030205765540018206,-0.28253132849435936,0.7670672224584673,0.4166666666666667,1.791759469228055,2.9444389791664403
최저임금,2017-08-14/2017-08-20,2017-08-14,17,7,-0.21428571428571427,0.5890150893739515,0.11764705882352941,0.35294117647058826,-0.09821764705882352,KOSPI,2017-08-14,-0.03848002554330318,0.009643929593315488,0.011662630198575264,-0.32090231685059045,-0.32530384206571233,0.21428571428571427,1.9459101490553132,2.833213344056216
최저임금,2017-08-21/2017-08-27,2017-08-27,7,5,-0.4,0.37416573867739417,0.0,0.42857142857142855,-0.5196714285714286,KOSPI,2017-08-28,0.0031951022818568747,-0.00792851348087943,-0.027054265987937594,-0.2285624054996518,-0.16024140275366255,0.4,1.6094379124341003,1.9459101490553132
최저임금,2017-08-28/2017-09-03,2017-08-31,12,7,-0.5476190476190476,0.424584630955405,0.16666666666666666,0.6666666666666666,-0.9304499999999999,KOSPI,2017-08-31,-0.00279353179855799,-0.008284115476320575,-0.017274682562606027,-0.16283726108519936,0.20854075656384152,0.5476190476190476,1.9459101490553132,2.4849066497880004
최저임금,2017-09-04/2017-09-10,2017-09-04,4,3,-0.8333333333333334,0.23570226039551584,0.0,0.75,-0.7020249999999999,KOSPI,2017-09-04,-0.014330834035663684,-0.015418662736659892,-0.005923433553974878,-0.10646968608465457,0.2750499719287308,0.8333333333333334,1.0986122886681098,1.3862943611198906
최저임금,2018-02-05/2018-02-11,2018-02-09,3,3,-0.3333333333333333,0.9428090415820634,0.3333333333333333,0.6666666666666666,-1.3434000000000001,KOSPI,2018-02-09,-0.06724335607649672,-0.010342638703713984,-0.0003234703211654512,0.21029359205089904,0.5675001108219169,0.3333333333333333,1.0986122886681098,1.0986122886681098
최저임금,2018-02-12/2018-02-18,2018-02-18,6,5,-0.6,0.48989794855663565,0.0,0.5,-0.6574333333333332,KOSPI,2018-02-19,0.006366352617052142,-0.0044373843357674424,0.00964806183706697,0.11525137610205327,0.3137463630140215,0.6,1.6094379124341003,1.791759469228055
최저임금,2018-02-19/2018-02-25,2018-02-20,33,9,-0.5608465608465608,0.43929286369644366,0.21212121212121213,0.6363636363636364,-0.6510757575757576,KOSPI,2018-02-20,0.010654938747477789,-0.006993579570390942,0.0006505300774443702,0.12503816115265565,0.2676821293981063,0.5608465608465608,2.1972245773362196,3.4965075614664802
최저임금,2018-02-26/2018-03-04,2018-02-27,24,9,-0.037301587301587294,0.6808173174227401,0.2916666666666667,0.4166666666666667,-0.3521583333333333,KOSPI,2018-02-27,0.00536320538250714,-0.012697098276875205,-0.023762727599907416,-0.11657017923117508,0.1740483910562283,0.037301587301587294,2.1972245773362196,3.1780538303479458
최저임금,2018-08-27/2018-09-02,2018-08-29,44,9,-0.3333333333333333,0.22662308949301266,0.11363636363636363,0.5,-0.1980772727272727,KOSPI,2018-08-29,0.016809097231036258,0.002768742796469584,-0.002039170514077848,-0.3635533296890454,-0.19102754774508676,0.3333333333333333,2.1972245773362196,3.784189633918261
최저임금,2018-09-03/2018-09-09,2018-09-05,22,10,-0.55,0.6204836822995429,0.18181818181818182,0.6818181818181818,-0.9178363636363638,KOSPI,2018-09-05,0.009454008968838206,-0.010580854854709137,-0.009468807830463711,0.0066093036042342845,-0.5845723795092476,0.55,2.302585092994046,3.091042453358316
최저임금,2019-02-11/2019-02-17,2019-02-14,6,3,-0.4444444444444444,0.41573970964154905,0.16666666666666666,0.6666666666666666,-0.4634500000000001,KOSPI,2019-02-14,0.00040285180033465887,-0.0018180249008414237,0.013953417805700127,0.12591070576180918,0.08002186818773042,0.4444444444444444,1.0986122886681098,1.791759469228055
최저임금,2019-02-18/2019-02-24,2019-02-22,10,8,-0.625,0.6959705453537527,0.1,0.6,-1.3971699999999998,KOSPI,2019-02-22,0.002611261274711983,0.0022190503232152126,-0.015617867899764866,-0.10367190890333156,-0.1242275399808119,0.625,2.0794415416798357,2.302585092994046
최저임금,2019-02-25/2019-03-03,2019-02-27,29,12,-0.6388888888888888,0.40013500808022034,0.0,0.6896551724137931,-1.4329379310344827,KOSPI,2019-02-27,0.011482564437017333,-0.013147325769436887,-0.025152136452068465,-0.03728553844462468,-0.18898722488268874,0.6388888888888888,2.4849066497880004,3.367295829986474
최저임금,2019-03-04/2019-03-10,2019-03-05,6,5,-0.8,0.4,0.0,0.8333333333333334,-2.07465,KOSPI,2019-03-05,-0.01586176755903726,-0.006086767697825244,-0.012860307135802732,-0.30086992710767824,-0.20444826470252525,0.8,1.6094379124341003,1.791759469228055
최저임금,2019-08-05/2019-08-11,2019-08-05,20,9,-0.14814814814814814,0.31860463952009727,0.15,0.35,-0.445015,KOSPI,2019-08-05,-0.03159074843204964,-0.040063923610172913,-0.025798816013922945,0.27938018012305044,0.6313266622861127,0.14814814814814814,2.1972245773362196,2.995732273553991
최저임금,2019-08-12/2019-08-18,2019-08-13,7,5,-0.4,0.48989794855663565,0.0,0.42857142857142855,-0.5299571428571428,KOSPI,2019-08-13,0.0014072098454817722,-0.000508550553759631,0.015962849427363906,0.10144595846063709,0.052492865667892075,0.4,1.6094379124341003,1.9459101490553132
최저임금,2019-08-19/2019-08-25,2019-08-19,6,5,-1.0,0.0,0.0,1.0,-2.3786,KOSPI,2019-08-19,0.00794566639358902,0.018863576852208307,-0.0001073048686407816,-0.1831182757009433,0.2957248703419984,1.0,1.6094379124341003,1.791759469228055
최저임금,2019-08-26/2019-09-01,2019-08-26,9,6,-0.38888888888888884,0.4479032082388083,0.1111111111111111,0.4444444444444444,-0.9404222222222222,KOSPI,2019-08-26,0.016826614281307703,-0.009766272256068258,0.017993068152219426,-0.4790857417451768,0.3412898391963524,0.38888888888888884,1.791759469228055,2.1972245773362196
최저임금,2019-09-02/2019-09-08,2019-09-05,8,4,0.0625,0.7153451963912248,0.25,0.25,0.29215,KOSPI,2019-09-05,0.028433381443494325,0.011963349004156909,0.041376115728850825,-0.2148678357140401,-1.2747653878953793,0.0625,1.3862943611198906,2.0794415416798357
최저임금,2019-12-30/2020-01-05,2019-12-31,16,11,-0.303030303030303,0.43703651823805933,0.0,0.3125,-0.16760624999999996,KOSPI,2020-01-02,-0.004366716495361236,-0.010222234829615234,-0.006509213620393101,0.19392791779429785,0.43880986211750694,0.303030303030303,2.3978952727983707,2.772588722239781
최저임금,2020-01-06/2020-01-12,2020-01-09,6,4,0.0,0.6123724356957945,0.16666666666666666,0.3333333333333333,-0.48219999999999996,KOSPI,2020-01-09,-0.02376728807189568,0.024391773697026206,0.04107094386854411,0.13211695317977146,-0.09102992515532854,0.0,1.3862943611198906,1.791759469228055
최저임금,2020-01-13/2020-01-19,2020-01-13,7,5,-0.8,0.2449489742783178,0.0,0.7142857142857143,-1.1959714285714287,KOSPI,2020-01-13,0.011736449033471761,0.013780382273246745,0.02258664889649384,0.33987872764689264,-0.3860190896688378,0.8,1.6094379124341003,1.9459101490553132
최저임금,2020-01-27/2020-02-02,2020-01-29,4,3,-0.5,0.408248290463863,0.0,0.5,-1.4282750000000002,KOSPI,2020-01-29,-0.03645190748086746,-0.014631028204119904,-0.009199062693251527,0.24387301037970843,0.4919288176070489,0.5,1.0986122886681098,1.3862943611198906
최저임금,2020-02-10/2020-02-16,2020-02-10,3,3,-0.3333333333333333,0.4714045207910317,0.0,0.3333333333333333,-0.616,KOSPI,2020-02-10,0.03624259286732029,0.0021836720066473435,0.004922958177416431,0.05135461692416854,-0.3251147396440035,0.3333333333333333,1.0986122886681098,1.0986122886681098
최저임금,2020-03-02/2020-03-08,2020-03-05,8,5,-0.6,0.48989794855663565,0.125,0.625,-0.503825,KOSPI,2020-03-05,-0.012156428445471105,-0.010860657650952964,-0.11886797429417328,0.19897474194493725,0.7809638146170502,0.6,1.6094379124341003,2.0794415416798357
최저임금,2020-07-13/2020-07-19,2020-07-15,19,10,-0.8833333333333332,0.23629078131263043,0.05263157894736842,0.8947368421052632,-1.405615789473684,KOSPI,2020-07-15,0.010921389866977283,0.0008558801295423541,0.0227737392281375,-0.24109050141633048,-0.6790795958199574,0.8833333333333332,2.302585092994046,2.9444389791664403
최저임금,2020-07-20/2020-07-26,2020-07-20,6,4,-0.375,0.414578098794425,0.16666666666666666,0.5,-1.3364333333333336,KOSPI,2020-07-20,0.024176950761573973,0.01278569226880027,0.008343665737797951,-0.10082813928199208,-0.6343957818005769,0.375,1.3862943611198906,1.791759469228055
최저임금,2020-08-03/2020-08-09,2020-08-05,9,7,-0.4761904761904762,0.46656947481584343,0.0,0.4444444444444444,-0.1936888888888888,KOSPI,2020-08-05,0.009068352364951796,0.026816215263575534,0.0636866729155547,-0.04705628293410058,-1.1278437720939858,0.4761904761904762,1.9459101490553132,2.1972245773362196
최저임금,2020-08-24/2020-08-30,2020-08-28,4,4,-1.0,0.0,0.0,1.0,-1.84795,KOSPI,2020-08-28,0.022433967409832088,-0.011073467428906445,0.0004336755292468665,0.47479548040484687,-0.2597813000146435,1.0,1.3862943611198906,1.3862943611198906
최저임금,2020-08-31/2020-09-06,2020-08-31,3,3,0.0,0.816496580927726,0.3333333333333333,0.3333333333333333,0.25033333333333335,KOSPI,2020-08-31,0.011989486798891011,-0.005442173845294813,0.00189455458512236,0.5187249876714368,-0.24406381859571463,0.0,1.0986122886681098,1.0986122886681098
최저임금,2020-11-16/2020-11-22,2020-11-16,4,3,-1.0,0.0,0.0,1.0,-1.866575,KOSPI,2020-11-16,0.024912582230277446,0.015462062257395135,0.03487977099656961,0.242277766876688,-0.2064114730328224,1.0,1.0986122886681098,1.3862943611198906
최저임금,2020-11-30/2020-12-06,2020-12-02,5,4,-1.0,0.0,0.0,1.0,-2.06058,KOSPI,2020-12-02,-0.0005647759599370916,0.020534200724189922,0.036962277783986676,0.2896337606268311,0.16094519455992332,1.0,1.3862943611198906,1.6094379124341003
최저임금,2020-12-21/2020-12-27,2020-12-21,4,3,-1.0,0.0,0.0,1.0,-1.97445,KOSPI,2020-12-21,-0.01073818657171389,-0.018459862253491496,0.003788121576863811,0.17355252988062375,-0.005982920898218664,1.0,1.0986122886681098,1.3862943611198906
최저임금,2020-12-28/2021-01-03,2020-12-28,10,7,-0.4047619047619047,0.4164965639175215,0.0,0.4,-0.22250000000000006,KOSPI,2020-12-28,0.0016282934370521942,0.00015641464083553927,0.04241350282243252,0.011192560367572213,0.17027631549226646,0.4047619047619047,1.9459101490553132,2.302585092994046
최저임금,2021-01-25/2021-01-31,2021-01-27,3,3,-0.6666666666666666,0.4714045207910317,0.0,0.6666666666666666,-0.4309999999999999,KOSPI,2021-01-27,0.0009323867552619332,-0.028780211891206685,-0.020233459324168663,-0.10824978083887515,0.557446483201601,0.6666666666666666,1.0986122886681098,1.0986122886681098
최저임금,2021-02-01/2021-02-07,2021-02-03,3,3,-0.3333333333333333,0.4714045207910317,0.0,0.3333333333333333,-0.125,KOSPI,2021-02-03,-0.025899123582039888,-0.008057503909023054,-0.014149480973216064,-0.059584372332865954,-0.19430322276508735,0.3333333333333333,1.0986122886681098,1.0986122886681098
최저임금,2021-02-22/2021-02-28,2021-02-22,5,4,-0.125,0.739509972887452,0.2,0.4,-0.08742000000000005,KOSPI,2021-02-22,-0.011255563829735572,-0.01763631124471421,-0.03592343361707773,0.4400173469691566,0.4593052240792011,0.125,1.3862943611198906,1.6094379124341003
최저임금,2021-03-01/2021-03-07,2021-03-03,12,7,-0.6428571428571429,0.3499271061118826,0.0,0.5833333333333334,-1.1298166666666667,KOSPI,2021-03-03,-0.024057695228722645,-0.005438937900704016,-0.04474051604943544,0.21461351297156916,-0.48851524719616457,0.6428571428571429,1.9459101490553132,2.4849066497880004
최저임금,2021-07-26/2021-08-01,2021-08-01,4,4,-1.0,0.0,0.0,1.0,-1.750425,KOSPI,2021-08-02,-0.01843126360113103,0.009878095791951627,0.015205527715953484,-0.7325449761247178,-0.10044378468090458,1.0,1.3862943611198906,1.3862943611198906
최저임금,2021-08-02/2021-08-08,2021-08-05,9,8,-0.375,0.4841229182759271,0.0,0.3333333333333333,-0.4837777777777777,KOSPI,2021-08-05,0.011697266953301535,-0.003799379944579867,-0.0243684581186404,-0.5007737248251107,-1.0883997171529354,0.375,2.0794415416798357,2.1972245773362196
최저임금,2021-08-09/2021-08-15,2021-08-09,8,4,0.125,0.739509972887452,0.5,0.375,0.32619999999999993,KOSPI,2021-08-09,0.01966067470700997,-0.008918091176347112,-0.04131843461402604,-0.6104210687393685,-0.6000279926511873,0.125,1.3862943611198906,2.0794415416798357
최저임금,2021-08-30/2021-09-05,2021-09-05,9,7,-0.7142857142857143,0.4517539514526256,0.1111111111111111,0.7777777777777778,-1.2217222222222222,KOSPI,2021-09-06,0.021414584826152945,-0.004268847191184443,-0.02300023002899793,-0.3137966632872775,0.0032684404336261463,0.7142857142857143,1.9459101490553132,2.1972245773362196
최저임금,2021-12-13/2021-12-19,2021-12-14,6,4,-0.375,0.414578098794425,0.0,0.3333333333333333,-1.0443833333333334,KOSPI,2021-12-14,0.014708214326566141,-0.0020429543073790836,-0.00257504691135905,-0.36727305855263737,-0.03327723630810207,0.375,1.3862943611198906,1.791759469228055
최저임금,2021-12-20/2021-12-26,2021-12-26,3,3,0.0,0.816496580927726,0.3333333333333333,0.3333333333333333,0.38443333333333335,KOSPI,2021-12-27,0.0021666231366296576,0.004111293284582722,-0.014965137849496036,-0.18407698772417014,-0.36778419398032014,0.0,1.0986122886681098,1.0986122886681098
최저임금,2021-12-27/2022-01-02,2021-12-31,7,3,-0.16666666666666666,0.23570226039551584,0.0,0.2857142857142857,-0.23065714285714284,KOSPI,2022-01-04,-0.0029437387549741643,-0.006376190567742186,-0.012178552227473959,0.1674027629100454,0.007776403199566838,0.16666666666666666,1.0986122886681098,1.9459101490553132
최저임금,2022-01-17/2022-01-23,2022-01-22,4,3,0.5,0.408248290463863,0.5,0.0,0.959625,KOSPI,2022-01-24,-0.026375523389779477,-0.03902148796156155,-0.03961246223395466,-0.07002767158564893,0.8479212023344016,0.5,1.0986122886681098,1.3862943611198906
최저임금,2022-01-31/2022-02-06,2022-02-03,5,3,-0.3333333333333333,0.23570226039551584,0.0,0.4,-1.5208400000000002,KOSPI,2022-02-03,-0.0565192119382365,0.0341487866777231,0.045582410851458505,-0.19772293762021143,-0.15885481560187487,0.3333333333333333,1.0986122886681098,1.6094379124341003
최저임금,2022-02-07/2022-02-13,2022-02-11,6,6,0.16666666666666666,0.6871842709362769,0.3333333333333333,0.16666666666666666,-0.7315333333333335,KOSPI,2022-02-11,0.029820661182327,-0.021965218473550784,-0.0019955930086459446,0.026353724410697055,0.26571396987336166,0.16666666666666666,1.791759469228055,1.791759469228055
최저임금,2022-02-14/2022-02-20,2022-02-15,3,3,-0.3333333333333333,0.9428090415820634,0.3333333333333333,0.6666666666666666,-1.0873333333333333,KOSPI,2022-02-15,-0.007778494773529028,0.012289990480106433,0.009508854426571789,-0.004805306145277299,0.1646991684082786,0.3333333333333333,1.0986122886681098,1.0986122886681098
최저임금,2022-02-28/2022-03-06,2022-03-05,3,3,-0.3333333333333333,0.4714045207910317,0.0,0.3333333333333333,0.5109333333333334,KOSPI,2022-03-07,0.030767509780872514,-0.031251517948443316,-0.026166282362205848,0.10992771535499912,0.29121127738433233,0.3333333333333333,1.0986122886681098,1.0986122886681098
최저임금,2022-07-18/2022-07-24,2022-07-20,3,3,-0.6666666666666666,0.4714045207910317,0.0,0.6666666666666666,-0.8869333333333334,KOSPI,2022-07-20,0.03131318690910276,0.019410309784254683,0.028822036942451848,-0.7708148626377866,-0.846419342903645,0.6666666666666666,1.0986122886681098,1.0986122886681098
최저임금,2022-07-25/2022-07-31,2022-07-26,4,4,-0.5,0.5,0.0,0.5,-0.333175,KOSPI,2022-07-26,0.018456743991940895,0.007503746021535399,0.022660137041186294,-0.4915821042999724,-1.0153680932475024,0.5,1.3862943611198906,1.3862943611198906
최저임금,2022-08-01/2022-08-07,2022-08-05,12,8,-0.2916666666666667,0.42287048187884246,0.0,0.25,-0.23720833333333335,KOSPI,2022-08-05,0.021480142057292845,0.010466260818451619,0.029322584181048154,-0.28344513081173517,-0.4386192868554591,0.2916666666666667,2.0794415416798357,2.4849066497880004
최저임금,2022-08-08/2022-08-14,2022-08-09,5,3,-0.4444444444444444,0.41573970964154905,0.0,0.4,-1.07168,KOSPI,2022-08-09,0.022341255338766432,-0.0025720967311180683,0.016430150941021893,-0.13662839232780577,-0.3486142491983583,0.4444444444444444,1.0986122886681098,1.6094379124341003
최저임금,2022-08-15/2022-08-21,2022-08-16,4,4,-0.5,0.5,0.0,0.5,-0.42610000000000003,KOSPI,2022-08-16,0.019789546381514755,-0.002606558431136777,-0.03138587078832273,-0.2613306367668091,-0.8985911117700401,0.5,1.3862943611198906,1.3862943611198906
최저임금,2022-08-22/2022-08-28,2022-08-22,4,3,0.0,0.0,0.0,0.0,-0.38067500000000004,KOSPI,2022-08-22,-0.008360554654620924,-0.02154726366259965,-0.02150738087320765,-0.12646100166960572,0.02243747911697345,0.0,1.0986122886681098,1.3862943611198906
최저임금,2022-08-29/2022-09-04,2022-09-01,6,5,-0.6,0.48989794855663565,0.0,0.6666666666666666,-1.02165,KOSPI,2022-09-01,0.011976350566543623,-0.02476866739558755,-0.03388519412164495,-0.07384602230753501,-0.17285268831795442,0.6,1.6094379124341003,1.791759469228055
최저임금,2022-09-05/2022-09-11,2022-09-05,7,3,-0.3333333333333333,0.23570226039551584,0.0,0.42857142857142855,-0.7625142857142858,KOSPI,2022-09-05,-0.026011983816596886,0.0013333790682071062,0.004655369093409717,-0.305839014711518,0.2351936630507578,0.3333333333333333,1.0986122886681098,1.9459101490553132
최저임금,2022-11-21/2022-11-27,2022-11-22,6,5,0.0,0.6324555320336759,0.16666666666666666,0.3333333333333333,-0.3630833333333334,KOSPI,2022-11-22,-0.018369907744396636,0.0010208762209446857,0.010747895748889257,-0.04835438934343905,-0.36015472349794153,0.0,1.6094379124341003,1.791759469228055
최저임금,2022-12-26/2023-01-01,2022-12-26,4,4,0.0,0.0,0.0,0.0,0.05045000000000002,KOSPI,2022-12-26,-0.021490252413614512,0.007468046651052654,-0.043777804774358234,-0.29484735165236664,0.019324101621481668,0.0,1.3862943611198906,1.3862943611198906
최저임금,2023-01-02/2023-01-08,2023-01-05,4,4,0.25,0.4330127018922193,0.25,0.0,0.661975,KOSPI,2023-01-05,-0.03348904073483765,0.01477993804866492,0.046922974337301956,-0.31952399300623213,-0.11578226810124581,0.25,1.3862943611198906,1.3862943611198906
최저임금,2023-01-09/2023-01-15,2023-01-10,3,3,-0.6666666666666666,0.4714045207910317,0.0,0.6666666666666666,-1.2949,KOSPI,2023-01-10,0.05501482456233172,0.003981598458965509,0.012476514321120227,-0.18086463049722923,-0.5735787368705997,0.6666666666666666,1.0986122886681098,1.0986122886681098
최저임금,2023-02-20/2023-02-26,2023-02-20,4,4,-1.0,0.0,0.0,1.0,-2.376125,KOSPI,2023-02-20,-0.008094802190564233,0.0027744987686931857,-0.020925948292077244,-0.032947778901196045,-0.15428864409835125,1.0,1.3862943611198906,1.3862943611198906
최저임금,2023-02-27/2023-03-05,2023-03-03,7,4,0.0,0.0,0.14285714285714285,0.14285714285714285,-0.2148714285714286,KOSPI,2023-03-03,0.0035250206352441874,0.013980350245018234,-0.014523960572590597,-0.09223455874774977,-0.13183225397547368,0.0,1.3862943611198906,1.9459101490553132
최저임금,2023-07-31/2023-08-06,2023-07-31,8,6,-0.4166666666666667,0.44876373392787533,0.0,0.5,-1.49075,KOSPI,2023-07-31,-0.003167633284661255,0.021282737886626678,-0.013644220122345665,-0.13686516377097746,0.5192731802925431,0.4166666666666667,1.791759469228055,2.0794415416798357
최저임금,2023-08-07/2023-08-13,2023-08-07,5,5,0.0,0.8944271909999159,0.4,0.4,-0.6095000000000002,KOSPI,2023-08-07,-0.0044611409190434175,-0.012159817488597386,-0.01538616522523666,-0.11966540202525344,0.08629332930237207,0.0,1.6094379124341003,1.6094379124341003
최저임금,2023-08-14/2023-08-20,2023-08-16,5,3,-0.5,0.408248290463863,0.0,0.6,-0.6467200000000001,KOSPI,2023-08-16,-0.007024357212691001,-0.021213817163977442,-0.029548803515083627,0.08798677018993217,0.007919451555168142,0.5,1.0986122886681098,1.6094379124341003
최저임금,2023-08-21/2023-08-27,2023-08-24,3,3,0.0,0.816496580927726,0.3333333333333333,0.3333333333333333,0.2741333333333335,KOSPI,2023-08-24,-0.01106064281892303,0.004302069574902069,0.016522393719890904,-0.16714394475229888,-0.07657811743813547,0.0,1.0986122886681098,1.0986122886681098
최저임금,2023-08-28/2023-09-03,2023-08-29,4,4,-0.25,0.4330127018922193,0.0,0.25,0.032125000000000015,KOSPI,2023-08-29,0.011403292383735941,0.006004364035192156,0.012222311010988869,-0.31906245712172243,-0.7949019741714958,0.25,1.3862943611198906,1.3862943611198906
최저임금,2025-07-07/2025-07-13,2025-07-12,9,6,-0.6666666666666666,0.4714045207910317,0.1111111111111111,0.6666666666666666,-0.7984444444444443,KOSPI,2025-07-14,0.030018418945725097,0.0086884672334131,-7.097040872769845e-05,-0.05830001158694387,-0.4146320334887928,0.6666666666666666,1.791759469228055,2.1972245773362196
최저임금,2025-07-14/2025-07-20,2025-07-14,5,4,-0.5,0.5,0.0,0.6,-0.55412,KOSPI,2025-07-14,0.030018418945725097,0.0086884672334131,-7.097040872769845e-05,-0.05830001158694387,-0.4146320334887928,0.5,1.3862943611198906,1.6094379124341003
최저임금,2025-07-28/2025-08-03,2025-07-28,3,3,0.3333333333333333,0.9428090415820634,0.6666666666666666,0.3333333333333333,-0.05140000000000011,KOSPI,2025-07-28,-0.008060580624132816,0.006500884324327173,-0.027168226493572284,-0.22845266200694248,0.5851421099852359,0.3333333333333333,1.0986122886681098,1.0986122886681098
최저임금,2025-08-04/2025-08-10,2025-08-05,10,9,0.0,0.4714045207910317,0.1,0.1,0.8460399999999998,KOSPI,2025-08-05,-0.02999270833977009,0.011436787406375323,-0.00020955753704231424,-0.4760346622547136,-0.18765183660121615,0.0,2.1972245773362196,2.302585092994046
최저임금,2025-09-01/2025-09-07,2025-09-05,10,4,-0.024999999999999994,0.3191786333700926,0.2,0.1,0.39507000000000003,KOSPI,2025-09-05,-0.007928780352519817,0.0020548348691214737,0.04803629083504823,-0.23748806243622766,-0.5834764940075867,0.024999999999999994,1.3862943611198906,2.302585092994046
최저임금,2025-11-03/2025-11-09,2025-11-03,4,3,-0.6666666666666666,0.4714045207910317,0.25,0.75,-0.8117749999999999,KOSPI,2025-11-03,0.02408603038934955,-0.002940091576819924,-0.027870938358016066,0.29690320063881614,0.7557809230952225,0.6666666666666666,1.0986122886681098,1.3862943611198906
최저임금,2025-12-08/2025-12-14,2025-12-09,6,4,-0.4166666666666667,0.5951190357119042,0.16666666666666666,0.3333333333333333,0.49996666666666667,KOSPI,2025-12-09,0.04514997867598816,-0.010150538650239254,-0.05375992570650526,-0.010253223956642188,-0.29207467357922906,0.4166666666666667,1.3862943611198906,1.791759469228055
최저임금,2025-12-29/2026-01-04,2025-12-31,8,5,0.2,0.24494897427831783,0.25,0.0,1.024925,KOSPI,2026-01-02,0.012493853955429656,0.051454168324786956,0.06906986122894569,0.13566131029361372,-0.3359699858500491,0.2,1.6094379124341003,2.0794415416798357
최저임금,2026-01-19/2026-01-25,2026-01-23,4,3,-0.3333333333333333,0.9428090415820634,0.5,0.5,0.18610000000000004,KOSPI,2026-01-23,0.015327547694218626,-0.007191902076611509,0.034071606444610866,0.2482810518738532,-0.3446685930958434,0.3333333333333333,1.0986122886681098,1.3862943611198906
환율_달러,2016-08-22/2016-08-28,2016-08-24,13,4,0.375,0.414578098794425,0.23076923076923078,0.0,0.28965384615384615,KOSPI,2016-08-24,-0.00164757656372821,-0.004523136387141344,-0.010767699954146932,-0.4041713707915786,-1.1748609675283408,0.375,1.3862943611198906,2.5649493574615367
환율_달러,2016-08-29/2016-09-04,2016-08-29,27,9,-0.2222222222222222,0.41573970964154905,0.07407407407407407,0.14814814814814814,-0.03128518518518516,KOSPI,2016-08-29,-0.011345880180634392,0.0002168532273624838,0.008419901638173752,-0.12192545619266326,-0.4907502409879511,0.2222222222222222,2.1972245773362196,3.295836866004329
환율_달러,2016-09-05/2016-09-11,2016-09-05,7,5,0.2,0.4000000000000001,0.14285714285714285,0.0,-0.17881428571428568,KOSPI,2016-09-05,-0.0016122692198476127,0.013000587189322135,-0.025268541705633692,0.3645786624492331,0.39882728201637146,0.2,1.6094379124341003,1.9459101490553132
환율_달러,2017-02-13/2017-02-19,2017-02-17,6,3,0.6666666666666666,0.4714045207910317,0.3333333333333333,0.0,0.3786,KOSPI,2017-02-17,0.007140199681572637,0.000994095527949114,0.005249383555092843,-0.15688290184493425,-0.11231243817673602,0.6666666666666666,1.0986122886681098,1.791759469228055
환율_달러,2017-02-20/2017-02-26,2017-02-23,19,5,-0.2857142857142857,0.6077727824623613,0.21052631578947367,0.21052631578947367,-0.08422631578947365,KOSPI,2017-02-23,0.010060419266729289,-0.006262184943233223,-0.01420992684754777,0.09133292715600128,0.16301562344758908,0.2857142857142857,1.6094379124341003,2.9444389791664403
환율_달러,2017-02-27/2017-03-05,2017-02-28,20,7,-0.2619047619047619,0.5183700251685057,0.2,0.4,-0.06864499999999998,KOSPI,2017-02-28,-0.00051823370282153,0.007746143254056488,0.0034772690660658636,0.16424349147457384,0.17522376597930228,0.2619047619047619,1.9459101490553132,2.995732273553991
환율_달러,2017-08-28/2017-09-03,2017-08-28,26,5,-0.026495726495726502,0.5587573744406912,0.11538461538461539,0.34615384615384615,-0.6028384615384615,KOSPI,2017-08-28,0.0031951022818568747,-0.00792851348087943,-0.027054265987937594,-0.2285624054996518,-0.16024140275366255,0.026495726495726502,1.6094379124341003,3.258096538021482
환율_달러,2017-09-04/2017-09-10,2017-09-04,9,5,-0.7,0.4,0.0,0.7777777777777778,-1.0936222222222223,KOSPI,2017-09-04,-0.014330834035663684,-0.015418662736659892,-0.005923433553974878,-0.10646968608465457,0.2750499719287308,0.7,1.6094379124341003,2.1972245773362196
환율_달러,2018-02-19/2018-02-25,2018-02-20,16,3,0.08333333333333333,0.1800205749557739,0.0625,0.0625,-0.16654999999999998,KOSPI,2018-02-20,0.010654938747477789,-0.006993579570390942,0.0006505300774443702,0.12503816115265565,0.2676821293981063,0.08333333333333333,1.0986122886681098,2.772588722239781
환율_달러,2018-02-26/2018-03-04,2018-02-28,11,4,-0.16666666666666669,0.49999999999999994,0.09090909090909091,0.09090909090909091,0.25247272727272724,KOSPI,2018-02-28,0.01709732248399391,-0.0220607370966949,-0.008922146704525395,-0.08591810738980676,0.3438746417514698,0.16666666666666669,1.3862943611198906,2.3978952727983707
환율_달러,2018-08-27/2018-09-02,2018-08-31,21,4,0.39880952380952384,0.6082797478962129,0.42857142857142855,0.3333333333333333,0.07321904761904757,KOSPI,2018-08-31,0.013797230096381672,0.00110459840496717,-0.007527337845149392,-0.3993474023964776,-0.22125944719583454,0.39880952380952384,1.3862943611198906,3.044522437723423
환율_달러,2018-09-03/2018-09-09,2018-09-04,6,3,0.08333333333333333,0.7168604389202189,0.16666666666666666,0.5,-0.31183333333333335,KOSPI,2018-09-04,0.007341254671679155,-0.005001954830951077,-0.005588362119670733,-0.08208138002410337,-0.436097140003079,0.08333333333333333,1.0986122886681098,1.791759469228055
환율_달러,2019-02-18/2019-02-24,2019-02-20,12,3,-0.4444444444444444,0.41573970964154905,0.0,0.4166666666666667,-0.6001666666666666,KOSPI,2019-02-20,0.007717122020400348,0.01069930170532224,0.013962057429195218,-0.009366850465378107,-0.6071840950258355,0.4444444444444444,1.0986122886681098,2.4849066497880004
환율_달러,2019-02-25/2019-03-03,2019-02-28,18,6,-0.2708333333333333,0.5323721807991932,0.2777777777777778,0.2777777777777778,0.4358999999999999,KOSPI,2019-02-28,0.004067597943422031,-0.019063986963465528,-0.04210386142563018,-0.03642132014040378,-0.2773888485829273,0.2708333333333333,1.791759469228055,2.8903717578961645
환율_달러,2019-08-26/2019-09-01,2019-08-26,17,6,-0.19999999999999998,0.8266397845091497,0.4117647058823529,0.35294117647058826,0.2114999999999999,KOSPI,2019-08-26,0.016826614281307703,-0.009766272256068258,0.017993068152219426,-0.4790857417451768,0.3412898391963524,0.19999999999999998,1.791759469228055,2.833213344056216
환율_달러,2019-09-02/2019-09-08,2019-09-02,15,6,-0.626984126984127,0.39499578216283504,0.13333333333333333,0.6666666666666666,-1.0929333333333335,KOSPI,2019-09-02,0.014858995206219886,0.0007575851100851743,0.03155199848216982,-0.5896177960320941,-0.501344526209633,0.626984126984127,1.791759469228055,2.70805020110221
환율_달러,2020-02-17/2020-02-23,2020-02-21,7,3,0.06666666666666665,0.8219218670625302,0.2857142857142857,0.14285714285714285,0.5851428571428572,KOSPI,2020-02-21,-0.023073050493479498,-0.056141415710681236,-0.10569188204407842,0.6072657556286707,0.561696481500201,0.06666666666666665,1.0986122886681098,1.9459101490553132
환율_달러,2020-02-24/2020-03-01,2020-02-24,32,6,-0.48148148148148145,0.3871212029697569,0.28125,0.65625,-0.46946875,KOSPI,2020-02-24,-0.043129556611419526,-0.029615629936650713,-0.08351950564471465,0.6517057514515141,0.6884862717206977,0.48148148148148145,1.791759469228055,3.4657359027997265
환율_달러,2020-03-02/2020-03-08,2020-03-02,17,7,0.5904761904761904,0.6145625068533973,0.47058823529411764,0.11764705882352941,0.20233529411764706,KOSPI,2020-03-02,-0.08937930236665104,0.011163833806526788,-0.022194447091983135,-0.022062128313709906,0.871684091088905,0.5904761904761904,1.9459101490553132,2.833213344056216
환율_달러,2020-08-24/2020-08-30,2020-08-24,13,3,-0.393939393939394,0.434930305891131,0.07692307692307693,0.3076923076923077,-0.32077692307692307,KOSPI,2020-08-24,-0.06371026532965668,0.02327017925291288,-0.0009223049095984561,-0.07768285790310436,-0.26670215718230317,0.393939393939394,1.0986122886681098,2.5649493574615367
환율_달러,2020-08-31/2020-09-06,2020-09-02,18,7,-0.35714285714285715,0.7150789246514859,0.2222222222222222,0.3888888888888889,-0.44603888888888893,KOSPI,2020-09-02,-0.016523361296707367,0.015874372732959635,9.326580090190245e-05,0.41346340846805774,-0.3330626340990259,0.35714285714285715,1.9459101490553132,2.8903717578961645
환율_달러,2021-02-15/2021-02-21,2021-02-18,17,5,-0.08666666666666667,0.12927146286443544,0.058823529411764705,0.17647058823529413,-0.48073529411764704,KOSPI,2021-02-18,-1.6597870698241077e-05,-0.013770628472933297,-0.026460316753135496,0.652431222634636,0.34785761874302534,0.08666666666666667,1.6094379124341003,2.833213344056216
환율_달러,2021-02-22/2021-02-28,2021-02-26,23,4,-0.6397058823529411,0.39260850218272036,0.13043478260869565,0.391304347826087,-0.8047565217391304,KOSPI,2021-02-26,-0.007522742080997263,-0.022803067493030224,-0.048551403345796676,0.36309804106852184,0.023523692491781132,0.6397058823529411,1.3862943611198906,3.1354942159291497
환율_달러,2021-03-01/2021-03-07,2021-03-03,11,4,-0.5357142857142857,0.4670248868079293,0.09090909090909091,0.36363636363636365,-0.8752727272727271,KOSPI,2021-03-03,-0.024057695228722645,-0.005438937900704016,-0.04474051604943544,0.21461351297156916,-0.48851524719616457,0.5357142857142857,1.3862943611198906,2.3978952727983707
